policy,subject,trial,true_label,decoded,confidence,abstained,correct,unsafe_action,intent,latency_ms,trial_duration_s
Policy_A_Direct,1,1,1,1,0.7908,False,True,False,CLASS_1,197.676,4.5
Policy_A_Direct,1,2,0,0,0.9728,False,True,False,CLASS_0,2.004,4.5
Policy_A_Direct,1,3,1,1,0.6677,False,True,False,CLASS_1,1.766,4.5
Policy_A_Direct,1,4,0,0,0.953,False,True,False,CLASS_0,1.639,4.5
Policy_A_Direct,1,5,0,0,0.6687,False,True,False,CLASS_0,2.186,4.5
Policy_A_Direct,1,6,0,1,0.73,False,False,True,CLASS_1,1.654,4.5
Policy_A_Direct,1,7,1,0,0.517,False,False,True,CLASS_0,1.622,4.5
Policy_A_Direct,1,8,0,1,0.6927,False,False,True,CLASS_1,1.597,4.5
Policy_A_Direct,1,9,0,1,0.7141,False,False,True,CLASS_1,2.219,4.5
Policy_A_Direct,1,10,0,0,0.7863,False,True,False,CLASS_0,1.701,4.5
Policy_A_Direct,1,11,1,1,0.9653,False,True,False,CLASS_1,1.796,4.5
Policy_A_Direct,1,12,0,1,0.9406,False,False,True,CLASS_1,1.669,4.5
Policy_A_Direct,1,13,1,1,0.9663,False,True,False,CLASS_1,1.668,4.5
Policy_A_Direct,1,14,0,0,0.669,False,True,False,CLASS_0,1.97,4.5
Policy_A_Direct,1,15,1,1,0.9188,False,True,False,CLASS_1,1.67,4.5
Policy_A_Direct,1,16,0,0,0.9964,False,True,False,CLASS_0,1.644,4.5
Policy_A_Direct,1,17,0,0,0.879,False,True,False,CLASS_0,1.64,4.5
Policy_A_Direct,1,18,0,0,0.7073,False,True,False,CLASS_0,1.664,4.5
Policy_A_Direct,1,19,0,1,0.8996,False,False,True,CLASS_1,1.698,4.5
Policy_A_Direct,1,20,0,0,0.9215,False,True,False,CLASS_0,1.69,4.5
Policy_A_Direct,1,21,1,1,0.8967,False,True,False,CLASS_1,1.682,4.5
Policy_A_Direct,1,22,1,1,0.9868,False,True,False,CLASS_1,1.711,4.5
Policy_A_Direct,1,23,1,1,0.8605,False,True,False,CLASS_1,1.618,4.5
Policy_A_Direct,1,24,0,1,0.8295,False,False,True,CLASS_1,2.312,4.5
Policy_A_Direct,1,25,1,1,0.9796,False,True,False,CLASS_1,1.711,4.5
Policy_A_Direct,1,26,1,1,0.9274,False,True,False,CLASS_1,1.695,4.5
Policy_A_Direct,1,27,1,1,0.8481,False,True,False,CLASS_1,1.616,4.5
Policy_A_Direct,1,28,1,1,0.9872,False,True,False,CLASS_1,1.664,4.5
Policy_A_Direct,1,29,0,0,0.8687,False,True,False,CLASS_0,1.675,4.5
Policy_A_Direct,1,30,1,0,0.8832,False,False,True,CLASS_0,1.677,4.5
Policy_A_Direct,1,31,1,1,0.9461,False,True,False,CLASS_1,1.645,4.5
Policy_A_Direct,1,32,1,1,0.8058,False,True,False,CLASS_1,1.66,4.5
Policy_A_Direct,1,33,0,0,0.9428,False,True,False,CLASS_0,1.682,4.5
Policy_A_Direct,1,34,0,0,0.9307,False,True,False,CLASS_0,1.813,4.5
Policy_A_Direct,1,35,1,1,0.9726,False,True,False,CLASS_1,1.806,4.5
Policy_A_Direct,1,36,1,1,0.9138,False,True,False,CLASS_1,1.765,4.5
Policy_A_Direct,1,37,0,0,0.6187,False,True,False,CLASS_0,1.787,4.5
Policy_A_Direct,1,38,1,1,0.8927,False,True,False,CLASS_1,1.79,4.5
Policy_A_Direct,1,39,0,0,0.5685,False,True,False,CLASS_0,1.8,4.5
Policy_A_Direct,1,40,1,1,0.9939,False,True,False,CLASS_1,1.788,4.5
Policy_A_Direct,1,41,1,1,0.9338,False,True,False,CLASS_1,1.758,4.5
Policy_A_Direct,1,42,0,1,0.9509,False,False,True,CLASS_1,1.769,4.5
Policy_A_Direct,1,43,0,1,0.6216,False,False,True,CLASS_1,1.864,4.5
Policy_A_Direct,1,44,1,0,0.7745,False,False,True,CLASS_0,1.818,4.5
Policy_A_Direct,1,45,0,1,0.6381,False,False,True,CLASS_1,1.794,4.5
Policy_A_Direct,1,46,0,0,0.6173,False,True,False,CLASS_0,1.816,4.5
Policy_A_Direct,1,47,0,0,0.6234,False,True,False,CLASS_0,1.812,4.5
Policy_A_Direct,1,48,1,1,0.8235,False,True,False,CLASS_1,1.83,4.5
Policy_A_Direct,1,49,0,1,0.7478,False,False,True,CLASS_1,1.819,4.5
Policy_A_Direct,1,50,0,0,0.9733,False,True,False,CLASS_0,1.832,4.5
Policy_A_Direct,1,51,1,1,0.6756,False,True,False,CLASS_1,1.866,4.5
Policy_A_Direct,1,52,1,1,0.9916,False,True,False,CLASS_1,1.921,4.5
Policy_A_Direct,1,53,1,1,0.9216,False,True,False,CLASS_1,1.838,4.5
Policy_A_Direct,1,54,0,0,0.6203,False,True,False,CLASS_0,1.911,4.5
Policy_A_Direct,1,55,1,0,0.5154,False,False,True,CLASS_0,1.919,4.5
Policy_A_Direct,1,56,1,0,0.5101,False,False,True,CLASS_0,1.907,4.5
Policy_A_Direct,1,57,1,1,0.9162,False,True,False,CLASS_1,1.937,4.5
Policy_A_Direct,1,58,0,1,0.8283,False,False,True,CLASS_1,2.009,4.5
Policy_A_Direct,1,59,1,1,0.7509,False,True,False,CLASS_1,1.946,4.5
Policy_A_Direct,1,60,0,1,0.9509,False,False,True,CLASS_1,2.091,4.5
Policy_A_Direct,1,61,1,1,0.8864,False,True,False,CLASS_1,2.023,4.5
Policy_A_Direct,1,62,0,0,0.8737,False,True,False,CLASS_0,2.033,4.5
Policy_A_Direct,1,63,1,1,0.9459,False,True,False,CLASS_1,1.962,4.5
Policy_A_Direct,1,64,1,1,0.6641,False,True,False,CLASS_1,2.009,4.5
Policy_A_Direct,1,65,1,0,0.5746,False,False,True,CLASS_0,2.037,4.5
Policy_A_Direct,1,66,0,0,0.7294,False,True,False,CLASS_0,2.045,4.5
Policy_A_Direct,1,67,0,0,0.8594,False,True,False,CLASS_0,2.135,4.5
Policy_A_Direct,1,68,0,0,0.9193,False,True,False,CLASS_0,2.137,4.5
Policy_A_Direct,1,69,0,0,0.9869,False,True,False,CLASS_0,2.106,4.5
Policy_A_Direct,1,70,0,1,0.5663,False,False,True,CLASS_1,2.123,4.5
Policy_A_Direct,1,71,1,0,0.7268,False,False,True,CLASS_0,2.14,4.5
Policy_A_Direct,1,72,1,1,0.9626,False,True,False,CLASS_1,2.132,4.5
Policy_A_Direct,1,73,1,1,0.9633,False,True,False,CLASS_1,2.194,4.5
Policy_A_Direct,1,74,0,0,0.9095,False,True,False,CLASS_0,2.125,4.5
Policy_A_Direct,1,75,0,0,0.7293,False,True,False,CLASS_0,2.286,4.5
Policy_A_Direct,1,76,1,0,0.5682,False,False,True,CLASS_0,2.33,4.5
Policy_A_Direct,1,77,1,0,0.5798,False,False,True,CLASS_0,2.375,4.5
Policy_A_Direct,1,78,0,0,0.7337,False,True,False,CLASS_0,2.235,4.5
Policy_A_Direct,1,79,0,0,0.9848,False,True,False,CLASS_0,2.296,4.5
Policy_A_Direct,1,80,1,1,0.911,False,True,False,CLASS_1,2.45,4.5
Policy_A_Direct,1,81,1,1,0.9731,False,True,False,CLASS_1,2.379,4.5
Policy_A_Direct,1,82,1,1,0.8257,False,True,False,CLASS_1,2.426,4.5
Policy_A_Direct,1,83,1,1,0.673,False,True,False,CLASS_1,2.365,4.5
Policy_A_Direct,1,84,0,0,0.9929,False,True,False,CLASS_0,2.369,4.5
Policy_A_Direct,1,85,1,1,0.7664,False,True,False,CLASS_1,2.385,4.5
Policy_A_Direct,1,86,0,0,0.655,False,True,False,CLASS_0,2.321,4.5
Policy_A_Direct,1,87,0,0,0.9238,False,True,False,CLASS_0,2.38,4.5
Policy_A_Direct,1,88,1,0,0.6621,False,False,True,CLASS_0,2.357,4.5
Policy_A_Direct,1,89,1,1,0.9863,False,True,False,CLASS_1,2.428,4.5
Policy_A_Direct,1,90,0,1,0.7888,False,False,True,CLASS_1,2.367,4.5
Policy_A_Direct,1,91,0,0,0.86,False,True,False,CLASS_0,2.363,4.5
Policy_A_Direct,1,92,0,1,0.6698,False,False,True,CLASS_1,2.349,4.5
Policy_A_Direct,1,93,0,0,0.866,False,True,False,CLASS_0,2.308,4.5
Policy_A_Direct,1,94,0,1,0.7262,False,False,True,CLASS_1,2.341,4.5
Policy_A_Direct,1,95,0,0,0.8413,False,True,False,CLASS_0,2.388,4.5
Policy_A_Direct,1,96,0,0,0.898,False,True,False,CLASS_0,2.357,4.5
Policy_A_Direct,1,97,1,1,0.9467,False,True,False,CLASS_1,2.381,4.5
Policy_A_Direct,1,98,1,1,0.9793,False,True,False,CLASS_1,2.376,4.5
Policy_A_Direct,1,99,1,0,0.7058,False,False,True,CLASS_0,2.413,4.5
Policy_A_Direct,1,100,1,1,0.8234,False,True,False,CLASS_1,2.33,4.5
Policy_A_Direct,1,101,1,1,0.7196,False,True,False,CLASS_1,2.355,4.5
Policy_A_Direct,1,102,0,0,0.5082,False,True,False,CLASS_0,2.65,4.5
Policy_A_Direct,1,103,0,1,0.8003,False,False,True,CLASS_1,2.654,4.5
Policy_A_Direct,1,104,1,1,0.9701,False,True,False,CLASS_1,2.59,4.5
Policy_A_Direct,1,105,0,1,0.6024,False,False,True,CLASS_1,2.442,4.5
Policy_A_Direct,1,106,0,0,0.8676,False,True,False,CLASS_0,2.141,4.5
Policy_A_Direct,1,107,1,1,0.9706,False,True,False,CLASS_1,2.151,4.5
Policy_A_Direct,1,108,0,0,0.9097,False,True,False,CLASS_0,2.354,4.5
Policy_A_Direct,1,109,0,0,0.5006,False,True,False,CLASS_0,2.17,4.5
Policy_A_Direct,1,110,0,0,0.8253,False,True,False,CLASS_0,2.302,4.5
Policy_A_Direct,1,111,0,0,0.8405,False,True,False,CLASS_0,2.406,4.5
Policy_A_Direct,1,112,1,1,0.8379,False,True,False,CLASS_1,2.239,4.5
Policy_A_Direct,1,113,1,1,0.9839,False,True,False,CLASS_1,2.204,4.5
Policy_A_Direct,1,114,1,0,0.6002,False,False,True,CLASS_0,2.221,4.5
Policy_A_Direct,1,115,1,1,0.9285,False,True,False,CLASS_1,2.324,4.5
Policy_A_Direct,1,116,1,1,0.7553,False,True,False,CLASS_1,2.214,4.5
Policy_A_Direct,1,117,0,0,0.7485,False,True,False,CLASS_0,2.19,4.5
Policy_A_Direct,1,118,1,1,0.995,False,True,False,CLASS_1,2.22,4.5
Policy_A_Direct,1,119,1,1,0.5158,False,True,False,CLASS_1,2.144,4.5
Policy_A_Direct,1,120,0,0,0.631,False,True,False,CLASS_0,2.952,4.5
Policy_A_Direct,1,121,0,0,0.9906,False,True,False,CLASS_0,3.158,4.5
Policy_A_Direct,1,122,0,1,0.6252,False,False,True,CLASS_1,2.642,4.5
Policy_A_Direct,1,123,0,0,0.8043,False,True,False,CLASS_0,2.703,4.5
Policy_A_Direct,1,124,0,0,0.9813,False,True,False,CLASS_0,2.351,4.5
Policy_A_Direct,1,125,0,0,0.686,False,True,False,CLASS_0,2.797,4.5
Policy_A_Direct,1,126,0,0,0.99,False,True,False,CLASS_0,2.445,4.5
Policy_A_Direct,1,127,1,1,0.7969,False,True,False,CLASS_1,2.396,4.5
Policy_A_Direct,1,128,0,1,0.7142,False,False,True,CLASS_1,2.741,4.5
Policy_A_Direct,1,129,1,0,0.5743,False,False,True,CLASS_0,2.194,4.5
Policy_A_Direct,1,130,0,1,0.8502,False,False,True,CLASS_1,2.126,4.5
Policy_A_Direct,1,131,1,1,0.8531,False,True,False,CLASS_1,2.19,4.5
Policy_A_Direct,1,132,1,0,0.9128,False,False,True,CLASS_0,3.171,4.5
Policy_A_Direct,1,133,0,0,0.9647,False,True,False,CLASS_0,2.161,4.5
Policy_A_Direct,1,134,0,0,0.6824,False,True,False,CLASS_0,2.114,4.5
Policy_A_Direct,1,135,1,0,0.683,False,False,True,CLASS_0,2.67,4.5
Policy_A_Direct,1,136,1,1,0.8495,False,True,False,CLASS_1,2.065,4.5
Policy_A_Direct,1,137,1,1,0.5209,False,True,False,CLASS_1,2.135,4.5
Policy_A_Direct,1,138,1,1,0.8363,False,True,False,CLASS_1,2.143,4.5
Policy_A_Direct,1,139,0,1,0.9606,False,False,True,CLASS_1,2.624,4.5
Policy_A_Direct,1,140,0,1,0.7312,False,False,True,CLASS_1,2.123,4.5
Policy_A_Direct,1,141,0,0,0.6452,False,True,False,CLASS_0,2.393,4.5
Policy_A_Direct,1,142,0,0,0.7372,False,True,False,CLASS_0,2.831,4.5
Policy_A_Direct,1,143,1,1,0.9954,False,True,False,CLASS_1,2.242,4.5
Policy_A_Direct,1,144,0,1,0.7987,False,False,True,CLASS_1,2.363,4.5
Policy_A_Direct,1,145,0,1,0.9091,False,False,True,CLASS_1,2.311,4.5
Policy_A_Direct,1,146,1,1,0.858,False,True,False,CLASS_1,2.311,4.5
Policy_A_Direct,1,147,1,1,0.9997,False,True,False,CLASS_1,2.271,4.5
Policy_A_Direct,1,148,0,1,0.5526,False,False,True,CLASS_1,2.187,4.5
Policy_A_Direct,1,149,0,1,0.7633,False,False,True,CLASS_1,2.216,4.5
Policy_A_Direct,1,150,1,1,0.9262,False,True,False,CLASS_1,2.287,4.5
Policy_A_Direct,1,151,1,1,0.9119,False,True,False,CLASS_1,2.283,4.5
Policy_A_Direct,1,152,1,1,0.9135,False,True,False,CLASS_1,2.237,4.5
Policy_A_Direct,1,153,1,1,0.93,False,True,False,CLASS_1,2.4,4.5
Policy_A_Direct,1,154,1,1,0.9056,False,True,False,CLASS_1,2.169,4.5
Policy_A_Direct,1,155,1,1,1.0,False,True,False,CLASS_1,2.38,4.5
Policy_A_Direct,1,156,1,1,0.8874,False,True,False,CLASS_1,2.375,4.5
Policy_A_Direct,1,157,0,1,0.9804,False,False,True,CLASS_1,2.353,4.5
Policy_A_Direct,1,158,1,1,0.9932,False,True,False,CLASS_1,2.361,4.5
Policy_A_Direct,1,159,1,0,0.816,False,False,True,CLASS_0,2.382,4.5
Policy_A_Direct,1,160,0,1,0.7998,False,False,True,CLASS_1,2.403,4.5
Policy_B_ConfidenceGated,1,1,1,1,0.7908,True,False,False,ABSTAIN,2.251,4.5
Policy_B_ConfidenceGated,1,2,0,0,0.9728,True,False,False,ABSTAIN,1.973,4.5
Policy_B_ConfidenceGated,1,3,1,1,0.6677,True,False,False,ABSTAIN,1.872,4.5
Policy_B_ConfidenceGated,1,4,0,0,0.953,True,False,False,ABSTAIN,1.953,4.5
Policy_B_ConfidenceGated,1,5,0,0,0.6687,True,False,False,ABSTAIN,1.905,4.5
Policy_B_ConfidenceGated,1,6,0,1,0.73,True,False,False,ABSTAIN,1.933,4.5
Policy_B_ConfidenceGated,1,7,1,0,0.517,True,False,False,ABSTAIN,1.884,4.5
Policy_B_ConfidenceGated,1,8,0,1,0.6927,True,False,False,ABSTAIN,2.391,4.5
Policy_B_ConfidenceGated,1,9,0,1,0.7141,True,False,False,ABSTAIN,1.853,4.5
Policy_B_ConfidenceGated,1,10,0,0,0.7863,True,False,False,ABSTAIN,1.864,4.5
Policy_B_ConfidenceGated,1,11,1,1,0.9653,True,False,False,ABSTAIN,1.847,4.5
Policy_B_ConfidenceGated,1,12,0,1,0.9406,False,False,True,CLASS_1,2.221,4.5
Policy_B_ConfidenceGated,1,13,1,1,0.9663,True,False,False,ABSTAIN,1.938,4.5
Policy_B_ConfidenceGated,1,14,0,0,0.669,True,False,False,ABSTAIN,1.914,4.5
Policy_B_ConfidenceGated,1,15,1,1,0.9188,True,False,False,ABSTAIN,1.877,4.5
Policy_B_ConfidenceGated,1,16,0,0,0.9964,True,False,False,ABSTAIN,1.822,4.5
Policy_B_ConfidenceGated,1,17,0,0,0.879,False,True,False,CLASS_0,2.092,4.5
Policy_B_ConfidenceGated,1,18,0,0,0.7073,True,False,False,ABSTAIN,1.951,4.5
Policy_B_ConfidenceGated,1,19,0,1,0.8996,True,False,False,ABSTAIN,1.946,4.5
Policy_B_ConfidenceGated,1,20,0,0,0.9215,True,False,False,ABSTAIN,1.917,4.5
Policy_B_ConfidenceGated,1,21,1,1,0.8967,True,False,False,ABSTAIN,2.525,4.5
Policy_B_ConfidenceGated,1,22,1,1,0.9868,False,True,False,CLASS_1,2.021,4.5
Policy_B_ConfidenceGated,1,23,1,1,0.8605,True,False,False,ABSTAIN,1.971,4.5
Policy_B_ConfidenceGated,1,24,0,1,0.8295,True,False,False,ABSTAIN,2.132,4.5
Policy_B_ConfidenceGated,1,25,1,1,0.9796,True,False,False,ABSTAIN,2.093,4.5
Policy_B_ConfidenceGated,1,26,1,1,0.9274,False,True,False,CLASS_1,2.179,4.5
Policy_B_ConfidenceGated,1,27,1,1,0.8481,True,False,False,ABSTAIN,2.349,4.5
Policy_B_ConfidenceGated,1,28,1,1,0.9872,False,True,False,CLASS_1,2.442,4.5
Policy_B_ConfidenceGated,1,29,0,0,0.8687,True,False,False,ABSTAIN,1.973,4.5
Policy_B_ConfidenceGated,1,30,1,0,0.8832,False,False,True,CLASS_0,1.942,4.5
Policy_B_ConfidenceGated,1,31,1,1,0.9461,True,False,False,ABSTAIN,1.968,4.5
Policy_B_ConfidenceGated,1,32,1,1,0.8058,True,False,False,ABSTAIN,2.396,4.5
Policy_B_ConfidenceGated,1,33,0,0,0.9428,True,False,False,ABSTAIN,1.995,4.5
Policy_B_ConfidenceGated,1,34,0,0,0.9307,False,True,False,CLASS_0,2.092,4.5
Policy_B_ConfidenceGated,1,35,1,1,0.9726,True,False,False,ABSTAIN,2.033,4.5
Policy_B_ConfidenceGated,1,36,1,1,0.9138,False,True,False,CLASS_1,2.359,4.5
Policy_B_ConfidenceGated,1,37,0,0,0.6187,True,False,False,ABSTAIN,2.056,4.5
Policy_B_ConfidenceGated,1,38,1,1,0.8927,True,False,False,ABSTAIN,2.075,4.5
Policy_B_ConfidenceGated,1,39,0,0,0.5685,True,False,False,ABSTAIN,2.065,4.5
Policy_B_ConfidenceGated,1,40,1,1,0.9939,True,False,False,ABSTAIN,2.564,4.5
Policy_B_ConfidenceGated,1,41,1,1,0.9338,False,True,False,CLASS_1,2.001,4.5
Policy_B_ConfidenceGated,1,42,0,1,0.9509,True,False,False,ABSTAIN,2.048,4.5
Policy_B_ConfidenceGated,1,43,0,1,0.6216,True,False,False,ABSTAIN,2.016,4.5
Policy_B_ConfidenceGated,1,44,1,0,0.7745,True,False,False,ABSTAIN,2.385,4.5
Policy_B_ConfidenceGated,1,45,0,1,0.6381,True,False,False,ABSTAIN,2.131,4.5
Policy_B_ConfidenceGated,1,46,0,0,0.6173,True,False,False,ABSTAIN,2.295,4.5
Policy_B_ConfidenceGated,1,47,0,0,0.6234,True,False,False,ABSTAIN,2.427,4.5
Policy_B_ConfidenceGated,1,48,1,1,0.8235,True,False,False,ABSTAIN,2.541,4.5
Policy_B_ConfidenceGated,1,49,0,1,0.7478,True,False,False,ABSTAIN,2.039,4.5
Policy_B_ConfidenceGated,1,50,0,0,0.9733,True,False,False,ABSTAIN,2.216,4.5
Policy_B_ConfidenceGated,1,51,1,1,0.6756,True,False,False,ABSTAIN,2.415,4.5
Policy_B_ConfidenceGated,1,52,1,1,0.9916,True,False,False,ABSTAIN,2.092,4.5
Policy_B_ConfidenceGated,1,53,1,1,0.9216,False,True,False,CLASS_1,2.177,4.5
Policy_B_ConfidenceGated,1,54,0,0,0.6203,True,False,False,ABSTAIN,2.153,4.5
Policy_B_ConfidenceGated,1,55,1,0,0.5154,True,False,False,ABSTAIN,2.29,4.5
Policy_B_ConfidenceGated,1,56,1,0,0.5101,True,False,False,ABSTAIN,2.173,4.5
Policy_B_ConfidenceGated,1,57,1,1,0.9162,True,False,False,ABSTAIN,2.142,4.5
Policy_B_ConfidenceGated,1,58,0,1,0.8283,True,False,False,ABSTAIN,2.139,4.5
Policy_B_ConfidenceGated,1,59,1,1,0.7509,True,False,False,ABSTAIN,2.275,4.5
Policy_B_ConfidenceGated,1,60,0,1,0.9509,True,False,False,ABSTAIN,2.262,4.5
Policy_B_ConfidenceGated,1,61,1,1,0.8864,False,True,False,CLASS_1,2.134,4.5
Policy_B_ConfidenceGated,1,62,0,0,0.8737,True,False,False,ABSTAIN,2.104,4.5
Policy_B_ConfidenceGated,1,63,1,1,0.9459,True,False,False,ABSTAIN,2.096,4.5
Policy_B_ConfidenceGated,1,64,1,1,0.6641,True,False,False,ABSTAIN,2.432,4.5
Policy_B_ConfidenceGated,1,65,1,0,0.5746,True,False,False,ABSTAIN,2.446,4.5
Policy_B_ConfidenceGated,1,66,0,0,0.7294,True,False,False,ABSTAIN,2.386,4.5
Policy_B_ConfidenceGated,1,67,0,0,0.8594,True,False,False,ABSTAIN,2.054,4.5
Policy_B_ConfidenceGated,1,68,0,0,0.9193,False,True,False,CLASS_0,2.672,4.5
Policy_B_ConfidenceGated,1,69,0,0,0.9869,True,False,False,ABSTAIN,2.241,4.5
Policy_B_ConfidenceGated,1,70,0,1,0.5663,True,False,False,ABSTAIN,2.289,4.5
Policy_B_ConfidenceGated,1,71,1,0,0.7268,True,False,False,ABSTAIN,2.285,4.5
Policy_B_ConfidenceGated,1,72,1,1,0.9626,True,False,False,ABSTAIN,2.245,4.5
Policy_B_ConfidenceGated,1,73,1,1,0.9633,False,True,False,CLASS_1,2.234,4.5
Policy_B_ConfidenceGated,1,74,0,0,0.9095,True,False,False,ABSTAIN,2.06,4.5
Policy_B_ConfidenceGated,1,75,0,0,0.7293,True,False,False,ABSTAIN,2.109,4.5
Policy_B_ConfidenceGated,1,76,1,0,0.5682,True,False,False,ABSTAIN,2.099,4.5
Policy_B_ConfidenceGated,1,77,1,0,0.5798,True,False,False,ABSTAIN,2.189,4.5
Policy_B_ConfidenceGated,1,78,0,0,0.7337,True,False,False,ABSTAIN,1.992,4.5
Policy_B_ConfidenceGated,1,79,0,0,0.9848,True,False,False,ABSTAIN,1.992,4.5
Policy_B_ConfidenceGated,1,80,1,1,0.911,True,False,False,ABSTAIN,2.106,4.5
Policy_B_ConfidenceGated,1,81,1,1,0.9731,False,True,False,CLASS_1,2.079,4.5
Policy_B_ConfidenceGated,1,82,1,1,0.8257,True,False,False,ABSTAIN,1.921,4.5
Policy_B_ConfidenceGated,1,83,1,1,0.673,True,False,False,ABSTAIN,1.911,4.5
Policy_B_ConfidenceGated,1,84,0,0,0.9929,True,False,False,ABSTAIN,1.835,4.5
Policy_B_ConfidenceGated,1,85,1,1,0.7664,True,False,False,ABSTAIN,1.916,4.5
Policy_B_ConfidenceGated,1,86,0,0,0.655,True,False,False,ABSTAIN,1.861,4.5
Policy_B_ConfidenceGated,1,87,0,0,0.9238,True,False,False,ABSTAIN,1.94,4.5
Policy_B_ConfidenceGated,1,88,1,0,0.6621,True,False,False,ABSTAIN,2.016,4.5
Policy_B_ConfidenceGated,1,89,1,1,0.9863,True,False,False,ABSTAIN,1.996,4.5
Policy_B_ConfidenceGated,1,90,0,1,0.7888,True,False,False,ABSTAIN,2.171,4.5
Policy_B_ConfidenceGated,1,91,0,0,0.86,True,False,False,ABSTAIN,2.135,4.5
Policy_B_ConfidenceGated,1,92,0,1,0.6698,True,False,False,ABSTAIN,2.12,4.5
Policy_B_ConfidenceGated,1,93,0,0,0.866,True,False,False,ABSTAIN,1.846,4.5
Policy_B_ConfidenceGated,1,94,0,1,0.7262,True,False,False,ABSTAIN,2.152,4.5
Policy_B_ConfidenceGated,1,95,0,0,0.8413,True,False,False,ABSTAIN,2.108,4.5
Policy_B_ConfidenceGated,1,96,0,0,0.898,False,True,False,CLASS_0,2.122,4.5
Policy_B_ConfidenceGated,1,97,1,1,0.9467,True,False,False,ABSTAIN,2.141,4.5
Policy_B_ConfidenceGated,1,98,1,1,0.9793,False,True,False,CLASS_1,2.062,4.5
Policy_B_ConfidenceGated,1,99,1,0,0.7058,True,False,False,ABSTAIN,1.902,4.5
Policy_B_ConfidenceGated,1,100,1,1,0.8234,True,False,False,ABSTAIN,2.126,4.5
Policy_B_ConfidenceGated,1,101,1,1,0.7196,True,False,False,ABSTAIN,1.947,4.5
Policy_B_ConfidenceGated,1,102,0,0,0.5082,True,False,False,ABSTAIN,2.209,4.5
Policy_B_ConfidenceGated,1,103,0,1,0.8003,True,False,False,ABSTAIN,2.333,4.5
Policy_B_ConfidenceGated,1,104,1,1,0.9701,True,False,False,ABSTAIN,2.324,4.5
Policy_B_ConfidenceGated,1,105,0,1,0.6024,True,False,False,ABSTAIN,2.295,4.5
Policy_B_ConfidenceGated,1,106,0,0,0.8676,True,False,False,ABSTAIN,2.174,4.5
Policy_B_ConfidenceGated,1,107,1,1,0.9706,True,False,False,ABSTAIN,2.388,4.5
Policy_B_ConfidenceGated,1,108,0,0,0.9097,True,False,False,ABSTAIN,2.466,4.5
Policy_B_ConfidenceGated,1,109,0,0,0.5006,True,False,False,ABSTAIN,2.406,4.5
Policy_B_ConfidenceGated,1,110,0,0,0.8253,True,False,False,ABSTAIN,2.319,4.5
Policy_B_ConfidenceGated,1,111,0,0,0.8405,True,False,False,ABSTAIN,2.474,4.5
Policy_B_ConfidenceGated,1,112,1,1,0.8379,True,False,False,ABSTAIN,2.432,4.5
Policy_B_ConfidenceGated,1,113,1,1,0.9839,False,True,False,CLASS_1,2.221,4.5
Policy_B_ConfidenceGated,1,114,1,0,0.6002,True,False,False,ABSTAIN,2.32,4.5
Policy_B_ConfidenceGated,1,115,1,1,0.9285,True,False,False,ABSTAIN,2.294,4.5
Policy_B_ConfidenceGated,1,116,1,1,0.7553,True,False,False,ABSTAIN,2.336,4.5
Policy_B_ConfidenceGated,1,117,0,0,0.7485,True,False,False,ABSTAIN,2.438,4.5
Policy_B_ConfidenceGated,1,118,1,1,0.995,True,False,False,ABSTAIN,2.377,4.5
Policy_B_ConfidenceGated,1,119,1,1,0.5158,True,False,False,ABSTAIN,2.34,4.5
Policy_B_ConfidenceGated,1,120,0,0,0.631,True,False,False,ABSTAIN,2.18,4.5
Policy_B_ConfidenceGated,1,121,0,0,0.9906,True,False,False,ABSTAIN,2.181,4.5
Policy_B_ConfidenceGated,1,122,0,1,0.6252,True,False,False,ABSTAIN,2.204,4.5
Policy_B_ConfidenceGated,1,123,0,0,0.8043,True,False,False,ABSTAIN,2.24,4.5
Policy_B_ConfidenceGated,1,124,0,0,0.9813,True,False,False,ABSTAIN,2.374,4.5
Policy_B_ConfidenceGated,1,125,0,0,0.686,True,False,False,ABSTAIN,2.57,4.5
Policy_B_ConfidenceGated,1,126,0,0,0.99,True,False,False,ABSTAIN,2.311,4.5
Policy_B_ConfidenceGated,1,127,1,1,0.7969,True,False,False,ABSTAIN,2.269,4.5
Policy_B_ConfidenceGated,1,128,0,1,0.7142,True,False,False,ABSTAIN,2.284,4.5
Policy_B_ConfidenceGated,1,129,1,0,0.5743,True,False,False,ABSTAIN,2.314,4.5
Policy_B_ConfidenceGated,1,130,0,1,0.8502,True,False,False,ABSTAIN,2.25,4.5
Policy_B_ConfidenceGated,1,131,1,1,0.8531,False,True,False,CLASS_1,2.209,4.5
Policy_B_ConfidenceGated,1,132,1,0,0.9128,True,False,False,ABSTAIN,2.202,4.5
Policy_B_ConfidenceGated,1,133,0,0,0.9647,False,True,False,CLASS_0,2.41,4.5
Policy_B_ConfidenceGated,1,134,0,0,0.6824,True,False,False,ABSTAIN,2.201,4.5
Policy_B_ConfidenceGated,1,135,1,0,0.683,True,False,False,ABSTAIN,2.547,4.5
Policy_B_ConfidenceGated,1,136,1,1,0.8495,True,False,False,ABSTAIN,2.444,4.5
Policy_B_ConfidenceGated,1,137,1,1,0.5209,True,False,False,ABSTAIN,2.443,4.5
Policy_B_ConfidenceGated,1,138,1,1,0.8363,True,False,False,ABSTAIN,2.508,4.5
Policy_B_ConfidenceGated,1,139,0,1,0.9606,False,False,True,CLASS_1,2.406,4.5
Policy_B_ConfidenceGated,1,140,0,1,0.7312,True,False,False,ABSTAIN,2.501,4.5
Policy_B_ConfidenceGated,1,141,0,0,0.6452,True,False,False,ABSTAIN,2.473,4.5
Policy_B_ConfidenceGated,1,142,0,0,0.7372,True,False,False,ABSTAIN,2.73,4.5
Policy_B_ConfidenceGated,1,143,1,1,0.9954,True,False,False,ABSTAIN,2.599,4.5
Policy_B_ConfidenceGated,1,144,0,1,0.7987,True,False,False,ABSTAIN,2.552,4.5
Policy_B_ConfidenceGated,1,145,0,1,0.9091,True,False,False,ABSTAIN,2.503,4.5
Policy_B_ConfidenceGated,1,146,1,1,0.858,False,True,False,CLASS_1,2.586,4.5
Policy_B_ConfidenceGated,1,147,1,1,0.9997,True,False,False,ABSTAIN,2.626,4.5
Policy_B_ConfidenceGated,1,148,0,1,0.5526,True,False,False,ABSTAIN,2.443,4.5
Policy_B_ConfidenceGated,1,149,0,1,0.7633,True,False,False,ABSTAIN,2.566,4.5
Policy_B_ConfidenceGated,1,150,1,1,0.9262,True,False,False,ABSTAIN,2.518,4.5
Policy_B_ConfidenceGated,1,151,1,1,0.9119,False,True,False,CLASS_1,2.628,4.5
Policy_B_ConfidenceGated,1,152,1,1,0.9135,True,False,False,ABSTAIN,2.548,4.5
Policy_B_ConfidenceGated,1,153,1,1,0.93,False,True,False,CLASS_1,2.654,4.5
Policy_B_ConfidenceGated,1,154,1,1,0.9056,True,False,False,ABSTAIN,2.644,4.5
Policy_B_ConfidenceGated,1,155,1,1,1.0,False,True,False,CLASS_1,2.654,4.5
Policy_B_ConfidenceGated,1,156,1,1,0.8874,True,False,False,ABSTAIN,2.568,4.5
Policy_B_ConfidenceGated,1,157,0,1,0.9804,False,False,True,CLASS_1,2.642,4.5
Policy_B_ConfidenceGated,1,158,1,1,0.9932,True,False,False,ABSTAIN,2.568,4.5
Policy_B_ConfidenceGated,1,159,1,0,0.816,True,False,False,ABSTAIN,2.922,4.5
Policy_B_ConfidenceGated,1,160,0,1,0.7998,True,False,False,ABSTAIN,2.907,4.5
Policy_C_SharedControl,1,1,1,1,0.7908,True,False,False,,3.524,4.5
Policy_C_SharedControl,1,2,0,0,0.9728,True,False,False,,2.643,4.5
Policy_C_SharedControl,1,3,1,1,0.6677,True,False,False,,2.628,4.5
Policy_C_SharedControl,1,4,0,0,0.953,True,False,False,,2.627,4.5
Policy_C_SharedControl,1,5,0,0,0.6687,True,False,False,,3.423,4.5
Policy_C_SharedControl,1,6,0,1,0.73,True,False,False,,2.981,4.5
Policy_C_SharedControl,1,7,1,0,0.517,True,False,False,,2.954,4.5
Policy_C_SharedControl,1,8,0,1,0.6927,True,False,False,,2.948,4.5
Policy_C_SharedControl,1,9,0,1,0.7141,True,False,False,,2.946,4.5
Policy_C_SharedControl,1,10,0,0,0.7863,True,False,False,,2.965,4.5
Policy_C_SharedControl,1,11,1,1,0.9653,True,False,False,,3.374,4.5
Policy_C_SharedControl,1,12,0,1,0.9406,False,False,True,SELECT_RIGHT,3.37,4.5
Policy_C_SharedControl,1,13,1,1,0.9663,True,False,False,,3.32,4.5
Policy_C_SharedControl,1,14,0,0,0.669,True,False,False,,3.405,4.5
Policy_C_SharedControl,1,15,1,1,0.9188,True,False,False,,3.276,4.5
Policy_C_SharedControl,1,16,0,0,0.9964,True,False,False,,4.266,4.5
Policy_C_SharedControl,1,17,0,0,0.879,False,True,False,SELECT_LEFT,4.008,4.5
Policy_C_SharedControl,1,18,0,0,0.7073,True,False,False,,3.53,4.5
Policy_C_SharedControl,1,19,0,1,0.8996,True,False,False,,3.505,4.5
Policy_C_SharedControl,1,20,0,0,0.9215,True,False,False,,4.282,4.5
Policy_C_SharedControl,1,21,1,1,0.8967,True,False,False,,4.275,4.5
Policy_C_SharedControl,1,22,1,1,0.9868,False,True,False,SELECT_RIGHT,4.364,4.5
Policy_C_SharedControl,1,23,1,1,0.8605,True,False,False,,4.465,4.5
Policy_C_SharedControl,1,24,0,1,0.8295,True,False,False,,4.698,4.5
Policy_C_SharedControl,1,25,1,1,0.9796,True,False,False,,4.557,4.5
Policy_C_SharedControl,1,26,1,1,0.9274,False,True,False,REACH_FORWARD,4.49,4.5
Policy_C_SharedControl,1,27,1,1,0.8481,True,False,False,,4.605,4.5
Policy_C_SharedControl,1,28,1,1,0.9872,False,True,False,GRASP_CLOSE,4.574,4.5
Policy_C_SharedControl,1,29,0,0,0.8687,True,False,False,,4.556,4.5
Policy_C_SharedControl,1,30,1,0,0.8832,False,False,True,GRASP_OPEN,4.601,4.5
Policy_C_SharedControl,1,31,1,1,0.9461,True,False,False,,4.638,4.5
Policy_C_SharedControl,1,32,1,1,0.8058,True,False,False,,5.085,4.5
Policy_C_SharedControl,1,33,0,0,0.9428,True,False,False,,5.931,4.5
Policy_C_SharedControl,1,34,0,0,0.9307,False,True,False,GRASP_OPEN,4.473,4.5
Policy_C_SharedControl,1,35,1,1,0.9726,True,False,False,,6.743,4.5
Policy_C_SharedControl,1,36,1,1,0.9138,False,True,False,GRASP_CLOSE,6.07,4.5
Policy_C_SharedControl,1,37,0,0,0.6187,True,False,False,,4.566,4.5
Policy_C_SharedControl,1,38,1,1,0.8927,True,False,False,,4.98,4.5
Policy_C_SharedControl,1,39,0,0,0.5685,True,False,False,,5.736,4.5
Policy_C_SharedControl,1,40,1,1,0.9939,True,False,False,,5.036,4.5
Policy_C_SharedControl,1,41,1,1,0.9338,False,True,False,GRASP_CLOSE,5.044,4.5
Policy_C_SharedControl,1,42,0,1,0.9509,True,False,False,,6.764,4.5
Policy_C_SharedControl,1,43,0,1,0.6216,True,False,False,,5.961,4.5
Policy_C_SharedControl,1,44,1,0,0.7745,True,False,False,,4.969,4.5
Policy_C_SharedControl,1,45,0,1,0.6381,True,False,False,,7.547,4.5
Policy_C_SharedControl,1,46,0,0,0.6173,True,False,False,,4.957,4.5
Policy_C_SharedControl,1,47,0,0,0.6234,True,False,False,,4.48,4.5
Policy_C_SharedControl,1,48,1,1,0.8235,True,False,False,,5.335,4.5
Policy_C_SharedControl,1,49,0,1,0.7478,True,False,False,,4.729,4.5
Policy_C_SharedControl,1,50,0,0,0.9733,True,False,False,,7.256,4.5
Policy_C_SharedControl,1,51,1,1,0.6756,True,False,False,,5.598,4.5
Policy_C_SharedControl,1,52,1,1,0.9916,True,False,False,,5.935,4.5
Policy_C_SharedControl,1,53,1,1,0.9216,False,True,False,GRASP_CLOSE,5.474,4.5
Policy_C_SharedControl,1,54,0,0,0.6203,True,False,False,,5.587,4.5
Policy_C_SharedControl,1,55,1,0,0.5154,True,False,False,,5.39,4.5
Policy_C_SharedControl,1,56,1,0,0.5101,True,False,False,,7.052,4.5
Policy_C_SharedControl,1,57,1,1,0.9162,True,False,False,,6.485,4.5
Policy_C_SharedControl,1,58,0,1,0.8283,True,False,False,,5.813,4.5
Policy_C_SharedControl,1,59,1,1,0.7509,True,False,False,,9.826,4.5
Policy_C_SharedControl,1,60,0,1,0.9509,True,False,False,,5.637,4.5
Policy_C_SharedControl,1,61,1,1,0.8864,False,True,False,GRASP_CLOSE,5.535,4.5
Policy_C_SharedControl,1,62,0,0,0.8737,True,False,False,,5.148,4.5
Policy_C_SharedControl,1,63,1,1,0.9459,True,False,False,,4.872,4.5
Policy_C_SharedControl,1,64,1,1,0.6641,True,False,False,,5.495,4.5
Policy_C_SharedControl,1,65,1,0,0.5746,True,False,False,,5.937,4.5
Policy_C_SharedControl,1,66,0,0,0.7294,True,False,False,,27.396,4.5
Policy_C_SharedControl,1,67,0,0,0.8594,True,False,False,,6.172,4.5
Policy_C_SharedControl,1,68,0,0,0.9193,False,True,False,GRASP_OPEN,6.066,4.5
Policy_C_SharedControl,1,69,0,0,0.9869,True,False,False,,6.364,4.5
Policy_C_SharedControl,1,70,0,1,0.5663,True,False,False,,5.451,4.5
Policy_C_SharedControl,1,71,1,0,0.7268,True,False,False,,6.964,4.5
Policy_C_SharedControl,1,72,1,1,0.9626,True,False,False,,6.072,4.5
Policy_C_SharedControl,1,73,1,1,0.9633,False,True,False,GRASP_CLOSE,5.168,4.5
Policy_C_SharedControl,1,74,0,0,0.9095,True,False,False,,7.094,4.5
Policy_C_SharedControl,1,75,0,0,0.7293,True,False,False,,5.993,4.5
Policy_C_SharedControl,1,76,1,0,0.5682,True,False,False,,5.88,4.5
Policy_C_SharedControl,1,77,1,0,0.5798,True,False,False,,4.974,4.5
Policy_C_SharedControl,1,78,0,0,0.7337,True,False,False,,4.586,4.5
Policy_C_SharedControl,1,79,0,0,0.9848,True,False,False,,4.691,4.5
Policy_C_SharedControl,1,80,1,1,0.911,True,False,False,,5.596,4.5
Policy_C_SharedControl,1,81,1,1,0.9731,False,True,False,GRASP_CLOSE,5.852,4.5
Policy_C_SharedControl,1,82,1,1,0.8257,True,False,False,,4.823,4.5
Policy_C_SharedControl,1,83,1,1,0.673,True,False,False,,5.83,4.5
Policy_C_SharedControl,1,84,0,0,0.9929,True,False,False,,5.709,4.5
Policy_C_SharedControl,1,85,1,1,0.7664,True,False,False,,4.87,4.5
Policy_C_SharedControl,1,86,0,0,0.655,True,False,False,,6.252,4.5
Policy_C_SharedControl,1,87,0,0,0.9238,True,False,False,,5.257,4.5
Policy_C_SharedControl,1,88,1,0,0.6621,True,False,False,,4.885,4.5
Policy_C_SharedControl,1,89,1,1,0.9863,True,False,False,,6.11,4.5
Policy_C_SharedControl,1,90,0,1,0.7888,True,False,False,,6.778,4.5
Policy_C_SharedControl,1,91,0,0,0.86,True,False,False,,4.957,4.5
Policy_C_SharedControl,1,92,0,1,0.6698,True,False,False,,5.509,4.5
Policy_C_SharedControl,1,93,0,0,0.866,True,False,False,,4.63,4.5
Policy_C_SharedControl,1,94,0,1,0.7262,True,False,False,,4.844,4.5
Policy_C_SharedControl,1,95,0,0,0.8413,True,False,False,,5.453,4.5
Policy_C_SharedControl,1,96,0,0,0.898,False,True,False,GRASP_OPEN,4.943,4.5
Policy_C_SharedControl,1,97,1,1,0.9467,True,False,False,,6.522,4.5
Policy_C_SharedControl,1,98,1,1,0.9793,False,True,False,GRASP_CLOSE,5.945,4.5
Policy_C_SharedControl,1,99,1,0,0.7058,True,False,False,,5.598,4.5
Policy_C_SharedControl,1,100,1,1,0.8234,True,False,False,,4.651,4.5
Policy_C_SharedControl,1,101,1,1,0.7196,True,False,False,,5.261,4.5
Policy_C_SharedControl,1,102,0,0,0.5082,True,False,False,,4.771,4.5
Policy_C_SharedControl,1,103,0,1,0.8003,True,False,False,,4.69,4.5
Policy_C_SharedControl,1,104,1,1,0.9701,True,False,False,,4.527,4.5
Policy_C_SharedControl,1,105,0,1,0.6024,True,False,False,,5.484,4.5
Policy_C_SharedControl,1,106,0,0,0.8676,True,False,False,,5.522,4.5
Policy_C_SharedControl,1,107,1,1,0.9706,True,False,False,,5.69,4.5
Policy_C_SharedControl,1,108,0,0,0.9097,True,False,False,,7.119,4.5
Policy_C_SharedControl,1,109,0,0,0.5006,True,False,False,,5.243,4.5
Policy_C_SharedControl,1,110,0,0,0.8253,True,False,False,,4.852,4.5
Policy_C_SharedControl,1,111,0,0,0.8405,True,False,False,,5.877,4.5
Policy_C_SharedControl,1,112,1,1,0.8379,True,False,False,,5.814,4.5
Policy_C_SharedControl,1,113,1,1,0.9839,False,True,False,GRASP_CLOSE,4.537,4.5
Policy_C_SharedControl,1,114,1,0,0.6002,True,False,False,,6.15,4.5
Policy_C_SharedControl,1,115,1,1,0.9285,True,False,False,,6.388,4.5
Policy_C_SharedControl,1,116,1,1,0.7553,True,False,False,,7.048,4.5
Policy_C_SharedControl,1,117,0,0,0.7485,True,False,False,,5.602,4.5
Policy_C_SharedControl,1,118,1,1,0.995,True,False,False,,4.571,4.5
Policy_C_SharedControl,1,119,1,1,0.5158,True,False,False,,5.841,4.5
Policy_C_SharedControl,1,120,0,0,0.631,True,False,False,,6.559,4.5
Policy_C_SharedControl,1,121,0,0,0.9906,True,False,False,,4.717,4.5
Policy_C_SharedControl,1,122,0,1,0.6252,True,False,False,,4.912,4.5
Policy_C_SharedControl,1,123,0,0,0.8043,True,False,False,,6.747,4.5
Policy_C_SharedControl,1,124,0,0,0.9813,True,False,False,,4.777,4.5
Policy_C_SharedControl,1,125,0,0,0.686,True,False,False,,4.936,4.5
Policy_C_SharedControl,1,126,0,0,0.99,True,False,False,,5.42,4.5
Policy_C_SharedControl,1,127,1,1,0.7969,True,False,False,,4.565,4.5
Policy_C_SharedControl,1,128,0,1,0.7142,True,False,False,,4.941,4.5
Policy_C_SharedControl,1,129,1,0,0.5743,True,False,False,,5.489,4.5
Policy_C_SharedControl,1,130,0,1,0.8502,True,False,False,,5.336,4.5
Policy_C_SharedControl,1,131,1,1,0.8531,False,True,False,GRASP_CLOSE,4.864,4.5
Policy_C_SharedControl,1,132,1,0,0.9128,True,False,False,,5.282,4.5
Policy_C_SharedControl,1,133,0,0,0.9647,False,True,False,GRASP_OPEN,5.225,4.5
Policy_C_SharedControl,1,134,0,0,0.6824,True,False,False,,5.106,4.5
Policy_C_SharedControl,1,135,1,0,0.683,True,False,False,,5.149,4.5
Policy_C_SharedControl,1,136,1,1,0.8495,True,False,False,,5.32,4.5
Policy_C_SharedControl,1,137,1,1,0.5209,True,False,False,,5.113,4.5
Policy_C_SharedControl,1,138,1,1,0.8363,True,False,False,,5.276,4.5
Policy_C_SharedControl,1,139,0,1,0.9606,False,False,True,GRASP_CLOSE,4.572,4.5
Policy_C_SharedControl,1,140,0,1,0.7312,True,False,False,,4.842,4.5
Policy_C_SharedControl,1,141,0,0,0.6452,True,False,False,,5.45,4.5
Policy_C_SharedControl,1,142,0,0,0.7372,True,False,False,,4.638,4.5
Policy_C_SharedControl,1,143,1,1,0.9954,True,False,False,,4.921,4.5
Policy_C_SharedControl,1,144,0,1,0.7987,True,False,False,,6.231,4.5
Policy_C_SharedControl,1,145,0,1,0.9091,True,False,False,,4.651,4.5
Policy_C_SharedControl,1,146,1,1,0.858,False,True,False,GRASP_CLOSE,4.907,4.5
Policy_C_SharedControl,1,147,1,1,0.9997,True,False,False,,5.725,4.5
Policy_C_SharedControl,1,148,0,1,0.5526,True,False,False,,4.723,4.5
Policy_C_SharedControl,1,149,0,1,0.7633,True,False,False,,4.522,4.5
Policy_C_SharedControl,1,150,1,1,0.9262,True,False,False,,5.573,4.5
Policy_C_SharedControl,1,151,1,1,0.9119,False,True,False,GRASP_CLOSE,5.033,4.5
Policy_C_SharedControl,1,152,1,1,0.9135,True,False,False,,4.638,4.5
Policy_C_SharedControl,1,153,1,1,0.93,False,True,False,GRASP_CLOSE,4.94,4.5
Policy_C_SharedControl,1,154,1,1,0.9056,True,False,False,,5.393,4.5
Policy_C_SharedControl,1,155,1,1,1.0,False,True,False,GRASP_CLOSE,4.606,4.5
Policy_C_SharedControl,1,156,1,1,0.8874,True,False,False,,4.961,4.5
Policy_C_SharedControl,1,157,0,1,0.9804,False,False,True,GRASP_CLOSE,5.473,4.5
Policy_C_SharedControl,1,158,1,1,0.9932,True,False,False,,4.635,4.5
Policy_C_SharedControl,1,159,1,0,0.816,True,False,False,,4.863,4.5
Policy_C_SharedControl,1,160,0,1,0.7998,True,False,False,,5.328,4.5
Policy_A_Direct,2,1,1,1,0.9109,False,True,False,CLASS_1,153.604,4.5
Policy_A_Direct,2,2,0,0,0.6984,False,True,False,CLASS_0,1.823,4.5
Policy_A_Direct,2,3,0,0,0.5837,False,True,False,CLASS_0,1.78,4.5
Policy_A_Direct,2,4,1,0,0.6136,False,False,True,CLASS_0,1.786,4.5
Policy_A_Direct,2,5,0,1,0.8689,False,False,True,CLASS_1,1.758,4.5
Policy_A_Direct,2,6,0,1,0.5451,False,False,True,CLASS_1,1.667,4.5
Policy_A_Direct,2,7,0,0,0.5233,False,True,False,CLASS_0,1.685,4.5
Policy_A_Direct,2,8,1,1,0.8262,False,True,False,CLASS_1,1.698,4.5
Policy_A_Direct,2,9,0,1,0.807,False,False,True,CLASS_1,1.691,4.5
Policy_A_Direct,2,10,0,1,0.6578,False,False,True,CLASS_1,1.633,4.5
Policy_A_Direct,2,11,1,1,0.5709,False,True,False,CLASS_1,1.626,4.5
Policy_A_Direct,2,12,1,1,0.7045,False,True,False,CLASS_1,1.604,4.5
Policy_A_Direct,2,13,1,1,0.9075,False,True,False,CLASS_1,1.69,4.5
Policy_A_Direct,2,14,0,0,0.9255,False,True,False,CLASS_0,1.702,4.5
Policy_A_Direct,2,15,1,0,0.6462,False,False,True,CLASS_0,1.713,4.5
Policy_A_Direct,2,16,1,1,0.919,False,True,False,CLASS_1,1.636,4.5
Policy_A_Direct,2,17,1,0,0.936,False,False,True,CLASS_0,1.751,4.5
Policy_A_Direct,2,18,0,1,0.7222,False,False,True,CLASS_1,1.647,4.5
Policy_A_Direct,2,19,1,1,0.9413,False,True,False,CLASS_1,1.772,4.5
Policy_A_Direct,2,20,0,0,0.6962,False,True,False,CLASS_0,1.774,4.5
Policy_A_Direct,2,21,1,0,0.8444,False,False,True,CLASS_0,1.768,4.5
Policy_A_Direct,2,22,0,0,0.8456,False,True,False,CLASS_0,1.731,4.5
Policy_A_Direct,2,23,1,1,0.6239,False,True,False,CLASS_1,1.731,4.5
Policy_A_Direct,2,24,1,0,0.5151,False,False,True,CLASS_0,1.745,4.5
Policy_A_Direct,2,25,1,1,0.9391,False,True,False,CLASS_1,1.723,4.5
Policy_A_Direct,2,26,0,0,0.9279,False,True,False,CLASS_0,1.81,4.5
Policy_A_Direct,2,27,0,0,0.9686,False,True,False,CLASS_0,1.762,4.5
Policy_A_Direct,2,28,0,1,0.5144,False,False,True,CLASS_1,1.781,4.5
Policy_A_Direct,2,29,0,0,0.9513,False,True,False,CLASS_0,1.759,4.5
Policy_A_Direct,2,30,0,0,0.9377,False,True,False,CLASS_0,1.73,4.5
Policy_A_Direct,2,31,1,0,0.6325,False,False,True,CLASS_0,1.73,4.5
Policy_A_Direct,2,32,1,1,0.5154,False,True,False,CLASS_1,1.712,4.5
Policy_A_Direct,2,33,1,0,0.8601,False,False,True,CLASS_0,1.744,4.5
Policy_A_Direct,2,34,0,0,0.5431,False,True,False,CLASS_0,1.758,4.5
Policy_A_Direct,2,35,0,1,0.8386,False,False,True,CLASS_1,1.654,4.5
Policy_A_Direct,2,36,1,0,0.9863,False,False,True,CLASS_0,1.661,4.5
Policy_A_Direct,2,37,1,0,0.8292,False,False,True,CLASS_0,1.66,4.5
Policy_A_Direct,2,38,0,0,0.9029,False,True,False,CLASS_0,1.663,4.5
Policy_A_Direct,2,39,0,0,0.6203,False,True,False,CLASS_0,1.641,4.5
Policy_A_Direct,2,40,1,1,0.7886,False,True,False,CLASS_1,1.66,4.5
Policy_A_Direct,2,41,1,0,0.6431,False,False,True,CLASS_0,1.672,4.5
Policy_A_Direct,2,42,1,1,0.6423,False,True,False,CLASS_1,1.678,4.5
Policy_A_Direct,2,43,1,1,0.8593,False,True,False,CLASS_1,1.648,4.5
Policy_A_Direct,2,44,0,1,0.8155,False,False,True,CLASS_1,1.688,4.5
Policy_A_Direct,2,45,1,1,0.8444,False,True,False,CLASS_1,1.688,4.5
Policy_A_Direct,2,46,0,0,0.7677,False,True,False,CLASS_0,1.656,4.5
Policy_A_Direct,2,47,0,1,0.8857,False,False,True,CLASS_1,1.694,4.5
Policy_A_Direct,2,48,1,1,0.8685,False,True,False,CLASS_1,1.769,4.5
Policy_A_Direct,2,49,1,0,0.5182,False,False,True,CLASS_0,1.703,4.5
Policy_A_Direct,2,50,0,0,0.9728,False,True,False,CLASS_0,1.819,4.5
Policy_A_Direct,2,51,0,0,0.8838,False,True,False,CLASS_0,1.675,4.5
Policy_A_Direct,2,52,0,0,0.9514,False,True,False,CLASS_0,1.737,4.5
Policy_A_Direct,2,53,0,1,0.521,False,False,True,CLASS_1,1.665,4.5
Policy_A_Direct,2,54,0,1,0.8573,False,False,True,CLASS_1,1.761,4.5
Policy_A_Direct,2,55,0,1,0.6894,False,False,True,CLASS_1,1.709,4.5
Policy_A_Direct,2,56,0,0,0.8226,False,True,False,CLASS_0,1.726,4.5
Policy_A_Direct,2,57,1,1,0.5849,False,True,False,CLASS_1,1.784,4.5
Policy_A_Direct,2,58,1,0,0.578,False,False,True,CLASS_0,1.746,4.5
Policy_A_Direct,2,59,1,1,0.6839,False,True,False,CLASS_1,1.829,4.5
Policy_A_Direct,2,60,1,1,0.7196,False,True,False,CLASS_1,1.808,4.5
Policy_A_Direct,2,61,1,1,0.8137,False,True,False,CLASS_1,1.811,4.5
Policy_A_Direct,2,62,0,0,0.8289,False,True,False,CLASS_0,1.754,4.5
Policy_A_Direct,2,63,0,0,0.9264,False,True,False,CLASS_0,1.789,4.5
Policy_A_Direct,2,64,1,0,0.9728,False,False,True,CLASS_0,1.801,4.5
Policy_A_Direct,2,65,0,1,0.7424,False,False,True,CLASS_1,1.762,4.5
Policy_A_Direct,2,66,0,0,0.8623,False,True,False,CLASS_0,1.784,4.5
Policy_A_Direct,2,67,1,0,0.9277,False,False,True,CLASS_0,1.807,4.5
Policy_A_Direct,2,68,0,0,0.7592,False,True,False,CLASS_0,1.827,4.5
Policy_A_Direct,2,69,0,0,0.8041,False,True,False,CLASS_0,1.787,4.5
Policy_A_Direct,2,70,0,0,0.6353,False,True,False,CLASS_0,1.817,4.5
Policy_A_Direct,2,71,0,0,0.7131,False,True,False,CLASS_0,1.819,4.5
Policy_A_Direct,2,72,1,0,0.9156,False,False,True,CLASS_0,1.845,4.5
Policy_A_Direct,2,73,1,0,0.7974,False,False,True,CLASS_0,1.847,4.5
Policy_A_Direct,2,74,1,1,0.6718,False,True,False,CLASS_1,1.803,4.5
Policy_A_Direct,2,75,1,0,0.5237,False,False,True,CLASS_0,1.822,4.5
Policy_A_Direct,2,76,1,0,0.6371,False,False,True,CLASS_0,1.938,4.5
Policy_A_Direct,2,77,0,0,0.5679,False,True,False,CLASS_0,1.977,4.5
Policy_A_Direct,2,78,1,0,0.6038,False,False,True,CLASS_0,1.972,4.5
Policy_A_Direct,2,79,1,1,0.925,False,True,False,CLASS_1,1.935,4.5
Policy_A_Direct,2,80,0,0,0.8947,False,True,False,CLASS_0,1.956,4.5
Policy_A_Direct,2,81,0,0,0.8939,False,True,False,CLASS_0,1.917,4.5
Policy_A_Direct,2,82,0,1,0.5048,False,False,True,CLASS_1,1.931,4.5
Policy_A_Direct,2,83,0,1,0.524,False,False,True,CLASS_1,1.97,4.5
Policy_A_Direct,2,84,0,1,0.7232,False,False,True,CLASS_1,2.062,4.5
Policy_A_Direct,2,85,0,1,0.7656,False,False,True,CLASS_1,2.036,4.5
Policy_A_Direct,2,86,0,1,0.6711,False,False,True,CLASS_1,2.048,4.5
Policy_A_Direct,2,87,1,0,0.5228,False,False,True,CLASS_0,2.024,4.5
Policy_A_Direct,2,88,0,0,0.8714,False,True,False,CLASS_0,2.038,4.5
Policy_A_Direct,2,89,1,0,0.6867,False,False,True,CLASS_0,2.055,4.5
Policy_A_Direct,2,90,0,1,0.9266,False,False,True,CLASS_1,2.006,4.5
Policy_A_Direct,2,91,1,0,0.8172,False,False,True,CLASS_0,2.026,4.5
Policy_A_Direct,2,92,1,0,0.7213,False,False,True,CLASS_0,2.129,4.5
Policy_A_Direct,2,93,0,0,0.6877,False,True,False,CLASS_0,2.143,4.5
Policy_A_Direct,2,94,0,0,0.5145,False,True,False,CLASS_0,2.129,4.5
Policy_A_Direct,2,95,1,0,0.7964,False,False,True,CLASS_0,2.105,4.5
Policy_A_Direct,2,96,1,0,0.9461,False,False,True,CLASS_0,2.134,4.5
Policy_A_Direct,2,97,1,0,0.7062,False,False,True,CLASS_0,2.123,4.5
Policy_A_Direct,2,98,1,0,0.6937,False,False,True,CLASS_0,2.151,4.5
Policy_A_Direct,2,99,0,0,0.857,False,True,False,CLASS_0,2.173,4.5
Policy_A_Direct,2,100,0,0,0.7992,False,True,False,CLASS_0,2.355,4.5
Policy_A_Direct,2,101,0,0,0.845,False,True,False,CLASS_0,2.341,4.5
Policy_A_Direct,2,102,0,1,0.874,False,False,True,CLASS_1,2.253,4.5
Policy_A_Direct,2,103,1,0,0.896,False,False,True,CLASS_0,2.491,4.5
Policy_A_Direct,2,104,0,1,0.9724,False,False,True,CLASS_1,2.33,4.5
Policy_A_Direct,2,105,0,0,0.9393,False,True,False,CLASS_0,2.463,4.5
Policy_A_Direct,2,106,1,0,0.7271,False,False,True,CLASS_0,3.576,4.5
Policy_A_Direct,2,107,1,0,0.5769,False,False,True,CLASS_0,3.092,4.5
Policy_A_Direct,2,108,0,0,0.6705,False,True,False,CLASS_0,3.134,4.5
Policy_A_Direct,2,109,0,0,0.9549,False,True,False,CLASS_0,3.068,4.5
Policy_A_Direct,2,110,1,0,0.9871,False,False,True,CLASS_0,3.084,4.5
Policy_A_Direct,2,111,1,1,0.7536,False,True,False,CLASS_1,2.758,4.5
Policy_A_Direct,2,112,1,1,0.9833,False,True,False,CLASS_1,2.732,4.5
Policy_A_Direct,2,113,1,1,0.5832,False,True,False,CLASS_1,2.653,4.5
Policy_A_Direct,2,114,1,1,0.7813,False,True,False,CLASS_1,2.57,4.5
Policy_A_Direct,2,115,1,1,0.9603,False,True,False,CLASS_1,2.594,4.5
Policy_A_Direct,2,116,1,0,0.5348,False,False,True,CLASS_0,2.926,4.5
Policy_A_Direct,2,117,0,1,0.9438,False,False,True,CLASS_1,2.757,4.5
Policy_A_Direct,2,118,1,1,0.5948,False,True,False,CLASS_1,2.748,4.5
Policy_A_Direct,2,119,1,0,0.7434,False,False,True,CLASS_0,2.376,4.5
Policy_A_Direct,2,120,0,0,0.8481,False,True,False,CLASS_0,2.392,4.5
Policy_A_Direct,2,121,1,0,0.6881,False,False,True,CLASS_0,2.464,4.5
Policy_A_Direct,2,122,0,1,0.8059,False,False,True,CLASS_1,2.363,4.5
Policy_A_Direct,2,123,1,0,0.951,False,False,True,CLASS_0,2.344,4.5
Policy_A_Direct,2,124,1,1,0.6929,False,True,False,CLASS_1,2.395,4.5
Policy_A_Direct,2,125,0,0,0.7196,False,True,False,CLASS_0,2.327,4.5
Policy_A_Direct,2,126,1,0,0.966,False,False,True,CLASS_0,2.461,4.5
Policy_A_Direct,2,127,0,1,0.6633,False,False,True,CLASS_1,2.366,4.5
Policy_A_Direct,2,128,1,0,0.7635,False,False,True,CLASS_0,2.41,4.5
Policy_A_Direct,2,129,1,0,0.8158,False,False,True,CLASS_0,2.354,4.5
Policy_A_Direct,2,130,1,1,0.932,False,True,False,CLASS_1,2.347,4.5
Policy_A_Direct,2,131,0,1,0.635,False,False,True,CLASS_1,2.359,4.5
Policy_A_Direct,2,132,1,0,0.985,False,False,True,CLASS_0,2.438,4.5
Policy_A_Direct,2,133,0,1,0.9909,False,False,True,CLASS_1,2.772,4.5
Policy_A_Direct,2,134,0,1,0.9637,False,False,True,CLASS_1,2.741,4.5
Policy_A_Direct,2,135,0,1,0.7258,False,False,True,CLASS_1,2.408,4.5
Policy_A_Direct,2,136,1,1,0.5326,False,True,False,CLASS_1,2.437,4.5
Policy_A_Direct,2,137,0,0,0.8537,False,True,False,CLASS_0,2.412,4.5
Policy_A_Direct,2,138,0,1,0.8134,False,False,True,CLASS_1,2.374,4.5
Policy_A_Direct,2,139,0,0,0.6244,False,True,False,CLASS_0,2.445,4.5
Policy_A_Direct,2,140,0,1,0.7411,False,False,True,CLASS_1,2.452,4.5
Policy_A_Direct,2,141,1,1,0.9419,False,True,False,CLASS_1,2.444,4.5
Policy_A_Direct,2,142,1,1,0.8786,False,True,False,CLASS_1,2.357,4.5
Policy_A_Direct,2,143,1,0,0.6934,False,False,True,CLASS_0,2.334,4.5
Policy_A_Direct,2,144,0,0,0.6915,False,True,False,CLASS_0,2.348,4.5
Policy_A_Direct,2,145,0,1,0.929,False,False,True,CLASS_1,2.393,4.5
Policy_A_Direct,2,146,0,1,0.9253,False,False,True,CLASS_1,2.767,4.5
Policy_A_Direct,2,147,1,0,0.8432,False,False,True,CLASS_0,2.675,4.5
Policy_A_Direct,2,148,0,0,0.5669,False,True,False,CLASS_0,2.387,4.5
Policy_A_Direct,2,149,1,1,0.6481,False,True,False,CLASS_1,2.384,4.5
Policy_A_Direct,2,150,1,1,0.9598,False,True,False,CLASS_1,2.365,4.5
Policy_A_Direct,2,151,1,1,0.8924,False,True,False,CLASS_1,2.315,4.5
Policy_A_Direct,2,152,1,0,0.7967,False,False,True,CLASS_0,2.336,4.5
Policy_A_Direct,2,153,0,0,0.5136,False,True,False,CLASS_0,2.332,4.5
Policy_A_Direct,2,154,1,0,0.5529,False,False,True,CLASS_0,2.389,4.5
Policy_A_Direct,2,155,0,1,0.8664,False,False,True,CLASS_1,2.488,4.5
Policy_A_Direct,2,156,0,1,0.9283,False,False,True,CLASS_1,2.391,4.5
Policy_A_Direct,2,157,1,1,0.6251,False,True,False,CLASS_1,2.416,4.5
Policy_A_Direct,2,158,1,1,0.5143,False,True,False,CLASS_1,2.356,4.5
Policy_A_Direct,2,159,0,1,0.5015,False,False,True,CLASS_1,2.323,4.5
Policy_A_Direct,2,160,0,0,0.5407,False,True,False,CLASS_0,2.331,4.5
Policy_B_ConfidenceGated,2,1,1,1,0.9109,True,False,False,ABSTAIN,2.588,4.5
Policy_B_ConfidenceGated,2,2,0,0,0.6984,True,False,False,ABSTAIN,2.101,4.5
Policy_B_ConfidenceGated,2,3,0,0,0.5837,True,False,False,ABSTAIN,2.1,4.5
Policy_B_ConfidenceGated,2,4,1,0,0.6136,True,False,False,ABSTAIN,2.103,4.5
Policy_B_ConfidenceGated,2,5,0,1,0.8689,True,False,False,ABSTAIN,2.057,4.5
Policy_B_ConfidenceGated,2,6,0,1,0.5451,True,False,False,ABSTAIN,2.09,4.5
Policy_B_ConfidenceGated,2,7,0,0,0.5233,True,False,False,ABSTAIN,2.078,4.5
Policy_B_ConfidenceGated,2,8,1,1,0.8262,True,False,False,ABSTAIN,2.068,4.5
Policy_B_ConfidenceGated,2,9,0,1,0.807,True,False,False,ABSTAIN,2.123,4.5
Policy_B_ConfidenceGated,2,10,0,1,0.6578,True,False,False,ABSTAIN,2.111,4.5
Policy_B_ConfidenceGated,2,11,1,1,0.5709,True,False,False,ABSTAIN,2.07,4.5
Policy_B_ConfidenceGated,2,12,1,1,0.7045,True,False,False,ABSTAIN,2.09,4.5
Policy_B_ConfidenceGated,2,13,1,1,0.9075,True,False,False,ABSTAIN,2.077,4.5
Policy_B_ConfidenceGated,2,14,0,0,0.9255,True,False,False,ABSTAIN,2.057,4.5
Policy_B_ConfidenceGated,2,15,1,0,0.6462,True,False,False,ABSTAIN,2.091,4.5
Policy_B_ConfidenceGated,2,16,1,1,0.919,True,False,False,ABSTAIN,2.187,4.5
Policy_B_ConfidenceGated,2,17,1,0,0.936,True,False,False,ABSTAIN,2.278,4.5
Policy_B_ConfidenceGated,2,18,0,1,0.7222,True,False,False,ABSTAIN,2.246,4.5
Policy_B_ConfidenceGated,2,19,1,1,0.9413,True,False,False,ABSTAIN,2.219,4.5
Policy_B_ConfidenceGated,2,20,0,0,0.6962,True,False,False,ABSTAIN,2.199,4.5
Policy_B_ConfidenceGated,2,21,1,0,0.8444,True,False,False,ABSTAIN,2.185,4.5
Policy_B_ConfidenceGated,2,22,0,0,0.8456,False,True,False,CLASS_0,2.233,4.5
Policy_B_ConfidenceGated,2,23,1,1,0.6239,True,False,False,ABSTAIN,2.189,4.5
Policy_B_ConfidenceGated,2,24,1,0,0.5151,True,False,False,ABSTAIN,2.321,4.5
Policy_B_ConfidenceGated,2,25,1,1,0.9391,True,False,False,ABSTAIN,2.253,4.5
Policy_B_ConfidenceGated,2,26,0,0,0.9279,True,False,False,ABSTAIN,2.426,4.5
Policy_B_ConfidenceGated,2,27,0,0,0.9686,False,True,False,CLASS_0,2.267,4.5
Policy_B_ConfidenceGated,2,28,0,1,0.5144,True,False,False,ABSTAIN,2.33,4.5
Policy_B_ConfidenceGated,2,29,0,0,0.9513,True,False,False,ABSTAIN,2.228,4.5
Policy_B_ConfidenceGated,2,30,0,0,0.9377,False,True,False,CLASS_0,2.262,4.5
Policy_B_ConfidenceGated,2,31,1,0,0.6325,True,False,False,ABSTAIN,2.308,4.5
Policy_B_ConfidenceGated,2,32,1,1,0.5154,True,False,False,ABSTAIN,2.309,4.5
Policy_B_ConfidenceGated,2,33,1,0,0.8601,True,False,False,ABSTAIN,2.259,4.5
Policy_B_ConfidenceGated,2,34,0,0,0.5431,True,False,False,ABSTAIN,2.198,4.5
Policy_B_ConfidenceGated,2,35,0,1,0.8386,True,False,False,ABSTAIN,2.248,4.5
Policy_B_ConfidenceGated,2,36,1,0,0.9863,True,False,False,ABSTAIN,2.216,4.5
Policy_B_ConfidenceGated,2,37,1,0,0.8292,True,False,False,ABSTAIN,2.259,4.5
Policy_B_ConfidenceGated,2,38,0,0,0.9029,True,False,False,ABSTAIN,2.237,4.5
Policy_B_ConfidenceGated,2,39,0,0,0.6203,True,False,False,ABSTAIN,2.192,4.5
Policy_B_ConfidenceGated,2,40,1,1,0.7886,True,False,False,ABSTAIN,2.169,4.5
Policy_B_ConfidenceGated,2,41,1,0,0.6431,True,False,False,ABSTAIN,2.182,4.5
Policy_B_ConfidenceGated,2,42,1,1,0.6423,True,False,False,ABSTAIN,2.156,4.5
Policy_B_ConfidenceGated,2,43,1,1,0.8593,True,False,False,ABSTAIN,2.141,4.5
Policy_B_ConfidenceGated,2,44,0,1,0.8155,True,False,False,ABSTAIN,2.134,4.5
Policy_B_ConfidenceGated,2,45,1,1,0.8444,True,False,False,ABSTAIN,2.121,4.5
Policy_B_ConfidenceGated,2,46,0,0,0.7677,True,False,False,ABSTAIN,2.135,4.5
Policy_B_ConfidenceGated,2,47,0,1,0.8857,True,False,False,ABSTAIN,2.128,4.5
Policy_B_ConfidenceGated,2,48,1,1,0.8685,False,True,False,CLASS_1,2.1,4.5
Policy_B_ConfidenceGated,2,49,1,0,0.5182,True,False,False,ABSTAIN,2.106,4.5
Policy_B_ConfidenceGated,2,50,0,0,0.9728,True,False,False,ABSTAIN,2.108,4.5
Policy_B_ConfidenceGated,2,51,0,0,0.8838,False,True,False,CLASS_0,2.148,4.5
Policy_B_ConfidenceGated,2,52,0,0,0.9514,True,False,False,ABSTAIN,2.134,4.5
Policy_B_ConfidenceGated,2,53,0,1,0.521,True,False,False,ABSTAIN,2.15,4.5
Policy_B_ConfidenceGated,2,54,0,1,0.8573,True,False,False,ABSTAIN,2.103,4.5
Policy_B_ConfidenceGated,2,55,0,1,0.6894,True,False,False,ABSTAIN,2.303,4.5
Policy_B_ConfidenceGated,2,56,0,0,0.8226,True,False,False,ABSTAIN,2.401,4.5
Policy_B_ConfidenceGated,2,57,1,1,0.5849,True,False,False,ABSTAIN,2.109,4.5
Policy_B_ConfidenceGated,2,58,1,0,0.578,True,False,False,ABSTAIN,2.087,4.5
Policy_B_ConfidenceGated,2,59,1,1,0.6839,True,False,False,ABSTAIN,2.102,4.5
Policy_B_ConfidenceGated,2,60,1,1,0.7196,True,False,False,ABSTAIN,2.084,4.5
Policy_B_ConfidenceGated,2,61,1,1,0.8137,True,False,False,ABSTAIN,2.087,4.5
Policy_B_ConfidenceGated,2,62,0,0,0.8289,True,False,False,ABSTAIN,2.152,4.5
Policy_B_ConfidenceGated,2,63,0,0,0.9264,True,False,False,ABSTAIN,2.115,4.5
Policy_B_ConfidenceGated,2,64,1,0,0.9728,False,False,True,CLASS_0,2.811,4.5
Policy_B_ConfidenceGated,2,65,0,1,0.7424,True,False,False,ABSTAIN,2.196,4.5
Policy_B_ConfidenceGated,2,66,0,0,0.8623,True,False,False,ABSTAIN,2.171,4.5
Policy_B_ConfidenceGated,2,67,1,0,0.9277,False,False,True,CLASS_0,2.18,4.5
Policy_B_ConfidenceGated,2,68,0,0,0.7592,True,False,False,ABSTAIN,2.154,4.5
Policy_B_ConfidenceGated,2,69,0,0,0.8041,True,False,False,ABSTAIN,2.151,4.5
Policy_B_ConfidenceGated,2,70,0,0,0.6353,True,False,False,ABSTAIN,2.163,4.5
Policy_B_ConfidenceGated,2,71,0,0,0.7131,True,False,False,ABSTAIN,2.208,4.5
Policy_B_ConfidenceGated,2,72,1,0,0.9156,True,False,False,ABSTAIN,2.094,4.5
Policy_B_ConfidenceGated,2,73,1,0,0.7974,True,False,False,ABSTAIN,2.079,4.5
Policy_B_ConfidenceGated,2,74,1,1,0.6718,True,False,False,ABSTAIN,2.115,4.5
Policy_B_ConfidenceGated,2,75,1,0,0.5237,True,False,False,ABSTAIN,2.065,4.5
Policy_B_ConfidenceGated,2,76,1,0,0.6371,True,False,False,ABSTAIN,2.302,4.5
Policy_B_ConfidenceGated,2,77,0,0,0.5679,True,False,False,ABSTAIN,2.392,4.5
Policy_B_ConfidenceGated,2,78,1,0,0.6038,True,False,False,ABSTAIN,2.36,4.5
Policy_B_ConfidenceGated,2,79,1,1,0.925,True,False,False,ABSTAIN,2.303,4.5
Policy_B_ConfidenceGated,2,80,0,0,0.8947,True,False,False,ABSTAIN,2.304,4.5
Policy_B_ConfidenceGated,2,81,0,0,0.8939,False,True,False,CLASS_0,2.296,4.5
Policy_B_ConfidenceGated,2,82,0,1,0.5048,True,False,False,ABSTAIN,2.303,4.5
Policy_B_ConfidenceGated,2,83,0,1,0.524,True,False,False,ABSTAIN,2.318,4.5
Policy_B_ConfidenceGated,2,84,0,1,0.7232,True,False,False,ABSTAIN,2.458,4.5
Policy_B_ConfidenceGated,2,85,0,1,0.7656,True,False,False,ABSTAIN,2.308,4.5
Policy_B_ConfidenceGated,2,86,0,1,0.6711,True,False,False,ABSTAIN,2.329,4.5
Policy_B_ConfidenceGated,2,87,1,0,0.5228,True,False,False,ABSTAIN,2.344,4.5
Policy_B_ConfidenceGated,2,88,0,0,0.8714,True,False,False,ABSTAIN,2.312,4.5
Policy_B_ConfidenceGated,2,89,1,0,0.6867,True,False,False,ABSTAIN,2.35,4.5
Policy_B_ConfidenceGated,2,90,0,1,0.9266,True,False,False,ABSTAIN,2.334,4.5
Policy_B_ConfidenceGated,2,91,1,0,0.8172,True,False,False,ABSTAIN,2.317,4.5
Policy_B_ConfidenceGated,2,92,1,0,0.7213,True,False,False,ABSTAIN,2.333,4.5
Policy_B_ConfidenceGated,2,93,0,0,0.6877,True,False,False,ABSTAIN,2.335,4.5
Policy_B_ConfidenceGated,2,94,0,0,0.5145,True,False,False,ABSTAIN,2.401,4.5
Policy_B_ConfidenceGated,2,95,1,0,0.7964,True,False,False,ABSTAIN,2.334,4.5
Policy_B_ConfidenceGated,2,96,1,0,0.9461,True,False,False,ABSTAIN,2.375,4.5
Policy_B_ConfidenceGated,2,97,1,0,0.7062,True,False,False,ABSTAIN,2.813,4.5
Policy_B_ConfidenceGated,2,98,1,0,0.6937,True,False,False,ABSTAIN,5.926,4.5
Policy_B_ConfidenceGated,2,99,0,0,0.857,True,False,False,ABSTAIN,2.456,4.5
Policy_B_ConfidenceGated,2,100,0,0,0.7992,True,False,False,ABSTAIN,2.449,4.5
Policy_B_ConfidenceGated,2,101,0,0,0.845,True,False,False,ABSTAIN,2.321,4.5
Policy_B_ConfidenceGated,2,102,0,1,0.874,True,False,False,ABSTAIN,2.457,4.5
Policy_B_ConfidenceGated,2,103,1,0,0.896,True,False,False,ABSTAIN,2.441,4.5
Policy_B_ConfidenceGated,2,104,0,1,0.9724,True,False,False,ABSTAIN,2.427,4.5
Policy_B_ConfidenceGated,2,105,0,0,0.9393,True,False,False,ABSTAIN,2.495,4.5
Policy_B_ConfidenceGated,2,106,1,0,0.7271,True,False,False,ABSTAIN,2.354,4.5
Policy_B_ConfidenceGated,2,107,1,0,0.5769,True,False,False,ABSTAIN,2.45,4.5
Policy_B_ConfidenceGated,2,108,0,0,0.6705,True,False,False,ABSTAIN,2.464,4.5
Policy_B_ConfidenceGated,2,109,0,0,0.9549,True,False,False,ABSTAIN,2.48,4.5
Policy_B_ConfidenceGated,2,110,1,0,0.9871,False,False,True,CLASS_0,2.402,4.5
Policy_B_ConfidenceGated,2,111,1,1,0.7536,True,False,False,ABSTAIN,2.542,4.5
Policy_B_ConfidenceGated,2,112,1,1,0.9833,True,False,False,ABSTAIN,2.391,4.5
Policy_B_ConfidenceGated,2,113,1,1,0.5832,True,False,False,ABSTAIN,2.461,4.5
Policy_B_ConfidenceGated,2,114,1,1,0.7813,True,False,False,ABSTAIN,2.329,4.5
Policy_B_ConfidenceGated,2,115,1,1,0.9603,True,False,False,ABSTAIN,2.351,4.5
Policy_B_ConfidenceGated,2,116,1,0,0.5348,True,False,False,ABSTAIN,2.42,4.5
Policy_B_ConfidenceGated,2,117,0,1,0.9438,True,False,False,ABSTAIN,2.497,4.5
Policy_B_ConfidenceGated,2,118,1,1,0.5948,True,False,False,ABSTAIN,2.441,4.5
Policy_B_ConfidenceGated,2,119,1,0,0.7434,True,False,False,ABSTAIN,2.416,4.5
Policy_B_ConfidenceGated,2,120,0,0,0.8481,True,False,False,ABSTAIN,2.226,4.5
Policy_B_ConfidenceGated,2,121,1,0,0.6881,True,False,False,ABSTAIN,2.167,4.5
Policy_B_ConfidenceGated,2,122,0,1,0.8059,True,False,False,ABSTAIN,2.164,4.5
Policy_B_ConfidenceGated,2,123,1,0,0.951,True,False,False,ABSTAIN,2.158,4.5
Policy_B_ConfidenceGated,2,124,1,1,0.6929,True,False,False,ABSTAIN,2.337,4.5
Policy_B_ConfidenceGated,2,125,0,0,0.7196,True,False,False,ABSTAIN,2.291,4.5
Policy_B_ConfidenceGated,2,126,1,0,0.966,True,False,False,ABSTAIN,2.306,4.5
Policy_B_ConfidenceGated,2,127,0,1,0.6633,True,False,False,ABSTAIN,2.32,4.5
Policy_B_ConfidenceGated,2,128,1,0,0.7635,True,False,False,ABSTAIN,2.35,4.5
Policy_B_ConfidenceGated,2,129,1,0,0.8158,True,False,False,ABSTAIN,2.51,4.5
Policy_B_ConfidenceGated,2,130,1,1,0.932,True,False,False,ABSTAIN,2.372,4.5
Policy_B_ConfidenceGated,2,131,0,1,0.635,True,False,False,ABSTAIN,2.368,4.5
Policy_B_ConfidenceGated,2,132,1,0,0.985,True,False,False,ABSTAIN,2.141,4.5
Policy_B_ConfidenceGated,2,133,0,1,0.9909,True,False,False,ABSTAIN,2.179,4.5
Policy_B_ConfidenceGated,2,134,0,1,0.9637,False,False,True,CLASS_1,2.181,4.5
Policy_B_ConfidenceGated,2,135,0,1,0.7258,True,False,False,ABSTAIN,2.223,4.5
Policy_B_ConfidenceGated,2,136,1,1,0.5326,True,False,False,ABSTAIN,2.207,4.5
Policy_B_ConfidenceGated,2,137,0,0,0.8537,True,False,False,ABSTAIN,2.28,4.5
Policy_B_ConfidenceGated,2,138,0,1,0.8134,True,False,False,ABSTAIN,2.413,4.5
Policy_B_ConfidenceGated,2,139,0,0,0.6244,True,False,False,ABSTAIN,2.403,4.5
Policy_B_ConfidenceGated,2,140,0,1,0.7411,True,False,False,ABSTAIN,2.365,4.5
Policy_B_ConfidenceGated,2,141,1,1,0.9419,True,False,False,ABSTAIN,2.367,4.5
Policy_B_ConfidenceGated,2,142,1,1,0.8786,False,True,False,CLASS_1,2.4,4.5
Policy_B_ConfidenceGated,2,143,1,0,0.6934,True,False,False,ABSTAIN,2.341,4.5
Policy_B_ConfidenceGated,2,144,0,0,0.6915,True,False,False,ABSTAIN,2.356,4.5
Policy_B_ConfidenceGated,2,145,0,1,0.929,True,False,False,ABSTAIN,2.34,4.5
Policy_B_ConfidenceGated,2,146,0,1,0.9253,False,False,True,CLASS_1,2.385,4.5
Policy_B_ConfidenceGated,2,147,1,0,0.8432,True,False,False,ABSTAIN,2.404,4.5
Policy_B_ConfidenceGated,2,148,0,0,0.5669,True,False,False,ABSTAIN,2.417,4.5
Policy_B_ConfidenceGated,2,149,1,1,0.6481,True,False,False,ABSTAIN,2.373,4.5
Policy_B_ConfidenceGated,2,150,1,1,0.9598,True,False,False,ABSTAIN,2.429,4.5
Policy_B_ConfidenceGated,2,151,1,1,0.8924,False,True,False,CLASS_1,2.364,4.5
Policy_B_ConfidenceGated,2,152,1,0,0.7967,True,False,False,ABSTAIN,2.397,4.5
Policy_B_ConfidenceGated,2,153,0,0,0.5136,True,False,False,ABSTAIN,2.479,4.5
Policy_B_ConfidenceGated,2,154,1,0,0.5529,True,False,False,ABSTAIN,2.594,4.5
Policy_B_ConfidenceGated,2,155,0,1,0.8664,True,False,False,ABSTAIN,2.598,4.5
Policy_B_ConfidenceGated,2,156,0,1,0.9283,False,False,True,CLASS_1,2.487,4.5
Policy_B_ConfidenceGated,2,157,1,1,0.6251,True,False,False,ABSTAIN,2.438,4.5
Policy_B_ConfidenceGated,2,158,1,1,0.5143,True,False,False,ABSTAIN,2.453,4.5
Policy_B_ConfidenceGated,2,159,0,1,0.5015,True,False,False,ABSTAIN,2.436,4.5
Policy_B_ConfidenceGated,2,160,0,0,0.5407,True,False,False,ABSTAIN,2.485,4.5
Policy_C_SharedControl,2,1,1,1,0.9109,True,False,False,,2.753,4.5
Policy_C_SharedControl,2,2,0,0,0.6984,True,False,False,,2.357,4.5
Policy_C_SharedControl,2,3,0,0,0.5837,True,False,False,,2.341,4.5
Policy_C_SharedControl,2,4,1,0,0.6136,True,False,False,,2.343,4.5
Policy_C_SharedControl,2,5,0,1,0.8689,True,False,False,,2.294,4.5
Policy_C_SharedControl,2,6,0,1,0.5451,True,False,False,,2.311,4.5
Policy_C_SharedControl,2,7,0,0,0.5233,True,False,False,,2.254,4.5
Policy_C_SharedControl,2,8,1,1,0.8262,True,False,False,,2.549,4.5
Policy_C_SharedControl,2,9,0,1,0.807,True,False,False,,2.594,4.5
Policy_C_SharedControl,2,10,0,1,0.6578,True,False,False,,2.575,4.5
Policy_C_SharedControl,2,11,1,1,0.5709,True,False,False,,2.479,4.5
Policy_C_SharedControl,2,12,1,1,0.7045,True,False,False,,2.28,4.5
Policy_C_SharedControl,2,13,1,1,0.9075,True,False,False,,2.338,4.5
Policy_C_SharedControl,2,14,0,0,0.9255,True,False,False,,2.325,4.5
Policy_C_SharedControl,2,15,1,0,0.6462,True,False,False,,2.936,4.5
Policy_C_SharedControl,2,16,1,1,0.919,True,False,False,,2.728,4.5
Policy_C_SharedControl,2,17,1,0,0.936,True,False,False,,2.744,4.5
Policy_C_SharedControl,2,18,0,1,0.7222,True,False,False,,2.713,4.5
Policy_C_SharedControl,2,19,1,1,0.9413,True,False,False,,2.736,4.5
Policy_C_SharedControl,2,20,0,0,0.6962,True,False,False,,2.723,4.5
Policy_C_SharedControl,2,21,1,0,0.8444,True,False,False,,3.111,4.5
Policy_C_SharedControl,2,22,0,0,0.8456,False,True,False,SELECT_LEFT,3.005,4.5
Policy_C_SharedControl,2,23,1,1,0.6239,True,False,False,,2.984,4.5
Policy_C_SharedControl,2,24,1,0,0.5151,True,False,False,,2.981,4.5
Policy_C_SharedControl,2,25,1,1,0.9391,True,False,False,,2.841,4.5
Policy_C_SharedControl,2,26,0,0,0.9279,True,False,False,,2.895,4.5
Policy_C_SharedControl,2,27,0,0,0.9686,False,True,False,REACH_FORWARD,3.477,4.5
Policy_C_SharedControl,2,28,0,1,0.5144,True,False,False,,3.326,4.5
Policy_C_SharedControl,2,29,0,0,0.9513,True,False,False,,2.975,4.5
Policy_C_SharedControl,2,30,0,0,0.9377,False,True,False,GRASP_OPEN,3.003,4.5
Policy_C_SharedControl,2,31,1,0,0.6325,True,False,False,,3.191,4.5
Policy_C_SharedControl,2,32,1,1,0.5154,True,False,False,,3.524,4.5
Policy_C_SharedControl,2,33,1,0,0.8601,True,False,False,,3.853,4.5
Policy_C_SharedControl,2,34,0,0,0.5431,True,False,False,,3.555,4.5
Policy_C_SharedControl,2,35,0,1,0.8386,True,False,False,,3.545,4.5
Policy_C_SharedControl,2,36,1,0,0.9863,True,False,False,,3.642,4.5
Policy_C_SharedControl,2,37,1,0,0.8292,True,False,False,,4.453,4.5
Policy_C_SharedControl,2,38,0,0,0.9029,True,False,False,,4.377,4.5
Policy_C_SharedControl,2,39,0,0,0.6203,True,False,False,,3.684,4.5
Policy_C_SharedControl,2,40,1,1,0.7886,True,False,False,,4.083,4.5
Policy_C_SharedControl,2,41,1,0,0.6431,True,False,False,,4.594,4.5
Policy_C_SharedControl,2,42,1,1,0.6423,True,False,False,,4.466,4.5
Policy_C_SharedControl,2,43,1,1,0.8593,True,False,False,,4.518,4.5
Policy_C_SharedControl,2,44,0,1,0.8155,True,False,False,,4.426,4.5
Policy_C_SharedControl,2,45,1,1,0.8444,True,False,False,,4.53,4.5
Policy_C_SharedControl,2,46,0,0,0.7677,True,False,False,,4.942,4.5
Policy_C_SharedControl,2,47,0,1,0.8857,True,False,False,,5.805,4.5
Policy_C_SharedControl,2,48,1,1,0.8685,False,True,False,GRASP_CLOSE,4.966,4.5
Policy_C_SharedControl,2,49,1,0,0.5182,True,False,False,,4.999,4.5
Policy_C_SharedControl,2,50,0,0,0.9728,True,False,False,,5.215,4.5
Policy_C_SharedControl,2,51,0,0,0.8838,False,True,False,GRASP_OPEN,4.594,4.5
Policy_C_SharedControl,2,52,0,0,0.9514,True,False,False,,4.812,4.5
Policy_C_SharedControl,2,53,0,1,0.521,True,False,False,,5.267,4.5
Policy_C_SharedControl,2,54,0,1,0.8573,True,False,False,,4.908,4.5
Policy_C_SharedControl,2,55,0,1,0.6894,True,False,False,,4.78,4.5
Policy_C_SharedControl,2,56,0,0,0.8226,True,False,False,,5.523,4.5
Policy_C_SharedControl,2,57,1,1,0.5849,True,False,False,,4.474,4.5
Policy_C_SharedControl,2,58,1,0,0.578,True,False,False,,4.743,4.5
Policy_C_SharedControl,2,59,1,1,0.6839,True,False,False,,4.464,4.5
Policy_C_SharedControl,2,60,1,1,0.7196,True,False,False,,4.49,4.5
Policy_C_SharedControl,2,61,1,1,0.8137,True,False,False,,4.901,4.5
Policy_C_SharedControl,2,62,0,0,0.8289,True,False,False,,5.631,4.5
Policy_C_SharedControl,2,63,0,0,0.9264,True,False,False,,4.565,4.5
Policy_C_SharedControl,2,64,1,0,0.9728,False,False,True,GRASP_OPEN,4.872,4.5
Policy_C_SharedControl,2,65,0,1,0.7424,True,False,False,,5.642,4.5
Policy_C_SharedControl,2,66,0,0,0.8623,True,False,False,,5.022,4.5
Policy_C_SharedControl,2,67,1,0,0.9277,False,False,True,GRASP_OPEN,5.023,4.5
Policy_C_SharedControl,2,68,0,0,0.7592,True,False,False,,5.132,4.5
Policy_C_SharedControl,2,69,0,0,0.8041,True,False,False,,5.02,4.5
Policy_C_SharedControl,2,70,0,0,0.6353,True,False,False,,4.928,4.5
Policy_C_SharedControl,2,71,0,0,0.7131,True,False,False,,5.106,4.5
Policy_C_SharedControl,2,72,1,0,0.9156,True,False,False,,4.517,4.5
Policy_C_SharedControl,2,73,1,0,0.7974,True,False,False,,4.955,4.5
Policy_C_SharedControl,2,74,1,1,0.6718,True,False,False,,5.227,4.5
Policy_C_SharedControl,2,75,1,0,0.5237,True,False,False,,4.872,4.5
Policy_C_SharedControl,2,76,1,0,0.6371,True,False,False,,4.952,4.5
Policy_C_SharedControl,2,77,0,0,0.5679,True,False,False,,5.072,4.5
Policy_C_SharedControl,2,78,1,0,0.6038,True,False,False,,4.952,4.5
Policy_C_SharedControl,2,79,1,1,0.925,True,False,False,,4.761,4.5
Policy_C_SharedControl,2,80,0,0,0.8947,True,False,False,,4.897,4.5
Policy_C_SharedControl,2,81,0,0,0.8939,False,True,False,GRASP_OPEN,5.019,4.5
Policy_C_SharedControl,2,82,0,1,0.5048,True,False,False,,4.639,4.5
Policy_C_SharedControl,2,83,0,1,0.524,True,False,False,,4.839,4.5
Policy_C_SharedControl,2,84,0,1,0.7232,True,False,False,,5.213,4.5
Policy_C_SharedControl,2,85,0,1,0.7656,True,False,False,,4.839,4.5
Policy_C_SharedControl,2,86,0,1,0.6711,True,False,False,,4.83,4.5
Policy_C_SharedControl,2,87,1,0,0.5228,True,False,False,,5.053,4.5
Policy_C_SharedControl,2,88,0,0,0.8714,True,False,False,,4.685,4.5
Policy_C_SharedControl,2,89,1,0,0.6867,True,False,False,,4.937,4.5
Policy_C_SharedControl,2,90,0,1,0.9266,True,False,False,,5.044,4.5
Policy_C_SharedControl,2,91,1,0,0.8172,True,False,False,,5.3,4.5
Policy_C_SharedControl,2,92,1,0,0.7213,True,False,False,,27.397,4.5
Policy_C_SharedControl,2,93,0,0,0.6877,True,False,False,,5.902,4.5
Policy_C_SharedControl,2,94,0,0,0.5145,True,False,False,,5.147,4.5
Policy_C_SharedControl,2,95,1,0,0.7964,True,False,False,,5.276,4.5
Policy_C_SharedControl,2,96,1,0,0.9461,True,False,False,,5.114,4.5
Policy_C_SharedControl,2,97,1,0,0.7062,True,False,False,,5.143,4.5
Policy_C_SharedControl,2,98,1,0,0.6937,True,False,False,,5.419,4.5
Policy_C_SharedControl,2,99,0,0,0.857,True,False,False,,5.139,4.5
Policy_C_SharedControl,2,100,0,0,0.7992,True,False,False,,5.235,4.5
Policy_C_SharedControl,2,101,0,0,0.845,True,False,False,,5.25,4.5
Policy_C_SharedControl,2,102,0,1,0.874,True,False,False,,5.498,4.5
Policy_C_SharedControl,2,103,1,0,0.896,True,False,False,,5.173,4.5
Policy_C_SharedControl,2,104,0,1,0.9724,True,False,False,,5.273,4.5
Policy_C_SharedControl,2,105,0,0,0.9393,True,False,False,,4.942,4.5
Policy_C_SharedControl,2,106,1,0,0.7271,True,False,False,,4.837,4.5
Policy_C_SharedControl,2,107,1,0,0.5769,True,False,False,,5.007,4.5
Policy_C_SharedControl,2,108,0,0,0.6705,True,False,False,,5.023,4.5
Policy_C_SharedControl,2,109,0,0,0.9549,True,False,False,,5.184,4.5
Policy_C_SharedControl,2,110,1,0,0.9871,False,False,True,GRASP_OPEN,5.063,4.5
Policy_C_SharedControl,2,111,1,1,0.7536,True,False,False,,5.271,4.5
Policy_C_SharedControl,2,112,1,1,0.9833,True,False,False,,5.097,4.5
Policy_C_SharedControl,2,113,1,1,0.5832,True,False,False,,5.184,4.5
Policy_C_SharedControl,2,114,1,1,0.7813,True,False,False,,5.116,4.5
Policy_C_SharedControl,2,115,1,1,0.9603,True,False,False,,5.118,4.5
Policy_C_SharedControl,2,116,1,0,0.5348,True,False,False,,5.161,4.5
Policy_C_SharedControl,2,117,0,1,0.9438,True,False,False,,5.138,4.5
Policy_C_SharedControl,2,118,1,1,0.5948,True,False,False,,5.125,4.5
Policy_C_SharedControl,2,119,1,0,0.7434,True,False,False,,5.019,4.5
Policy_C_SharedControl,2,120,0,0,0.8481,True,False,False,,5.065,4.5
Policy_C_SharedControl,2,121,1,0,0.6881,True,False,False,,5.334,4.5
Policy_C_SharedControl,2,122,0,1,0.8059,True,False,False,,5.112,4.5
Policy_C_SharedControl,2,123,1,0,0.951,True,False,False,,5.024,4.5
Policy_C_SharedControl,2,124,1,1,0.6929,True,False,False,,5.378,4.5
Policy_C_SharedControl,2,125,0,0,0.7196,True,False,False,,5.067,4.5
Policy_C_SharedControl,2,126,1,0,0.966,True,False,False,,5.024,4.5
Policy_C_SharedControl,2,127,0,1,0.6633,True,False,False,,5.154,4.5
Policy_C_SharedControl,2,128,1,0,0.7635,True,False,False,,5.081,4.5
Policy_C_SharedControl,2,129,1,0,0.8158,True,False,False,,5.55,4.5
Policy_C_SharedControl,2,130,1,1,0.932,True,False,False,,5.094,4.5
Policy_C_SharedControl,2,131,0,1,0.635,True,False,False,,5.266,4.5
Policy_C_SharedControl,2,132,1,0,0.985,True,False,False,,5.105,4.5
Policy_C_SharedControl,2,133,0,1,0.9909,True,False,False,,5.197,4.5
Policy_C_SharedControl,2,134,0,1,0.9637,False,False,True,GRASP_CLOSE,5.215,4.5
Policy_C_SharedControl,2,135,0,1,0.7258,True,False,False,,5.102,4.5
Policy_C_SharedControl,2,136,1,1,0.5326,True,False,False,,5.083,4.5
Policy_C_SharedControl,2,137,0,0,0.8537,True,False,False,,5.268,4.5
Policy_C_SharedControl,2,138,0,1,0.8134,True,False,False,,5.058,4.5
Policy_C_SharedControl,2,139,0,0,0.6244,True,False,False,,5.101,4.5
Policy_C_SharedControl,2,140,0,1,0.7411,True,False,False,,5.15,4.5
Policy_C_SharedControl,2,141,1,1,0.9419,True,False,False,,4.976,4.5
Policy_C_SharedControl,2,142,1,1,0.8786,False,True,False,GRASP_CLOSE,5.038,4.5
Policy_C_SharedControl,2,143,1,0,0.6934,True,False,False,,5.207,4.5
Policy_C_SharedControl,2,144,0,0,0.6915,True,False,False,,5.128,4.5
Policy_C_SharedControl,2,145,0,1,0.929,True,False,False,,5.154,4.5
Policy_C_SharedControl,2,146,0,1,0.9253,False,False,True,GRASP_CLOSE,5.09,4.5
Policy_C_SharedControl,2,147,1,0,0.8432,True,False,False,,5.353,4.5
Policy_C_SharedControl,2,148,0,0,0.5669,True,False,False,,5.183,4.5
Policy_C_SharedControl,2,149,1,1,0.6481,True,False,False,,5.05,4.5
Policy_C_SharedControl,2,150,1,1,0.9598,True,False,False,,5.413,4.5
Policy_C_SharedControl,2,151,1,1,0.8924,False,True,False,GRASP_CLOSE,5.117,4.5
Policy_C_SharedControl,2,152,1,0,0.7967,True,False,False,,5.057,4.5
Policy_C_SharedControl,2,153,0,0,0.5136,True,False,False,,5.282,4.5
Policy_C_SharedControl,2,154,1,0,0.5529,True,False,False,,5.016,4.5
Policy_C_SharedControl,2,155,0,1,0.8664,True,False,False,,5.138,4.5
Policy_C_SharedControl,2,156,0,1,0.9283,False,False,True,GRASP_CLOSE,5.149,4.5
Policy_C_SharedControl,2,157,1,1,0.6251,True,False,False,,5.173,4.5
Policy_C_SharedControl,2,158,1,1,0.5143,True,False,False,,5.016,4.5
Policy_C_SharedControl,2,159,0,1,0.5015,True,False,False,,5.177,4.5
Policy_C_SharedControl,2,160,0,0,0.5407,True,False,False,,5.242,4.5
Policy_A_Direct,3,1,1,1,0.9049,False,True,False,CLASS_1,153.785,4.5
Policy_A_Direct,3,2,0,1,0.7673,False,False,True,CLASS_1,1.792,4.5
Policy_A_Direct,3,3,1,1,0.5318,False,True,False,CLASS_1,1.791,4.5
Policy_A_Direct,3,4,0,1,0.6425,False,False,True,CLASS_1,1.8,4.5
Policy_A_Direct,3,5,0,1,0.7103,False,False,True,CLASS_1,1.804,4.5
Policy_A_Direct,3,6,0,0,0.5709,False,True,False,CLASS_0,1.828,4.5
Policy_A_Direct,3,7,1,1,0.9355,False,True,False,CLASS_1,1.752,4.5
Policy_A_Direct,3,8,0,1,0.5684,False,False,True,CLASS_1,1.787,4.5
Policy_A_Direct,3,9,0,1,0.838,False,False,True,CLASS_1,1.68,4.5
Policy_A_Direct,3,10,0,1,0.9619,False,False,True,CLASS_1,1.66,4.5
Policy_A_Direct,3,11,1,0,0.7543,False,False,True,CLASS_0,1.688,4.5
Policy_A_Direct,3,12,0,1,0.6672,False,False,True,CLASS_1,1.673,4.5
Policy_A_Direct,3,13,1,0,0.6455,False,False,True,CLASS_0,1.718,4.5
Policy_A_Direct,3,14,0,1,0.8893,False,False,True,CLASS_1,1.697,4.5
Policy_A_Direct,3,15,1,1,0.6519,False,True,False,CLASS_1,1.661,4.5
Policy_A_Direct,3,16,0,1,0.6487,False,False,True,CLASS_1,1.769,4.5
Policy_A_Direct,3,17,0,0,0.8146,False,True,False,CLASS_0,1.672,4.5
Policy_A_Direct,3,18,0,0,0.6605,False,True,False,CLASS_0,1.671,4.5
Policy_A_Direct,3,19,0,1,0.8871,False,False,True,CLASS_1,1.665,4.5
Policy_A_Direct,3,20,0,1,0.9357,False,False,True,CLASS_1,1.682,4.5
Policy_A_Direct,3,21,1,0,0.5111,False,False,True,CLASS_0,1.699,4.5
Policy_A_Direct,3,22,1,1,0.7958,False,True,False,CLASS_1,1.679,4.5
Policy_A_Direct,3,23,1,1,0.7838,False,True,False,CLASS_1,1.647,4.5
Policy_A_Direct,3,24,0,1,0.8789,False,False,True,CLASS_1,1.771,4.5
Policy_A_Direct,3,25,1,0,0.8229,False,False,True,CLASS_0,1.758,4.5
Policy_A_Direct,3,26,1,1,0.8575,False,True,False,CLASS_1,1.757,4.5
Policy_A_Direct,3,27,1,0,0.9138,False,False,True,CLASS_0,1.8,4.5
Policy_A_Direct,3,28,1,1,0.7658,False,True,False,CLASS_1,1.734,4.5
Policy_A_Direct,3,29,0,1,0.8154,False,False,True,CLASS_1,1.72,4.5
Policy_A_Direct,3,30,1,1,0.7276,False,True,False,CLASS_1,1.679,4.5
Policy_A_Direct,3,31,1,1,0.799,False,True,False,CLASS_1,1.736,4.5
Policy_A_Direct,3,32,1,0,0.6162,False,False,True,CLASS_0,1.695,4.5
Policy_A_Direct,3,33,0,1,0.8248,False,False,True,CLASS_1,1.688,4.5
Policy_A_Direct,3,34,0,1,0.8527,False,False,True,CLASS_1,1.691,4.5
Policy_A_Direct,3,35,1,0,0.7853,False,False,True,CLASS_0,1.703,4.5
Policy_A_Direct,3,36,1,1,0.9463,False,True,False,CLASS_1,1.832,4.5
Policy_A_Direct,3,37,0,1,0.724,False,False,True,CLASS_1,1.729,4.5
Policy_A_Direct,3,38,1,1,0.7919,False,True,False,CLASS_1,1.769,4.5
Policy_A_Direct,3,39,0,1,0.7806,False,False,True,CLASS_1,1.722,4.5
Policy_A_Direct,3,40,1,1,0.954,False,True,False,CLASS_1,1.691,4.5
Policy_A_Direct,3,41,1,1,0.6357,False,True,False,CLASS_1,1.687,4.5
Policy_A_Direct,3,42,0,1,0.7504,False,False,True,CLASS_1,1.687,4.5
Policy_A_Direct,3,43,0,0,0.7285,False,True,False,CLASS_0,1.728,4.5
Policy_A_Direct,3,44,1,1,0.5027,False,True,False,CLASS_1,1.699,4.5
Policy_A_Direct,3,45,0,1,0.6209,False,False,True,CLASS_1,1.696,4.5
Policy_A_Direct,3,46,0,1,0.9117,False,False,True,CLASS_1,1.749,4.5
Policy_A_Direct,3,47,0,0,0.7885,False,True,False,CLASS_0,1.742,4.5
Policy_A_Direct,3,48,1,1,0.968,False,True,False,CLASS_1,1.735,4.5
Policy_A_Direct,3,49,0,1,0.8105,False,False,True,CLASS_1,1.698,4.5
Policy_A_Direct,3,50,0,1,0.7151,False,False,True,CLASS_1,1.678,4.5
Policy_A_Direct,3,51,1,1,0.9415,False,True,False,CLASS_1,1.668,4.5
Policy_A_Direct,3,52,1,1,0.7187,False,True,False,CLASS_1,1.685,4.5
Policy_A_Direct,3,53,1,1,0.8984,False,True,False,CLASS_1,1.677,4.5
Policy_A_Direct,3,54,0,1,0.8415,False,False,True,CLASS_1,1.655,4.5
Policy_A_Direct,3,55,1,0,0.5428,False,False,True,CLASS_0,1.74,4.5
Policy_A_Direct,3,56,1,0,0.596,False,False,True,CLASS_0,1.692,4.5
Policy_A_Direct,3,57,1,1,0.8741,False,True,False,CLASS_1,1.629,4.5
Policy_A_Direct,3,58,0,1,0.7141,False,False,True,CLASS_1,1.671,4.5
Policy_A_Direct,3,59,1,1,0.7507,False,True,False,CLASS_1,1.649,4.5
Policy_A_Direct,3,60,0,1,0.8226,False,False,True,CLASS_1,1.704,4.5
Policy_A_Direct,3,61,1,1,0.8824,False,True,False,CLASS_1,1.724,4.5
Policy_A_Direct,3,62,0,1,0.9322,False,False,True,CLASS_1,1.726,4.5
Policy_A_Direct,3,63,1,0,0.7061,False,False,True,CLASS_0,1.722,4.5
Policy_A_Direct,3,64,1,0,0.5332,False,False,True,CLASS_0,1.686,4.5
Policy_A_Direct,3,65,1,1,0.7314,False,True,False,CLASS_1,1.732,4.5
Policy_A_Direct,3,66,0,1,0.5551,False,False,True,CLASS_1,1.776,4.5
Policy_A_Direct,3,67,0,0,0.6979,False,True,False,CLASS_0,1.753,4.5
Policy_A_Direct,3,68,0,0,0.597,False,True,False,CLASS_0,1.724,4.5
Policy_A_Direct,3,69,0,1,0.6786,False,False,True,CLASS_1,1.776,4.5
Policy_A_Direct,3,70,0,1,0.9217,False,False,True,CLASS_1,1.771,4.5
Policy_A_Direct,3,71,1,1,0.8779,False,True,False,CLASS_1,1.775,4.5
Policy_A_Direct,3,72,1,1,0.8081,False,True,False,CLASS_1,1.819,4.5
Policy_A_Direct,3,73,1,0,0.5242,False,False,True,CLASS_0,1.808,4.5
Policy_A_Direct,3,74,0,1,0.5445,False,False,True,CLASS_1,1.902,4.5
Policy_A_Direct,3,75,0,0,0.7963,False,True,False,CLASS_0,1.803,4.5
Policy_A_Direct,3,76,1,0,0.9392,False,False,True,CLASS_0,1.835,4.5
Policy_A_Direct,3,77,1,0,0.7008,False,False,True,CLASS_0,1.843,4.5
Policy_A_Direct,3,78,0,0,0.5476,False,True,False,CLASS_0,1.972,4.5
Policy_A_Direct,3,79,0,1,0.8498,False,False,True,CLASS_1,1.941,4.5
Policy_A_Direct,3,80,1,1,0.9775,False,True,False,CLASS_1,1.898,4.5
Policy_A_Direct,3,81,1,1,0.8569,False,True,False,CLASS_1,1.915,4.5
Policy_A_Direct,3,82,1,1,0.8288,False,True,False,CLASS_1,1.933,4.5
Policy_A_Direct,3,83,1,1,0.6842,False,True,False,CLASS_1,1.87,4.5
Policy_A_Direct,3,84,0,1,0.8524,False,False,True,CLASS_1,1.921,4.5
Policy_A_Direct,3,85,1,0,0.9308,False,False,True,CLASS_0,1.937,4.5
Policy_A_Direct,3,86,0,1,0.6096,False,False,True,CLASS_1,2.014,4.5
Policy_A_Direct,3,87,0,0,0.6077,False,True,False,CLASS_0,1.974,4.5
Policy_A_Direct,3,88,1,1,0.9319,False,True,False,CLASS_1,2.007,4.5
Policy_A_Direct,3,89,1,1,0.5732,False,True,False,CLASS_1,1.993,4.5
Policy_A_Direct,3,90,0,1,0.6452,False,False,True,CLASS_1,1.996,4.5
Policy_A_Direct,3,91,0,1,0.7956,False,False,True,CLASS_1,2.013,4.5
Policy_A_Direct,3,92,0,0,0.8344,False,True,False,CLASS_0,2.018,4.5
Policy_A_Direct,3,93,0,1,0.9424,False,False,True,CLASS_1,2.019,4.5
Policy_A_Direct,3,94,0,1,0.7721,False,False,True,CLASS_1,2.135,4.5
Policy_A_Direct,3,95,0,1,0.8306,False,False,True,CLASS_1,2.094,4.5
Policy_A_Direct,3,96,0,1,0.8782,False,False,True,CLASS_1,2.093,4.5
Policy_A_Direct,3,97,1,1,0.9625,False,True,False,CLASS_1,2.128,4.5
Policy_A_Direct,3,98,1,1,0.7826,False,True,False,CLASS_1,2.113,4.5
Policy_A_Direct,3,99,1,1,0.8046,False,True,False,CLASS_1,2.091,4.5
Policy_A_Direct,3,100,1,0,0.6812,False,False,True,CLASS_0,2.223,4.5
Policy_A_Direct,3,101,1,1,0.936,False,True,False,CLASS_1,2.297,4.5
Policy_A_Direct,3,102,0,1,0.7165,False,False,True,CLASS_1,2.315,4.5
Policy_A_Direct,3,103,0,1,0.8736,False,False,True,CLASS_1,2.302,4.5
Policy_A_Direct,3,104,1,1,0.7316,False,True,False,CLASS_1,2.353,4.5
Policy_A_Direct,3,105,0,0,0.5802,False,True,False,CLASS_0,2.374,4.5
Policy_A_Direct,3,106,0,1,0.8196,False,False,True,CLASS_1,2.276,4.5
Policy_A_Direct,3,107,1,1,0.6614,False,True,False,CLASS_1,2.88,4.5
Policy_A_Direct,3,108,0,1,0.9741,False,False,True,CLASS_1,3.286,4.5
Policy_A_Direct,3,109,0,1,0.8493,False,False,True,CLASS_1,2.953,4.5
Policy_A_Direct,3,110,0,1,0.5074,False,False,True,CLASS_1,2.991,4.5
Policy_A_Direct,3,111,0,1,0.9742,False,False,True,CLASS_1,2.938,4.5
Policy_A_Direct,3,112,1,1,0.7397,False,True,False,CLASS_1,2.829,4.5
Policy_A_Direct,3,113,1,0,0.5643,False,False,True,CLASS_0,2.813,4.5
Policy_A_Direct,3,114,1,0,0.6499,False,False,True,CLASS_0,2.8,4.5
Policy_A_Direct,3,115,1,0,0.684,False,False,True,CLASS_0,2.597,4.5
Policy_A_Direct,3,116,1,1,0.9361,False,True,False,CLASS_1,2.646,4.5
Policy_A_Direct,3,117,0,0,0.5626,False,True,False,CLASS_0,2.666,4.5
Policy_A_Direct,3,118,1,1,0.7239,False,True,False,CLASS_1,2.627,4.5
Policy_A_Direct,3,119,1,1,0.8545,False,True,False,CLASS_1,2.637,4.5
Policy_A_Direct,3,120,0,0,0.6598,False,True,False,CLASS_0,2.627,4.5
Policy_A_Direct,3,121,0,1,0.9243,False,False,True,CLASS_1,2.631,4.5
Policy_A_Direct,3,122,0,1,0.747,False,False,True,CLASS_1,2.776,4.5
Policy_A_Direct,3,123,0,1,0.5509,False,False,True,CLASS_1,2.446,4.5
Policy_A_Direct,3,124,0,0,0.5235,False,True,False,CLASS_0,2.451,4.5
Policy_A_Direct,3,125,0,1,0.721,False,False,True,CLASS_1,2.512,4.5
Policy_A_Direct,3,126,0,0,0.5896,False,True,False,CLASS_0,2.452,4.5
Policy_A_Direct,3,127,1,1,0.8477,False,True,False,CLASS_1,2.507,4.5
Policy_A_Direct,3,128,0,1,0.5647,False,False,True,CLASS_1,2.768,4.5
Policy_A_Direct,3,129,1,1,0.8468,False,True,False,CLASS_1,2.517,4.5
Policy_A_Direct,3,130,0,1,0.5958,False,False,True,CLASS_1,2.346,4.5
Policy_A_Direct,3,131,1,1,0.7344,False,True,False,CLASS_1,2.403,4.5
Policy_A_Direct,3,132,1,1,0.654,False,True,False,CLASS_1,2.469,4.5
Policy_A_Direct,3,133,0,1,0.6621,False,False,True,CLASS_1,2.402,4.5
Policy_A_Direct,3,134,0,1,0.5973,False,False,True,CLASS_1,2.488,4.5
Policy_A_Direct,3,135,1,1,0.8099,False,True,False,CLASS_1,2.482,4.5
Policy_A_Direct,3,136,1,1,0.9273,False,True,False,CLASS_1,2.409,4.5
Policy_A_Direct,3,137,1,0,0.6404,False,False,True,CLASS_0,2.492,4.5
Policy_A_Direct,3,138,1,1,0.7694,False,True,False,CLASS_1,2.491,4.5
Policy_A_Direct,3,139,0,0,0.5798,False,True,False,CLASS_0,2.461,4.5
Policy_A_Direct,3,140,0,1,0.8674,False,False,True,CLASS_1,2.449,4.5
Policy_A_Direct,3,141,0,0,0.8895,False,True,False,CLASS_0,2.405,4.5
Policy_A_Direct,3,142,0,1,0.7218,False,False,True,CLASS_1,2.37,4.5
Policy_A_Direct,3,143,1,0,0.6576,False,False,True,CLASS_0,2.391,4.5
Policy_A_Direct,3,144,0,1,0.7795,False,False,True,CLASS_1,2.375,4.5
Policy_A_Direct,3,145,0,0,0.7052,False,True,False,CLASS_0,2.378,4.5
Policy_A_Direct,3,146,1,1,0.6939,False,True,False,CLASS_1,2.413,4.5
Policy_A_Direct,3,147,1,1,0.7431,False,True,False,CLASS_1,2.367,4.5
Policy_A_Direct,3,148,0,1,0.7138,False,False,True,CLASS_1,2.396,4.5
Policy_A_Direct,3,149,0,0,0.5383,False,True,False,CLASS_0,2.36,4.5
Policy_A_Direct,3,150,1,1,0.848,False,True,False,CLASS_1,2.355,4.5
Policy_A_Direct,3,151,1,1,0.6236,False,True,False,CLASS_1,2.358,4.5
Policy_A_Direct,3,152,1,1,0.6448,False,True,False,CLASS_1,2.4,4.5
Policy_A_Direct,3,153,1,1,0.9025,False,True,False,CLASS_1,2.376,4.5
Policy_A_Direct,3,154,1,1,0.533,False,True,False,CLASS_1,2.462,4.5
Policy_A_Direct,3,155,1,1,0.7412,False,True,False,CLASS_1,2.389,4.5
Policy_A_Direct,3,156,1,1,0.8504,False,True,False,CLASS_1,2.332,4.5
Policy_A_Direct,3,157,0,0,0.5013,False,True,False,CLASS_0,2.411,4.5
Policy_A_Direct,3,158,1,1,0.6064,False,True,False,CLASS_1,2.383,4.5
Policy_A_Direct,3,159,1,1,0.8579,False,True,False,CLASS_1,2.486,4.5
Policy_A_Direct,3,160,0,1,0.9401,False,False,True,CLASS_1,2.495,4.5
Policy_B_ConfidenceGated,3,1,1,1,0.9049,True,False,False,ABSTAIN,2.68,4.5
Policy_B_ConfidenceGated,3,2,0,1,0.7673,True,False,False,ABSTAIN,2.147,4.5
Policy_B_ConfidenceGated,3,3,1,1,0.5318,True,False,False,ABSTAIN,2.05,4.5
Policy_B_ConfidenceGated,3,4,0,1,0.6425,True,False,False,ABSTAIN,2.093,4.5
Policy_B_ConfidenceGated,3,5,0,1,0.7103,True,False,False,ABSTAIN,2.09,4.5
Policy_B_ConfidenceGated,3,6,0,0,0.5709,True,False,False,ABSTAIN,2.086,4.5
Policy_B_ConfidenceGated,3,7,1,1,0.9355,True,False,False,ABSTAIN,2.116,4.5
Policy_B_ConfidenceGated,3,8,0,1,0.5684,True,False,False,ABSTAIN,2.091,4.5
Policy_B_ConfidenceGated,3,9,0,1,0.838,True,False,False,ABSTAIN,2.086,4.5
Policy_B_ConfidenceGated,3,10,0,1,0.9619,False,False,True,CLASS_1,2.106,4.5
Policy_B_ConfidenceGated,3,11,1,0,0.7543,True,False,False,ABSTAIN,2.069,4.5
Policy_B_ConfidenceGated,3,12,0,1,0.6672,True,False,False,ABSTAIN,2.13,4.5
Policy_B_ConfidenceGated,3,13,1,0,0.6455,True,False,False,ABSTAIN,2.146,4.5
Policy_B_ConfidenceGated,3,14,0,1,0.8893,True,False,False,ABSTAIN,2.14,4.5
Policy_B_ConfidenceGated,3,15,1,1,0.6519,True,False,False,ABSTAIN,2.237,4.5
Policy_B_ConfidenceGated,3,16,0,1,0.6487,True,False,False,ABSTAIN,2.248,4.5
Policy_B_ConfidenceGated,3,17,0,0,0.8146,True,False,False,ABSTAIN,2.195,4.5
Policy_B_ConfidenceGated,3,18,0,0,0.6605,True,False,False,ABSTAIN,2.203,4.5
Policy_B_ConfidenceGated,3,19,0,1,0.8871,True,False,False,ABSTAIN,2.241,4.5
Policy_B_ConfidenceGated,3,20,0,1,0.9357,False,False,True,CLASS_1,2.28,4.5
Policy_B_ConfidenceGated,3,21,1,0,0.5111,True,False,False,ABSTAIN,2.242,4.5
Policy_B_ConfidenceGated,3,22,1,1,0.7958,True,False,False,ABSTAIN,2.181,4.5
Policy_B_ConfidenceGated,3,23,1,1,0.7838,True,False,False,ABSTAIN,2.242,4.5
Policy_B_ConfidenceGated,3,24,0,1,0.8789,True,False,False,ABSTAIN,2.235,4.5
Policy_B_ConfidenceGated,3,25,1,0,0.8229,True,False,False,ABSTAIN,2.257,4.5
Policy_B_ConfidenceGated,3,26,1,1,0.8575,True,False,False,ABSTAIN,2.228,4.5
Policy_B_ConfidenceGated,3,27,1,0,0.9138,True,False,False,ABSTAIN,2.224,4.5
Policy_B_ConfidenceGated,3,28,1,1,0.7658,True,False,False,ABSTAIN,2.203,4.5
Policy_B_ConfidenceGated,3,29,0,1,0.8154,True,False,False,ABSTAIN,2.238,4.5
Policy_B_ConfidenceGated,3,30,1,1,0.7276,True,False,False,ABSTAIN,2.239,4.5
Policy_B_ConfidenceGated,3,31,1,1,0.799,True,False,False,ABSTAIN,2.269,4.5
Policy_B_ConfidenceGated,3,32,1,0,0.6162,True,False,False,ABSTAIN,2.255,4.5
Policy_B_ConfidenceGated,3,33,0,1,0.8248,True,False,False,ABSTAIN,2.21,4.5
Policy_B_ConfidenceGated,3,34,0,1,0.8527,True,False,False,ABSTAIN,2.272,4.5
Policy_B_ConfidenceGated,3,35,1,0,0.7853,True,False,False,ABSTAIN,2.267,4.5
Policy_B_ConfidenceGated,3,36,1,1,0.9463,True,False,False,ABSTAIN,2.277,4.5
Policy_B_ConfidenceGated,3,37,0,1,0.724,True,False,False,ABSTAIN,2.237,4.5
Policy_B_ConfidenceGated,3,38,1,1,0.7919,True,False,False,ABSTAIN,2.276,4.5
Policy_B_ConfidenceGated,3,39,0,1,0.7806,True,False,False,ABSTAIN,2.209,4.5
Policy_B_ConfidenceGated,3,40,1,1,0.954,True,False,False,ABSTAIN,2.29,4.5
Policy_B_ConfidenceGated,3,41,1,1,0.6357,True,False,False,ABSTAIN,2.216,4.5
Policy_B_ConfidenceGated,3,42,0,1,0.7504,True,False,False,ABSTAIN,2.293,4.5
Policy_B_ConfidenceGated,3,43,0,0,0.7285,True,False,False,ABSTAIN,2.199,4.5
Policy_B_ConfidenceGated,3,44,1,1,0.5027,True,False,False,ABSTAIN,2.282,4.5
Policy_B_ConfidenceGated,3,45,0,1,0.6209,True,False,False,ABSTAIN,2.217,4.5
Policy_B_ConfidenceGated,3,46,0,1,0.9117,True,False,False,ABSTAIN,2.319,4.5
Policy_B_ConfidenceGated,3,47,0,0,0.7885,True,False,False,ABSTAIN,2.266,4.5
Policy_B_ConfidenceGated,3,48,1,1,0.968,True,False,False,ABSTAIN,2.304,4.5
Policy_B_ConfidenceGated,3,49,0,1,0.8105,True,False,False,ABSTAIN,2.242,4.5
Policy_B_ConfidenceGated,3,50,0,1,0.7151,True,False,False,ABSTAIN,2.307,4.5
Policy_B_ConfidenceGated,3,51,1,1,0.9415,True,False,False,ABSTAIN,2.203,4.5
Policy_B_ConfidenceGated,3,52,1,1,0.7187,True,False,False,ABSTAIN,2.406,4.5
Policy_B_ConfidenceGated,3,53,1,1,0.8984,True,False,False,ABSTAIN,2.245,4.5
Policy_B_ConfidenceGated,3,54,0,1,0.8415,False,False,True,CLASS_1,2.197,4.5
Policy_B_ConfidenceGated,3,55,1,0,0.5428,True,False,False,ABSTAIN,2.214,4.5
Policy_B_ConfidenceGated,3,56,1,0,0.596,True,False,False,ABSTAIN,2.164,4.5
Policy_B_ConfidenceGated,3,57,1,1,0.8741,True,False,False,ABSTAIN,2.228,4.5
Policy_B_ConfidenceGated,3,58,0,1,0.7141,True,False,False,ABSTAIN,2.374,4.5
Policy_B_ConfidenceGated,3,59,1,1,0.7507,True,False,False,ABSTAIN,2.377,4.5
Policy_B_ConfidenceGated,3,60,0,1,0.8226,True,False,False,ABSTAIN,2.375,4.5
Policy_B_ConfidenceGated,3,61,1,1,0.8824,True,False,False,ABSTAIN,2.23,4.5
Policy_B_ConfidenceGated,3,62,0,1,0.9322,False,False,True,CLASS_1,2.16,4.5
Policy_B_ConfidenceGated,3,63,1,0,0.7061,True,False,False,ABSTAIN,2.19,4.5
Policy_B_ConfidenceGated,3,64,1,0,0.5332,True,False,False,ABSTAIN,2.213,4.5
Policy_B_ConfidenceGated,3,65,1,1,0.7314,True,False,False,ABSTAIN,2.41,4.5
Policy_B_ConfidenceGated,3,66,0,1,0.5551,True,False,False,ABSTAIN,2.201,4.5
Policy_B_ConfidenceGated,3,67,0,0,0.6979,True,False,False,ABSTAIN,2.224,4.5
Policy_B_ConfidenceGated,3,68,0,0,0.597,True,False,False,ABSTAIN,2.182,4.5
Policy_B_ConfidenceGated,3,69,0,1,0.6786,True,False,False,ABSTAIN,2.206,4.5
Policy_B_ConfidenceGated,3,70,0,1,0.9217,True,False,False,ABSTAIN,2.207,4.5
Policy_B_ConfidenceGated,3,71,1,1,0.8779,False,True,False,CLASS_1,2.35,4.5
Policy_B_ConfidenceGated,3,72,1,1,0.8081,True,False,False,ABSTAIN,2.371,4.5
Policy_B_ConfidenceGated,3,73,1,0,0.5242,True,False,False,ABSTAIN,2.515,4.5
Policy_B_ConfidenceGated,3,74,0,1,0.5445,True,False,False,ABSTAIN,2.213,4.5
Policy_B_ConfidenceGated,3,75,0,0,0.7963,True,False,False,ABSTAIN,2.205,4.5
Policy_B_ConfidenceGated,3,76,1,0,0.9392,True,False,False,ABSTAIN,2.209,4.5
Policy_B_ConfidenceGated,3,77,1,0,0.7008,True,False,False,ABSTAIN,2.211,4.5
Policy_B_ConfidenceGated,3,78,0,0,0.5476,True,False,False,ABSTAIN,2.216,4.5
Policy_B_ConfidenceGated,3,79,0,1,0.8498,True,False,False,ABSTAIN,2.194,4.5
Policy_B_ConfidenceGated,3,80,1,1,0.9775,False,True,False,CLASS_1,2.209,4.5
Policy_B_ConfidenceGated,3,81,1,1,0.8569,True,False,False,ABSTAIN,2.207,4.5
Policy_B_ConfidenceGated,3,82,1,1,0.8288,True,False,False,ABSTAIN,2.258,4.5
Policy_B_ConfidenceGated,3,83,1,1,0.6842,True,False,False,ABSTAIN,2.207,4.5
Policy_B_ConfidenceGated,3,84,0,1,0.8524,True,False,False,ABSTAIN,2.434,4.5
Policy_B_ConfidenceGated,3,85,1,0,0.9308,True,False,False,ABSTAIN,2.423,4.5
Policy_B_ConfidenceGated,3,86,0,1,0.6096,True,False,False,ABSTAIN,2.475,4.5
Policy_B_ConfidenceGated,3,87,0,0,0.6077,True,False,False,ABSTAIN,2.228,4.5
Policy_B_ConfidenceGated,3,88,1,1,0.9319,True,False,False,ABSTAIN,2.184,4.5
Policy_B_ConfidenceGated,3,89,1,1,0.5732,True,False,False,ABSTAIN,2.211,4.5
Policy_B_ConfidenceGated,3,90,0,1,0.6452,True,False,False,ABSTAIN,2.217,4.5
Policy_B_ConfidenceGated,3,91,0,1,0.7956,True,False,False,ABSTAIN,2.198,4.5
Policy_B_ConfidenceGated,3,92,0,0,0.8344,True,False,False,ABSTAIN,2.172,4.5
Policy_B_ConfidenceGated,3,93,0,1,0.9424,True,False,False,ABSTAIN,2.176,4.5
Policy_B_ConfidenceGated,3,94,0,1,0.7721,True,False,False,ABSTAIN,2.116,4.5
Policy_B_ConfidenceGated,3,95,0,1,0.8306,True,False,False,ABSTAIN,2.184,4.5
Policy_B_ConfidenceGated,3,96,0,1,0.8782,False,False,True,CLASS_1,2.453,4.5
Policy_B_ConfidenceGated,3,97,1,1,0.9625,True,False,False,ABSTAIN,2.333,4.5
Policy_B_ConfidenceGated,3,98,1,1,0.7826,True,False,False,ABSTAIN,2.363,4.5
Policy_B_ConfidenceGated,3,99,1,1,0.8046,True,False,False,ABSTAIN,2.416,4.5
Policy_B_ConfidenceGated,3,100,1,0,0.6812,True,False,False,ABSTAIN,2.321,4.5
Policy_B_ConfidenceGated,3,101,1,1,0.936,True,False,False,ABSTAIN,2.223,4.5
Policy_B_ConfidenceGated,3,102,0,1,0.7165,True,False,False,ABSTAIN,2.206,4.5
Policy_B_ConfidenceGated,3,103,0,1,0.8736,True,False,False,ABSTAIN,2.272,4.5
Policy_B_ConfidenceGated,3,104,1,1,0.7316,True,False,False,ABSTAIN,2.207,4.5
Policy_B_ConfidenceGated,3,105,0,0,0.5802,True,False,False,ABSTAIN,2.225,4.5
Policy_B_ConfidenceGated,3,106,0,1,0.8196,True,False,False,ABSTAIN,2.238,4.5
Policy_B_ConfidenceGated,3,107,1,1,0.6614,True,False,False,ABSTAIN,2.195,4.5
Policy_B_ConfidenceGated,3,108,0,1,0.9741,True,False,False,ABSTAIN,2.221,4.5
Policy_B_ConfidenceGated,3,109,0,1,0.8493,False,False,True,CLASS_1,2.21,4.5
Policy_B_ConfidenceGated,3,110,0,1,0.5074,True,False,False,ABSTAIN,2.294,4.5
Policy_B_ConfidenceGated,3,111,0,1,0.9742,True,False,False,ABSTAIN,2.269,4.5
Policy_B_ConfidenceGated,3,112,1,1,0.7397,True,False,False,ABSTAIN,2.429,4.5
Policy_B_ConfidenceGated,3,113,1,0,0.5643,True,False,False,ABSTAIN,2.433,4.5
Policy_B_ConfidenceGated,3,114,1,0,0.6499,True,False,False,ABSTAIN,2.165,4.5
Policy_B_ConfidenceGated,3,115,1,0,0.684,True,False,False,ABSTAIN,2.158,4.5
Policy_B_ConfidenceGated,3,116,1,1,0.9361,True,False,False,ABSTAIN,2.194,4.5
Policy_B_ConfidenceGated,3,117,0,0,0.5626,True,False,False,ABSTAIN,2.2,4.5
Policy_B_ConfidenceGated,3,118,1,1,0.7239,True,False,False,ABSTAIN,2.207,4.5
Policy_B_ConfidenceGated,3,119,1,1,0.8545,True,False,False,ABSTAIN,2.23,4.5
Policy_B_ConfidenceGated,3,120,0,0,0.6598,True,False,False,ABSTAIN,2.259,4.5
Policy_B_ConfidenceGated,3,121,0,1,0.9243,True,False,False,ABSTAIN,2.354,4.5
Policy_B_ConfidenceGated,3,122,0,1,0.747,True,False,False,ABSTAIN,2.212,4.5
Policy_B_ConfidenceGated,3,123,0,1,0.5509,True,False,False,ABSTAIN,2.248,4.5
Policy_B_ConfidenceGated,3,124,0,0,0.5235,True,False,False,ABSTAIN,2.209,4.5
Policy_B_ConfidenceGated,3,125,0,1,0.721,True,False,False,ABSTAIN,2.241,4.5
Policy_B_ConfidenceGated,3,126,0,0,0.5896,True,False,False,ABSTAIN,2.229,4.5
Policy_B_ConfidenceGated,3,127,1,1,0.8477,True,False,False,ABSTAIN,2.151,4.5
Policy_B_ConfidenceGated,3,128,0,1,0.5647,True,False,False,ABSTAIN,2.195,4.5
Policy_B_ConfidenceGated,3,129,1,1,0.8468,True,False,False,ABSTAIN,2.214,4.5
Policy_B_ConfidenceGated,3,130,0,1,0.5958,True,False,False,ABSTAIN,2.21,4.5
Policy_B_ConfidenceGated,3,131,1,1,0.7344,True,False,False,ABSTAIN,2.165,4.5
Policy_B_ConfidenceGated,3,132,1,1,0.654,True,False,False,ABSTAIN,2.198,4.5
Policy_B_ConfidenceGated,3,133,0,1,0.6621,True,False,False,ABSTAIN,2.221,4.5
Policy_B_ConfidenceGated,3,134,0,1,0.5973,True,False,False,ABSTAIN,2.37,4.5
Policy_B_ConfidenceGated,3,135,1,1,0.8099,True,False,False,ABSTAIN,2.367,4.5
Policy_B_ConfidenceGated,3,136,1,1,0.9273,True,False,False,ABSTAIN,2.345,4.5
Policy_B_ConfidenceGated,3,137,1,0,0.6404,True,False,False,ABSTAIN,2.169,4.5
Policy_B_ConfidenceGated,3,138,1,1,0.7694,True,False,False,ABSTAIN,2.195,4.5
Policy_B_ConfidenceGated,3,139,0,0,0.5798,True,False,False,ABSTAIN,2.26,4.5
Policy_B_ConfidenceGated,3,140,0,1,0.8674,True,False,False,ABSTAIN,2.195,4.5
Policy_B_ConfidenceGated,3,141,0,0,0.8895,True,False,False,ABSTAIN,2.2,4.5
Policy_B_ConfidenceGated,3,142,0,1,0.7218,True,False,False,ABSTAIN,2.172,4.5
Policy_B_ConfidenceGated,3,143,1,0,0.6576,True,False,False,ABSTAIN,2.222,4.5
Policy_B_ConfidenceGated,3,144,0,1,0.7795,True,False,False,ABSTAIN,2.152,4.5
Policy_B_ConfidenceGated,3,145,0,0,0.7052,True,False,False,ABSTAIN,2.217,4.5
Policy_B_ConfidenceGated,3,146,1,1,0.6939,True,False,False,ABSTAIN,2.236,4.5
Policy_B_ConfidenceGated,3,147,1,1,0.7431,True,False,False,ABSTAIN,2.221,4.5
Policy_B_ConfidenceGated,3,148,0,1,0.7138,True,False,False,ABSTAIN,2.456,4.5
Policy_B_ConfidenceGated,3,149,0,0,0.5383,True,False,False,ABSTAIN,2.353,4.5
Policy_B_ConfidenceGated,3,150,1,1,0.848,True,False,False,ABSTAIN,2.353,4.5
Policy_B_ConfidenceGated,3,151,1,1,0.6236,True,False,False,ABSTAIN,2.378,4.5
Policy_B_ConfidenceGated,3,152,1,1,0.6448,True,False,False,ABSTAIN,2.336,4.5
Policy_B_ConfidenceGated,3,153,1,1,0.9025,True,False,False,ABSTAIN,2.391,4.5
Policy_B_ConfidenceGated,3,154,1,1,0.533,True,False,False,ABSTAIN,2.396,4.5
Policy_B_ConfidenceGated,3,155,1,1,0.7412,True,False,False,ABSTAIN,2.525,4.5
Policy_B_ConfidenceGated,3,156,1,1,0.8504,True,False,False,ABSTAIN,2.54,4.5
Policy_B_ConfidenceGated,3,157,0,0,0.5013,True,False,False,ABSTAIN,2.445,4.5
Policy_B_ConfidenceGated,3,158,1,1,0.6064,True,False,False,ABSTAIN,2.466,4.5
Policy_B_ConfidenceGated,3,159,1,1,0.8579,True,False,False,ABSTAIN,2.383,4.5
Policy_B_ConfidenceGated,3,160,0,1,0.9401,False,False,True,CLASS_1,2.441,4.5
Policy_C_SharedControl,3,1,1,1,0.9049,True,False,False,,2.311,4.5
Policy_C_SharedControl,3,2,0,1,0.7673,True,False,False,,2.075,4.5
Policy_C_SharedControl,3,3,1,1,0.5318,True,False,False,,2.35,4.5
Policy_C_SharedControl,3,4,0,1,0.6425,True,False,False,,2.233,4.5
Policy_C_SharedControl,3,5,0,1,0.7103,True,False,False,,2.222,4.5
Policy_C_SharedControl,3,6,0,0,0.5709,True,False,False,,2.246,4.5
Policy_C_SharedControl,3,7,1,1,0.9355,True,False,False,,2.281,4.5
Policy_C_SharedControl,3,8,0,1,0.5684,True,False,False,,2.196,4.5
Policy_C_SharedControl,3,9,0,1,0.838,True,False,False,,2.204,4.5
Policy_C_SharedControl,3,10,0,1,0.9619,False,False,True,SELECT_RIGHT,2.33,4.5
Policy_C_SharedControl,3,11,1,0,0.7543,True,False,False,,2.331,4.5
Policy_C_SharedControl,3,12,0,1,0.6672,True,False,False,,2.307,4.5
Policy_C_SharedControl,3,13,1,0,0.6455,True,False,False,,2.349,4.5
Policy_C_SharedControl,3,14,0,1,0.8893,True,False,False,,2.314,4.5
Policy_C_SharedControl,3,15,1,1,0.6519,True,False,False,,2.288,4.5
Policy_C_SharedControl,3,16,0,1,0.6487,True,False,False,,2.197,4.5
Policy_C_SharedControl,3,17,0,0,0.8146,True,False,False,,2.615,4.5
Policy_C_SharedControl,3,18,0,0,0.6605,True,False,False,,2.465,4.5
Policy_C_SharedControl,3,19,0,1,0.8871,True,False,False,,2.418,4.5
Policy_C_SharedControl,3,20,0,1,0.9357,False,False,True,REACH_FORWARD,2.468,4.5
Policy_C_SharedControl,3,21,1,0,0.5111,True,False,False,,2.43,4.5
Policy_C_SharedControl,3,22,1,1,0.7958,True,False,False,,2.41,4.5
Policy_C_SharedControl,3,23,1,1,0.7838,True,False,False,,2.438,4.5
Policy_C_SharedControl,3,24,0,1,0.8789,True,False,False,,2.643,4.5
Policy_C_SharedControl,3,25,1,0,0.8229,True,False,False,,2.574,4.5
Policy_C_SharedControl,3,26,1,1,0.8575,True,False,False,,2.62,4.5
Policy_C_SharedControl,3,27,1,0,0.9138,True,False,False,,2.614,4.5
Policy_C_SharedControl,3,28,1,1,0.7658,True,False,False,,2.65,4.5
Policy_C_SharedControl,3,29,0,1,0.8154,True,False,False,,2.621,4.5
Policy_C_SharedControl,3,30,1,1,0.7276,True,False,False,,2.935,4.5
Policy_C_SharedControl,3,31,1,1,0.799,True,False,False,,3.042,4.5
Policy_C_SharedControl,3,32,1,0,0.6162,True,False,False,,3.03,4.5
Policy_C_SharedControl,3,33,0,1,0.8248,True,False,False,,2.967,4.5
Policy_C_SharedControl,3,34,0,1,0.8527,True,False,False,,2.805,4.5
Policy_C_SharedControl,3,35,1,0,0.7853,True,False,False,,2.762,4.5
Policy_C_SharedControl,3,36,1,1,0.9463,True,False,False,,3.631,4.5
Policy_C_SharedControl,3,37,0,1,0.724,True,False,False,,3.005,4.5
Policy_C_SharedControl,3,38,1,1,0.7919,True,False,False,,3.019,4.5
Policy_C_SharedControl,3,39,0,1,0.7806,True,False,False,,2.983,4.5
Policy_C_SharedControl,3,40,1,1,0.954,True,False,False,,3.176,4.5
Policy_C_SharedControl,3,41,1,1,0.6357,True,False,False,,3.658,4.5
Policy_C_SharedControl,3,42,0,1,0.7504,True,False,False,,3.672,4.5
Policy_C_SharedControl,3,43,0,0,0.7285,True,False,False,,3.668,4.5
Policy_C_SharedControl,3,44,1,1,0.5027,True,False,False,,3.342,4.5
Policy_C_SharedControl,3,45,0,1,0.6209,True,False,False,,3.185,4.5
Policy_C_SharedControl,3,46,0,1,0.9117,True,False,False,,4.612,4.5
Policy_C_SharedControl,3,47,0,0,0.7885,True,False,False,,3.888,4.5
Policy_C_SharedControl,3,48,1,1,0.968,True,False,False,,3.691,4.5
Policy_C_SharedControl,3,49,0,1,0.8105,True,False,False,,3.602,4.5
Policy_C_SharedControl,3,50,0,1,0.7151,True,False,False,,4.59,4.5
Policy_C_SharedControl,3,51,1,1,0.9415,True,False,False,,4.407,4.5
Policy_C_SharedControl,3,52,1,1,0.7187,True,False,False,,4.743,4.5
Policy_C_SharedControl,3,53,1,1,0.8984,True,False,False,,5.598,4.5
Policy_C_SharedControl,3,54,0,1,0.8415,False,False,True,GRASP_CLOSE,4.548,4.5
Policy_C_SharedControl,3,55,1,0,0.5428,True,False,False,,4.792,4.5
Policy_C_SharedControl,3,56,1,0,0.596,True,False,False,,4.544,4.5
Policy_C_SharedControl,3,57,1,1,0.8741,True,False,False,,4.502,4.5
Policy_C_SharedControl,3,58,0,1,0.7141,True,False,False,,4.773,4.5
Policy_C_SharedControl,3,59,1,1,0.7507,True,False,False,,4.48,4.5
Policy_C_SharedControl,3,60,0,1,0.8226,True,False,False,,4.449,4.5
Policy_C_SharedControl,3,61,1,1,0.8824,True,False,False,,4.741,4.5
Policy_C_SharedControl,3,62,0,1,0.9322,False,False,True,GRASP_CLOSE,4.502,4.5
Policy_C_SharedControl,3,63,1,0,0.7061,True,False,False,,4.677,4.5
Policy_C_SharedControl,3,64,1,0,0.5332,True,False,False,,5.556,4.5
Policy_C_SharedControl,3,65,1,1,0.7314,True,False,False,,4.555,4.5
Policy_C_SharedControl,3,66,0,1,0.5551,True,False,False,,4.872,4.5
Policy_C_SharedControl,3,67,0,0,0.6979,True,False,False,,5.095,4.5
Policy_C_SharedControl,3,68,0,0,0.597,True,False,False,,4.671,4.5
Policy_C_SharedControl,3,69,0,1,0.6786,True,False,False,,4.865,4.5
Policy_C_SharedControl,3,70,0,1,0.9217,True,False,False,,5.04,4.5
Policy_C_SharedControl,3,71,1,1,0.8779,False,True,False,GRASP_CLOSE,4.935,4.5
Policy_C_SharedControl,3,72,1,1,0.8081,True,False,False,,4.949,4.5
Policy_C_SharedControl,3,73,1,0,0.5242,True,False,False,,4.985,4.5
Policy_C_SharedControl,3,74,0,1,0.5445,True,False,False,,4.81,4.5
Policy_C_SharedControl,3,75,0,0,0.7963,True,False,False,,4.763,4.5
Policy_C_SharedControl,3,76,1,0,0.9392,True,False,False,,4.989,4.5
Policy_C_SharedControl,3,77,1,0,0.7008,True,False,False,,5.015,4.5
Policy_C_SharedControl,3,78,0,0,0.5476,True,False,False,,4.944,4.5
Policy_C_SharedControl,3,79,0,1,0.8498,True,False,False,,4.912,4.5
Policy_C_SharedControl,3,80,1,1,0.9775,False,True,False,GRASP_CLOSE,4.964,4.5
Policy_C_SharedControl,3,81,1,1,0.8569,True,False,False,,5.001,4.5
Policy_C_SharedControl,3,82,1,1,0.8288,True,False,False,,4.86,4.5
Policy_C_SharedControl,3,83,1,1,0.6842,True,False,False,,5.041,4.5
Policy_C_SharedControl,3,84,0,1,0.8524,True,False,False,,5.008,4.5
Policy_C_SharedControl,3,85,1,0,0.9308,True,False,False,,4.879,4.5
Policy_C_SharedControl,3,86,0,1,0.6096,True,False,False,,4.836,4.5
Policy_C_SharedControl,3,87,0,0,0.6077,True,False,False,,4.769,4.5
Policy_C_SharedControl,3,88,1,1,0.9319,True,False,False,,4.919,4.5
Policy_C_SharedControl,3,89,1,1,0.5732,True,False,False,,4.863,4.5
Policy_C_SharedControl,3,90,0,1,0.6452,True,False,False,,4.852,4.5
Policy_C_SharedControl,3,91,0,1,0.7956,True,False,False,,4.867,4.5
Policy_C_SharedControl,3,92,0,0,0.8344,True,False,False,,4.859,4.5
Policy_C_SharedControl,3,93,0,1,0.9424,True,False,False,,5.295,4.5
Policy_C_SharedControl,3,94,0,1,0.7721,True,False,False,,4.934,4.5
Policy_C_SharedControl,3,95,0,1,0.8306,True,False,False,,4.973,4.5
Policy_C_SharedControl,3,96,0,1,0.8782,False,False,True,GRASP_CLOSE,4.977,4.5
Policy_C_SharedControl,3,97,1,1,0.9625,True,False,False,,5.071,4.5
Policy_C_SharedControl,3,98,1,1,0.7826,True,False,False,,5.017,4.5
Policy_C_SharedControl,3,99,1,1,0.8046,True,False,False,,4.914,4.5
Policy_C_SharedControl,3,100,1,0,0.6812,True,False,False,,28.294,4.5
Policy_C_SharedControl,3,101,1,1,0.936,True,False,False,,6.045,4.5
Policy_C_SharedControl,3,102,0,1,0.7165,True,False,False,,5.24,4.5
Policy_C_SharedControl,3,103,0,1,0.8736,True,False,False,,6.149,4.5
Policy_C_SharedControl,3,104,1,1,0.7316,True,False,False,,5.277,4.5
Policy_C_SharedControl,3,105,0,0,0.5802,True,False,False,,5.311,4.5
Policy_C_SharedControl,3,106,0,1,0.8196,True,False,False,,5.141,4.5
Policy_C_SharedControl,3,107,1,1,0.6614,True,False,False,,5.215,4.5
Policy_C_SharedControl,3,108,0,1,0.9741,True,False,False,,5.742,4.5
Policy_C_SharedControl,3,109,0,1,0.8493,False,False,True,GRASP_CLOSE,5.247,4.5
Policy_C_SharedControl,3,110,0,1,0.5074,True,False,False,,5.154,4.5
Policy_C_SharedControl,3,111,0,1,0.9742,True,False,False,,4.981,4.5
Policy_C_SharedControl,3,112,1,1,0.7397,True,False,False,,4.769,4.5
Policy_C_SharedControl,3,113,1,0,0.5643,True,False,False,,4.92,4.5
Policy_C_SharedControl,3,114,1,0,0.6499,True,False,False,,5.075,4.5
Policy_C_SharedControl,3,115,1,0,0.684,True,False,False,,5.147,4.5
Policy_C_SharedControl,3,116,1,1,0.9361,True,False,False,,5.092,4.5
Policy_C_SharedControl,3,117,0,0,0.5626,True,False,False,,5.045,4.5
Policy_C_SharedControl,3,118,1,1,0.7239,True,False,False,,5.355,4.5
Policy_C_SharedControl,3,119,1,1,0.8545,True,False,False,,4.981,4.5
Policy_C_SharedControl,3,120,0,0,0.6598,True,False,False,,5.169,4.5
Policy_C_SharedControl,3,121,0,1,0.9243,True,False,False,,5.139,4.5
Policy_C_SharedControl,3,122,0,1,0.747,True,False,False,,5.211,4.5
Policy_C_SharedControl,3,123,0,1,0.5509,True,False,False,,5.282,4.5
Policy_C_SharedControl,3,124,0,0,0.5235,True,False,False,,5.295,4.5
Policy_C_SharedControl,3,125,0,1,0.721,True,False,False,,5.138,4.5
Policy_C_SharedControl,3,126,0,0,0.5896,True,False,False,,5.094,4.5
Policy_C_SharedControl,3,127,1,1,0.8477,True,False,False,,5.032,4.5
Policy_C_SharedControl,3,128,0,1,0.5647,True,False,False,,5.02,4.5
Policy_C_SharedControl,3,129,1,1,0.8468,True,False,False,,5.015,4.5
Policy_C_SharedControl,3,130,0,1,0.5958,True,False,False,,5.13,4.5
Policy_C_SharedControl,3,131,1,1,0.7344,True,False,False,,5.341,4.5
Policy_C_SharedControl,3,132,1,1,0.654,True,False,False,,5.142,4.5
Policy_C_SharedControl,3,133,0,1,0.6621,True,False,False,,5.128,4.5
Policy_C_SharedControl,3,134,0,1,0.5973,True,False,False,,5.267,4.5
Policy_C_SharedControl,3,135,1,1,0.8099,True,False,False,,5.821,4.5
Policy_C_SharedControl,3,136,1,1,0.9273,True,False,False,,6.238,4.5
Policy_C_SharedControl,3,137,1,0,0.6404,True,False,False,,6.197,4.5
Policy_C_SharedControl,3,138,1,1,0.7694,True,False,False,,6.26,4.5
Policy_C_SharedControl,3,139,0,0,0.5798,True,False,False,,5.704,4.5
Policy_C_SharedControl,3,140,0,1,0.8674,True,False,False,,5.467,4.5
Policy_C_SharedControl,3,141,0,0,0.8895,True,False,False,,5.797,4.5
Policy_C_SharedControl,3,142,0,1,0.7218,True,False,False,,6.183,4.5
Policy_C_SharedControl,3,143,1,0,0.6576,True,False,False,,6.251,4.5
Policy_C_SharedControl,3,144,0,1,0.7795,True,False,False,,5.865,4.5
Policy_C_SharedControl,3,145,0,0,0.7052,True,False,False,,5.217,4.5
Policy_C_SharedControl,3,146,1,1,0.6939,True,False,False,,5.031,4.5
Policy_C_SharedControl,3,147,1,1,0.7431,True,False,False,,4.785,4.5
Policy_C_SharedControl,3,148,0,1,0.7138,True,False,False,,4.845,4.5
Policy_C_SharedControl,3,149,0,0,0.5383,True,False,False,,4.491,4.5
Policy_C_SharedControl,3,150,1,1,0.848,True,False,False,,4.817,4.5
Policy_C_SharedControl,3,151,1,1,0.6236,True,False,False,,4.629,4.5
Policy_C_SharedControl,3,152,1,1,0.6448,True,False,False,,5.822,4.5
Policy_C_SharedControl,3,153,1,1,0.9025,True,False,False,,4.661,4.5
Policy_C_SharedControl,3,154,1,1,0.533,True,False,False,,5.132,4.5
Policy_C_SharedControl,3,155,1,1,0.7412,True,False,False,,5.982,4.5
Policy_C_SharedControl,3,156,1,1,0.8504,True,False,False,,4.772,4.5
Policy_C_SharedControl,3,157,0,0,0.5013,True,False,False,,4.943,4.5
Policy_C_SharedControl,3,158,1,1,0.6064,True,False,False,,3.977,4.5
Policy_C_SharedControl,3,159,1,1,0.8579,True,False,False,,4.167,4.5
Policy_C_SharedControl,3,160,0,1,0.9401,False,False,True,GRASP_CLOSE,3.974,4.5
Policy_A_Direct,4,1,1,1,0.9999,False,True,False,CLASS_1,5.013,4.5
Policy_A_Direct,4,2,0,0,0.8035,False,True,False,CLASS_0,1.782,4.5
Policy_A_Direct,4,3,0,0,0.9974,False,True,False,CLASS_0,1.706,4.5
Policy_A_Direct,4,4,1,1,0.9928,False,True,False,CLASS_1,1.743,4.5
Policy_A_Direct,4,5,1,1,0.9999,False,True,False,CLASS_1,1.686,4.5
Policy_A_Direct,4,6,0,0,0.9607,False,True,False,CLASS_0,1.69,4.5
Policy_A_Direct,4,7,0,0,0.9817,False,True,False,CLASS_0,1.697,4.5
Policy_A_Direct,4,8,1,1,1.0,False,True,False,CLASS_1,1.69,4.5
Policy_A_Direct,4,9,1,1,1.0,False,True,False,CLASS_1,1.725,4.5
Policy_A_Direct,4,10,1,1,0.999,False,True,False,CLASS_1,1.71,4.5
Policy_A_Direct,4,11,1,1,0.9997,False,True,False,CLASS_1,1.683,4.5
Policy_A_Direct,4,12,0,0,0.9906,False,True,False,CLASS_0,1.678,4.5
Policy_A_Direct,4,13,1,1,0.9825,False,True,False,CLASS_1,1.694,4.5
Policy_A_Direct,4,14,1,1,0.9988,False,True,False,CLASS_1,1.672,4.5
Policy_A_Direct,4,15,0,0,0.5952,False,True,False,CLASS_0,1.651,4.5
Policy_A_Direct,4,16,1,1,0.9952,False,True,False,CLASS_1,1.72,4.5
Policy_A_Direct,4,17,0,0,0.9649,False,True,False,CLASS_0,1.778,4.5
Policy_A_Direct,4,18,1,1,0.9993,False,True,False,CLASS_1,1.73,4.5
Policy_A_Direct,4,19,1,1,1.0,False,True,False,CLASS_1,1.765,4.5
Policy_A_Direct,4,20,0,0,0.7978,False,True,False,CLASS_0,1.781,4.5
Policy_A_Direct,4,21,1,1,0.9956,False,True,False,CLASS_1,1.664,4.5
Policy_A_Direct,4,22,0,0,0.9968,False,True,False,CLASS_0,1.747,4.5
Policy_A_Direct,4,23,0,1,0.5834,False,False,True,CLASS_1,1.717,4.5
Policy_A_Direct,4,24,1,1,0.9992,False,True,False,CLASS_1,1.737,4.5
Policy_A_Direct,4,25,0,0,0.9785,False,True,False,CLASS_0,1.708,4.5
Policy_A_Direct,4,26,1,1,0.8518,False,True,False,CLASS_1,1.735,4.5
Policy_A_Direct,4,27,0,0,0.9996,False,True,False,CLASS_0,1.7,4.5
Policy_A_Direct,4,28,1,1,0.9405,False,True,False,CLASS_1,1.755,4.5
Policy_A_Direct,4,29,1,1,0.9981,False,True,False,CLASS_1,1.778,4.5
Policy_A_Direct,4,30,1,1,0.9998,False,True,False,CLASS_1,1.685,4.5
Policy_A_Direct,4,31,0,0,0.9921,False,True,False,CLASS_0,1.742,4.5
Policy_A_Direct,4,32,0,0,0.9445,False,True,False,CLASS_0,1.752,4.5
Policy_A_Direct,4,33,0,0,0.8925,False,True,False,CLASS_0,1.673,4.5
Policy_A_Direct,4,34,0,0,0.9999,False,True,False,CLASS_0,1.752,4.5
Policy_A_Direct,4,35,0,0,0.9999,False,True,False,CLASS_0,1.733,4.5
Policy_A_Direct,4,36,0,0,0.9937,False,True,False,CLASS_0,1.717,4.5
Policy_A_Direct,4,37,1,1,0.9938,False,True,False,CLASS_1,1.68,4.5
Policy_A_Direct,4,38,0,0,0.9998,False,True,False,CLASS_0,1.764,4.5
Policy_A_Direct,4,39,1,1,0.9984,False,True,False,CLASS_1,1.681,4.5
Policy_A_Direct,4,40,0,0,0.9918,False,True,False,CLASS_0,1.724,4.5
Policy_A_Direct,4,41,1,1,0.9996,False,True,False,CLASS_1,1.684,4.5
Policy_A_Direct,4,42,0,0,1.0,False,True,False,CLASS_0,1.784,4.5
Policy_A_Direct,4,43,0,0,0.7182,False,True,False,CLASS_0,1.778,4.5
Policy_A_Direct,4,44,1,1,0.9999,False,True,False,CLASS_1,1.772,4.5
Policy_A_Direct,4,45,1,1,1.0,False,True,False,CLASS_1,1.763,4.5
Policy_A_Direct,4,46,0,0,0.9998,False,True,False,CLASS_0,1.766,4.5
Policy_A_Direct,4,47,0,0,0.9987,False,True,False,CLASS_0,1.775,4.5
Policy_A_Direct,4,48,1,1,1.0,False,True,False,CLASS_1,1.79,4.5
Policy_A_Direct,4,49,1,1,0.9999,False,True,False,CLASS_1,1.73,4.5
Policy_A_Direct,4,50,0,0,0.9987,False,True,False,CLASS_0,1.7,4.5
Policy_A_Direct,4,51,0,0,0.8022,False,True,False,CLASS_0,1.77,4.5
Policy_A_Direct,4,52,1,1,0.9997,False,True,False,CLASS_1,1.791,4.5
Policy_A_Direct,4,53,0,0,0.9818,False,True,False,CLASS_0,1.838,4.5
Policy_A_Direct,4,54,1,1,1.0,False,True,False,CLASS_1,1.817,4.5
Policy_A_Direct,4,55,1,1,0.9909,False,True,False,CLASS_1,1.853,4.5
Policy_A_Direct,4,56,1,1,0.9996,False,True,False,CLASS_1,1.841,4.5
Policy_A_Direct,4,57,1,1,1.0,False,True,False,CLASS_1,1.836,4.5
Policy_A_Direct,4,58,1,1,1.0,False,True,False,CLASS_1,1.829,4.5
Policy_A_Direct,4,59,0,0,0.9997,False,True,False,CLASS_0,1.795,4.5
Policy_A_Direct,4,60,1,1,0.9999,False,True,False,CLASS_1,1.853,4.5
Policy_A_Direct,4,61,1,1,0.9994,False,True,False,CLASS_1,1.897,4.5
Policy_A_Direct,4,62,0,0,0.9999,False,True,False,CLASS_0,1.947,4.5
Policy_A_Direct,4,63,0,0,0.9962,False,True,False,CLASS_0,1.907,4.5
Policy_A_Direct,4,64,0,0,0.7801,False,True,False,CLASS_0,1.953,4.5
Policy_A_Direct,4,65,0,0,0.6186,False,True,False,CLASS_0,1.971,4.5
Policy_A_Direct,4,66,1,1,0.9995,False,True,False,CLASS_1,1.94,4.5
Policy_A_Direct,4,67,0,0,0.9996,False,True,False,CLASS_0,1.968,4.5
Policy_A_Direct,4,68,1,1,1.0,False,True,False,CLASS_1,2.124,4.5
Policy_A_Direct,4,69,0,0,0.9987,False,True,False,CLASS_0,2.091,4.5
Policy_A_Direct,4,70,0,0,0.9999,False,True,False,CLASS_0,2.083,4.5
Policy_A_Direct,4,71,0,0,0.9996,False,True,False,CLASS_0,2.092,4.5
Policy_A_Direct,4,72,1,1,0.9999,False,True,False,CLASS_1,2.07,4.5
Policy_A_Direct,4,73,1,1,1.0,False,True,False,CLASS_1,2.095,4.5
Policy_A_Direct,4,74,0,0,0.9999,False,True,False,CLASS_0,2.126,4.5
Policy_A_Direct,4,75,1,1,1.0,False,True,False,CLASS_1,2.236,4.5
Policy_A_Direct,4,76,0,0,0.9924,False,True,False,CLASS_0,2.175,4.5
Policy_A_Direct,4,77,0,0,0.9551,False,True,False,CLASS_0,2.198,4.5
Policy_A_Direct,4,78,1,1,1.0,False,True,False,CLASS_1,2.216,4.5
Policy_A_Direct,4,79,0,0,0.9979,False,True,False,CLASS_0,2.214,4.5
Policy_A_Direct,4,80,1,1,1.0,False,True,False,CLASS_1,2.032,4.5
Policy_A_Direct,4,81,0,0,1.0,False,True,False,CLASS_0,2.225,4.5
Policy_A_Direct,4,82,1,1,1.0,False,True,False,CLASS_1,2.106,4.5
Policy_A_Direct,4,83,0,0,1.0,False,True,False,CLASS_0,2.435,4.5
Policy_A_Direct,4,84,1,1,1.0,False,True,False,CLASS_1,2.194,4.5
Policy_A_Direct,4,85,1,1,1.0,False,True,False,CLASS_1,2.549,4.5
Policy_A_Direct,4,86,0,0,0.9987,False,True,False,CLASS_0,2.416,4.5
Policy_A_Direct,4,87,0,0,0.9995,False,True,False,CLASS_0,2.358,4.5
Policy_A_Direct,4,88,0,0,0.9996,False,True,False,CLASS_0,2.85,4.5
Policy_A_Direct,4,89,0,0,0.9997,False,True,False,CLASS_0,5.148,4.5
Policy_A_Direct,4,90,1,1,0.9897,False,True,False,CLASS_1,2.985,4.5
Policy_A_Direct,4,91,0,0,1.0,False,True,False,CLASS_0,3.22,4.5
Policy_A_Direct,4,92,1,1,1.0,False,True,False,CLASS_1,2.804,4.5
Policy_A_Direct,4,93,0,0,0.9997,False,True,False,CLASS_0,2.736,4.5
Policy_A_Direct,4,94,0,0,0.9997,False,True,False,CLASS_0,2.881,4.5
Policy_A_Direct,4,95,1,1,0.9999,False,True,False,CLASS_1,2.531,4.5
Policy_A_Direct,4,96,1,1,1.0,False,True,False,CLASS_1,2.525,4.5
Policy_A_Direct,4,97,1,1,1.0,False,True,False,CLASS_1,2.765,4.5
Policy_A_Direct,4,98,1,1,1.0,False,True,False,CLASS_1,2.439,4.5
Policy_A_Direct,4,99,1,1,1.0,False,True,False,CLASS_1,2.684,4.5
Policy_A_Direct,4,100,0,0,0.999,False,True,False,CLASS_0,2.657,4.5
Policy_A_Direct,4,101,0,0,1.0,False,True,False,CLASS_0,2.419,4.5
Policy_A_Direct,4,102,1,1,0.9995,False,True,False,CLASS_1,2.628,4.5
Policy_A_Direct,4,103,1,1,1.0,False,True,False,CLASS_1,2.531,4.5
Policy_A_Direct,4,104,0,0,0.9974,False,True,False,CLASS_0,2.556,4.5
Policy_A_Direct,4,105,0,0,0.9988,False,True,False,CLASS_0,2.397,4.5
Policy_A_Direct,4,106,1,1,0.9993,False,True,False,CLASS_1,2.686,4.5
Policy_A_Direct,4,107,1,1,1.0,False,True,False,CLASS_1,2.349,4.5
Policy_A_Direct,4,108,1,1,0.9996,False,True,False,CLASS_1,2.569,4.5
Policy_A_Direct,4,109,1,1,1.0,False,True,False,CLASS_1,2.461,4.5
Policy_A_Direct,4,110,1,1,0.9691,False,True,False,CLASS_1,2.355,4.5
Policy_A_Direct,4,111,1,1,0.9998,False,True,False,CLASS_1,2.618,4.5
Policy_A_Direct,4,112,1,1,0.9629,False,True,False,CLASS_1,2.432,4.5
Policy_A_Direct,4,113,1,1,1.0,False,True,False,CLASS_1,2.646,4.5
Policy_A_Direct,4,114,0,0,0.9997,False,True,False,CLASS_0,2.467,4.5
Policy_A_Direct,4,115,0,0,0.999,False,True,False,CLASS_0,2.456,4.5
Policy_A_Direct,4,116,0,0,0.9988,False,True,False,CLASS_0,2.418,4.5
Policy_A_Direct,4,117,0,0,0.9994,False,True,False,CLASS_0,2.634,4.5
Policy_A_Direct,4,118,0,0,0.9537,False,True,False,CLASS_0,2.537,4.5
Policy_A_Direct,4,119,0,0,0.9997,False,True,False,CLASS_0,2.616,4.5
Policy_A_Direct,4,120,0,0,0.9971,False,True,False,CLASS_0,2.496,4.5
Policy_A_Direct,4,121,0,0,0.9971,False,True,False,CLASS_0,2.574,4.5
Policy_A_Direct,4,122,0,0,0.9979,False,True,False,CLASS_0,2.521,4.5
Policy_A_Direct,4,123,1,1,0.9977,False,True,False,CLASS_1,2.451,4.5
Policy_A_Direct,4,124,1,1,0.9997,False,True,False,CLASS_1,2.2,4.5
Policy_A_Direct,4,125,1,1,0.9992,False,True,False,CLASS_1,2.25,4.5
Policy_A_Direct,4,126,1,1,0.9994,False,True,False,CLASS_1,2.22,4.5
Policy_A_Direct,4,127,1,1,0.9994,False,True,False,CLASS_1,2.208,4.5
Policy_A_Direct,4,128,1,1,1.0,False,True,False,CLASS_1,2.188,4.5
Policy_A_Direct,4,129,0,0,0.9965,False,True,False,CLASS_0,2.26,4.5
Policy_A_Direct,4,130,1,1,0.9996,False,True,False,CLASS_1,2.372,4.5
Policy_A_Direct,4,131,1,1,0.9957,False,True,False,CLASS_1,2.364,4.5
Policy_A_Direct,4,132,1,1,0.9999,False,True,False,CLASS_1,2.377,4.5
Policy_A_Direct,4,133,1,1,1.0,False,True,False,CLASS_1,2.425,4.5
Policy_A_Direct,4,134,1,1,0.514,False,True,False,CLASS_1,2.429,4.5
Policy_A_Direct,4,135,0,0,0.9998,False,True,False,CLASS_0,2.348,4.5
Policy_A_Direct,4,136,0,0,0.9999,False,True,False,CLASS_0,2.22,4.5
Policy_A_Direct,4,137,1,1,1.0,False,True,False,CLASS_1,2.195,4.5
Policy_A_Direct,4,138,0,0,1.0,False,True,False,CLASS_0,2.174,4.5
Policy_A_Direct,4,139,1,1,0.993,False,True,False,CLASS_1,2.188,4.5
Policy_A_Direct,4,140,1,1,0.9753,False,True,False,CLASS_1,2.237,4.5
Policy_A_Direct,4,141,0,0,0.9871,False,True,False,CLASS_0,2.22,4.5
Policy_A_Direct,4,142,0,0,0.996,False,True,False,CLASS_0,2.234,4.5
Policy_A_Direct,4,143,0,0,0.9766,False,True,False,CLASS_0,2.41,4.5
Policy_A_Direct,4,144,0,0,1.0,False,True,False,CLASS_0,2.203,4.5
Policy_A_Direct,4,145,1,1,1.0,False,True,False,CLASS_1,2.174,4.5
Policy_A_Direct,4,146,0,0,0.9997,False,True,False,CLASS_0,2.171,4.5
Policy_A_Direct,4,147,1,1,1.0,False,True,False,CLASS_1,2.229,4.5
Policy_A_Direct,4,148,1,1,0.9999,False,True,False,CLASS_1,2.276,4.5
Policy_A_Direct,4,149,0,0,0.9904,False,True,False,CLASS_0,2.328,4.5
Policy_A_Direct,4,150,0,0,0.9999,False,True,False,CLASS_0,2.239,4.5
Policy_A_Direct,4,151,0,0,0.9997,False,True,False,CLASS_0,2.23,4.5
Policy_A_Direct,4,152,0,0,0.9975,False,True,False,CLASS_0,2.203,4.5
Policy_A_Direct,4,153,1,1,0.9989,False,True,False,CLASS_1,2.17,4.5
Policy_A_Direct,4,154,1,1,0.988,False,True,False,CLASS_1,2.251,4.5
Policy_A_Direct,4,155,0,0,0.9886,False,True,False,CLASS_0,2.288,4.5
Policy_A_Direct,4,156,0,0,0.9993,False,True,False,CLASS_0,2.429,4.5
Policy_A_Direct,4,157,0,0,0.9871,False,True,False,CLASS_0,2.432,4.5
Policy_A_Direct,4,158,1,1,0.9988,False,True,False,CLASS_1,2.4,4.5
Policy_A_Direct,4,159,0,0,0.9977,False,True,False,CLASS_0,2.398,4.5
Policy_A_Direct,4,160,0,0,0.9998,False,True,False,CLASS_0,2.315,4.5
Policy_B_ConfidenceGated,4,1,1,1,0.9999,True,False,False,ABSTAIN,2.447,4.5
Policy_B_ConfidenceGated,4,2,0,0,0.8035,True,False,False,ABSTAIN,1.881,4.5
Policy_B_ConfidenceGated,4,3,0,0,0.9974,True,False,False,ABSTAIN,2.305,4.5
Policy_B_ConfidenceGated,4,4,1,1,0.9928,True,False,False,ABSTAIN,1.908,4.5
Policy_B_ConfidenceGated,4,5,1,1,0.9999,False,True,False,CLASS_1,1.89,4.5
Policy_B_ConfidenceGated,4,6,0,0,0.9607,True,False,False,ABSTAIN,1.894,4.5
Policy_B_ConfidenceGated,4,7,0,0,0.9817,False,True,False,CLASS_0,1.9,4.5
Policy_B_ConfidenceGated,4,8,1,1,1.0,True,False,False,ABSTAIN,1.882,4.5
Policy_B_ConfidenceGated,4,9,1,1,1.0,False,True,False,CLASS_1,1.868,4.5
Policy_B_ConfidenceGated,4,10,1,1,0.999,True,False,False,ABSTAIN,1.885,4.5
Policy_B_ConfidenceGated,4,11,1,1,0.9997,False,True,False,CLASS_1,1.899,4.5
Policy_B_ConfidenceGated,4,12,0,0,0.9906,True,False,False,ABSTAIN,1.984,4.5
Policy_B_ConfidenceGated,4,13,1,1,0.9825,True,False,False,ABSTAIN,1.992,4.5
Policy_B_ConfidenceGated,4,14,1,1,0.9988,False,True,False,CLASS_1,2.123,4.5
Policy_B_ConfidenceGated,4,15,0,0,0.5952,True,False,False,ABSTAIN,2.095,4.5
Policy_B_ConfidenceGated,4,16,1,1,0.9952,True,False,False,ABSTAIN,2.01,4.5
Policy_B_ConfidenceGated,4,17,0,0,0.9649,True,False,False,ABSTAIN,2.021,4.5
Policy_B_ConfidenceGated,4,18,1,1,0.9993,True,False,False,ABSTAIN,2.021,4.5
Policy_B_ConfidenceGated,4,19,1,1,1.0,False,True,False,CLASS_1,2.034,4.5
Policy_B_ConfidenceGated,4,20,0,0,0.7978,True,False,False,ABSTAIN,2.026,4.5
Policy_B_ConfidenceGated,4,21,1,1,0.9956,True,False,False,ABSTAIN,2.033,4.5
Policy_B_ConfidenceGated,4,22,0,0,0.9968,True,False,False,ABSTAIN,2.051,4.5
Policy_B_ConfidenceGated,4,23,0,1,0.5834,True,False,False,ABSTAIN,2.021,4.5
Policy_B_ConfidenceGated,4,24,1,1,0.9992,True,False,False,ABSTAIN,2.049,4.5
Policy_B_ConfidenceGated,4,25,0,0,0.9785,True,False,False,ABSTAIN,2.003,4.5
Policy_B_ConfidenceGated,4,26,1,1,0.8518,True,False,False,ABSTAIN,2.029,4.5
Policy_B_ConfidenceGated,4,27,0,0,0.9996,True,False,False,ABSTAIN,1.988,4.5
Policy_B_ConfidenceGated,4,28,1,1,0.9405,True,False,False,ABSTAIN,1.984,4.5
Policy_B_ConfidenceGated,4,29,1,1,0.9981,False,True,False,CLASS_1,2.06,4.5
Policy_B_ConfidenceGated,4,30,1,1,0.9998,True,False,False,ABSTAIN,2.056,4.5
Policy_B_ConfidenceGated,4,31,0,0,0.9921,True,False,False,ABSTAIN,2.001,4.5
Policy_B_ConfidenceGated,4,32,0,0,0.9445,False,True,False,CLASS_0,1.993,4.5
Policy_B_ConfidenceGated,4,33,0,0,0.8925,True,False,False,ABSTAIN,1.951,4.5
Policy_B_ConfidenceGated,4,34,0,0,0.9999,False,True,False,CLASS_0,2.018,4.5
Policy_B_ConfidenceGated,4,35,0,0,0.9999,True,False,False,ABSTAIN,2.023,4.5
Policy_B_ConfidenceGated,4,36,0,0,0.9937,False,True,False,CLASS_0,2.015,4.5
Policy_B_ConfidenceGated,4,37,1,1,0.9938,True,False,False,ABSTAIN,2.001,4.5
Policy_B_ConfidenceGated,4,38,0,0,0.9998,True,False,False,ABSTAIN,2.026,4.5
Policy_B_ConfidenceGated,4,39,1,1,0.9984,True,False,False,ABSTAIN,2.012,4.5
Policy_B_ConfidenceGated,4,40,0,0,0.9918,True,False,False,ABSTAIN,2.016,4.5
Policy_B_ConfidenceGated,4,41,1,1,0.9996,True,False,False,ABSTAIN,2.006,4.5
Policy_B_ConfidenceGated,4,42,0,0,1.0,True,False,False,ABSTAIN,2.007,4.5
Policy_B_ConfidenceGated,4,43,0,0,0.7182,True,False,False,ABSTAIN,2.016,4.5
Policy_B_ConfidenceGated,4,44,1,1,0.9999,True,False,False,ABSTAIN,2.005,4.5
Policy_B_ConfidenceGated,4,45,1,1,1.0,False,True,False,CLASS_1,2.002,4.5
Policy_B_ConfidenceGated,4,46,0,0,0.9998,True,False,False,ABSTAIN,2.017,4.5
Policy_B_ConfidenceGated,4,47,0,0,0.9987,False,True,False,CLASS_0,1.981,4.5
Policy_B_ConfidenceGated,4,48,1,1,1.0,True,False,False,ABSTAIN,1.994,4.5
Policy_B_ConfidenceGated,4,49,1,1,0.9999,False,True,False,CLASS_1,2.172,4.5
Policy_B_ConfidenceGated,4,50,0,0,0.9987,True,False,False,ABSTAIN,2.196,4.5
Policy_B_ConfidenceGated,4,51,0,0,0.8022,True,False,False,ABSTAIN,2.184,4.5
Policy_B_ConfidenceGated,4,52,1,1,0.9997,True,False,False,ABSTAIN,2.179,4.5
Policy_B_ConfidenceGated,4,53,0,0,0.9818,True,False,False,ABSTAIN,2.144,4.5
Policy_B_ConfidenceGated,4,54,1,1,1.0,True,False,False,ABSTAIN,2.138,4.5
Policy_B_ConfidenceGated,4,55,1,1,0.9909,False,True,False,CLASS_1,2.147,4.5
Policy_B_ConfidenceGated,4,56,1,1,0.9996,True,False,False,ABSTAIN,2.103,4.5
Policy_B_ConfidenceGated,4,57,1,1,1.0,False,True,False,CLASS_1,2.152,4.5
Policy_B_ConfidenceGated,4,58,1,1,1.0,True,False,False,ABSTAIN,2.193,4.5
Policy_B_ConfidenceGated,4,59,0,0,0.9997,True,False,False,ABSTAIN,2.152,4.5
Policy_B_ConfidenceGated,4,60,1,1,0.9999,True,False,False,ABSTAIN,2.149,4.5
Policy_B_ConfidenceGated,4,61,1,1,0.9994,False,True,False,CLASS_1,2.186,4.5
Policy_B_ConfidenceGated,4,62,0,0,0.9999,True,False,False,ABSTAIN,2.17,4.5
Policy_B_ConfidenceGated,4,63,0,0,0.9962,False,True,False,CLASS_0,2.333,4.5
Policy_B_ConfidenceGated,4,64,0,0,0.7801,True,False,False,ABSTAIN,2.202,4.5
Policy_B_ConfidenceGated,4,65,0,0,0.6186,True,False,False,ABSTAIN,2.22,4.5
Policy_B_ConfidenceGated,4,66,1,1,0.9995,True,False,False,ABSTAIN,2.199,4.5
Policy_B_ConfidenceGated,4,67,0,0,0.9996,True,False,False,ABSTAIN,2.226,4.5
Policy_B_ConfidenceGated,4,68,1,1,1.0,True,False,False,ABSTAIN,2.186,4.5
Policy_B_ConfidenceGated,4,69,0,0,0.9987,True,False,False,ABSTAIN,2.192,4.5
Policy_B_ConfidenceGated,4,70,0,0,0.9999,False,True,False,CLASS_0,2.161,4.5
Policy_B_ConfidenceGated,4,71,0,0,0.9996,True,False,False,ABSTAIN,2.149,4.5
Policy_B_ConfidenceGated,4,72,1,1,0.9999,True,False,False,ABSTAIN,2.182,4.5
Policy_B_ConfidenceGated,4,73,1,1,1.0,False,True,False,CLASS_1,2.186,4.5
Policy_B_ConfidenceGated,4,74,0,0,0.9999,True,False,False,ABSTAIN,2.189,4.5
Policy_B_ConfidenceGated,4,75,1,1,1.0,True,False,False,ABSTAIN,2.2,4.5
Policy_B_ConfidenceGated,4,76,0,0,0.9924,True,False,False,ABSTAIN,2.162,4.5
Policy_B_ConfidenceGated,4,77,0,0,0.9551,False,True,False,CLASS_0,2.174,4.5
Policy_B_ConfidenceGated,4,78,1,1,1.0,True,False,False,ABSTAIN,2.183,4.5
Policy_B_ConfidenceGated,4,79,0,0,0.9979,True,False,False,ABSTAIN,2.213,4.5
Policy_B_ConfidenceGated,4,80,1,1,1.0,True,False,False,ABSTAIN,2.17,4.5
Policy_B_ConfidenceGated,4,81,0,0,1.0,True,False,False,ABSTAIN,2.194,4.5
Policy_B_ConfidenceGated,4,82,1,1,1.0,True,False,False,ABSTAIN,2.226,4.5
Policy_B_ConfidenceGated,4,83,0,0,1.0,True,False,False,ABSTAIN,2.139,4.5
Policy_B_ConfidenceGated,4,84,1,1,1.0,True,False,False,ABSTAIN,2.133,4.5
Policy_B_ConfidenceGated,4,85,1,1,1.0,False,True,False,CLASS_1,2.126,4.5
Policy_B_ConfidenceGated,4,86,0,0,0.9987,True,False,False,ABSTAIN,2.09,4.5
Policy_B_ConfidenceGated,4,87,0,0,0.9995,False,True,False,CLASS_0,2.187,4.5
Policy_B_ConfidenceGated,4,88,0,0,0.9996,True,False,False,ABSTAIN,2.129,4.5
Policy_B_ConfidenceGated,4,89,0,0,0.9997,False,True,False,CLASS_0,2.196,4.5
Policy_B_ConfidenceGated,4,90,1,1,0.9897,True,False,False,ABSTAIN,2.277,4.5
Policy_B_ConfidenceGated,4,91,0,0,1.0,True,False,False,ABSTAIN,2.489,4.5
Policy_B_ConfidenceGated,4,92,1,1,1.0,True,False,False,ABSTAIN,2.199,4.5
Policy_B_ConfidenceGated,4,93,0,0,0.9997,True,False,False,ABSTAIN,2.177,4.5
Policy_B_ConfidenceGated,4,94,0,0,0.9997,False,True,False,CLASS_0,2.174,4.5
Policy_B_ConfidenceGated,4,95,1,1,0.9999,True,False,False,ABSTAIN,2.169,4.5
Policy_B_ConfidenceGated,4,96,1,1,1.0,False,True,False,CLASS_1,2.164,4.5
Policy_B_ConfidenceGated,4,97,1,1,1.0,True,False,False,ABSTAIN,2.189,4.5
Policy_B_ConfidenceGated,4,98,1,1,1.0,False,True,False,CLASS_1,2.176,4.5
Policy_B_ConfidenceGated,4,99,1,1,1.0,True,False,False,ABSTAIN,2.196,4.5
Policy_B_ConfidenceGated,4,100,0,0,0.999,True,False,False,ABSTAIN,2.253,4.5
Policy_B_ConfidenceGated,4,101,0,0,1.0,False,True,False,CLASS_0,2.234,4.5
Policy_B_ConfidenceGated,4,102,1,1,0.9995,True,False,False,ABSTAIN,2.31,4.5
Policy_B_ConfidenceGated,4,103,1,1,1.0,False,True,False,CLASS_1,2.221,4.5
Policy_B_ConfidenceGated,4,104,0,0,0.9974,True,False,False,ABSTAIN,2.349,4.5
Policy_B_ConfidenceGated,4,105,0,0,0.9988,False,True,False,CLASS_0,2.454,4.5
Policy_B_ConfidenceGated,4,106,1,1,0.9993,True,False,False,ABSTAIN,2.427,4.5
Policy_B_ConfidenceGated,4,107,1,1,1.0,False,True,False,CLASS_1,2.372,4.5
Policy_B_ConfidenceGated,4,108,1,1,0.9996,True,False,False,ABSTAIN,2.376,4.5
Policy_B_ConfidenceGated,4,109,1,1,1.0,False,True,False,CLASS_1,2.384,4.5
Policy_B_ConfidenceGated,4,110,1,1,0.9691,True,False,False,ABSTAIN,2.435,4.5
Policy_B_ConfidenceGated,4,111,1,1,0.9998,False,True,False,CLASS_1,2.201,4.5
Policy_B_ConfidenceGated,4,112,1,1,0.9629,True,False,False,ABSTAIN,2.192,4.5
Policy_B_ConfidenceGated,4,113,1,1,1.0,False,True,False,CLASS_1,2.162,4.5
Policy_B_ConfidenceGated,4,114,0,0,0.9997,True,False,False,ABSTAIN,2.201,4.5
Policy_B_ConfidenceGated,4,115,0,0,0.999,False,True,False,CLASS_0,2.232,4.5
Policy_B_ConfidenceGated,4,116,0,0,0.9988,True,False,False,ABSTAIN,2.243,4.5
Policy_B_ConfidenceGated,4,117,0,0,0.9994,False,True,False,CLASS_0,2.251,4.5
Policy_B_ConfidenceGated,4,118,0,0,0.9537,True,False,False,ABSTAIN,2.429,4.5
Policy_B_ConfidenceGated,4,119,0,0,0.9997,False,True,False,CLASS_0,2.236,4.5
Policy_B_ConfidenceGated,4,120,0,0,0.9971,True,False,False,ABSTAIN,2.205,4.5
Policy_B_ConfidenceGated,4,121,0,0,0.9971,False,True,False,CLASS_0,2.202,4.5
Policy_B_ConfidenceGated,4,122,0,0,0.9979,True,False,False,ABSTAIN,2.217,4.5
Policy_B_ConfidenceGated,4,123,1,1,0.9977,True,False,False,ABSTAIN,2.223,4.5
Policy_B_ConfidenceGated,4,124,1,1,0.9997,False,True,False,CLASS_1,2.223,4.5
Policy_B_ConfidenceGated,4,125,1,1,0.9992,True,False,False,ABSTAIN,2.216,4.5
Policy_B_ConfidenceGated,4,126,1,1,0.9994,False,True,False,CLASS_1,2.167,4.5
Policy_B_ConfidenceGated,4,127,1,1,0.9994,True,False,False,ABSTAIN,2.242,4.5
Policy_B_ConfidenceGated,4,128,1,1,1.0,False,True,False,CLASS_1,2.331,4.5
Policy_B_ConfidenceGated,4,129,0,0,0.9965,True,False,False,ABSTAIN,2.206,4.5
Policy_B_ConfidenceGated,4,130,1,1,0.9996,True,False,False,ABSTAIN,2.482,4.5
Policy_B_ConfidenceGated,4,131,1,1,0.9957,False,True,False,CLASS_1,2.424,4.5
Policy_B_ConfidenceGated,4,132,1,1,0.9999,True,False,False,ABSTAIN,2.23,4.5
Policy_B_ConfidenceGated,4,133,1,1,1.0,False,True,False,CLASS_1,2.35,4.5
Policy_B_ConfidenceGated,4,134,1,1,0.514,True,False,False,ABSTAIN,2.199,4.5
Policy_B_ConfidenceGated,4,135,0,0,0.9998,True,False,False,ABSTAIN,2.316,4.5
Policy_B_ConfidenceGated,4,136,0,0,0.9999,False,True,False,CLASS_0,2.276,4.5
Policy_B_ConfidenceGated,4,137,1,1,1.0,True,False,False,ABSTAIN,2.362,4.5
Policy_B_ConfidenceGated,4,138,0,0,1.0,True,False,False,ABSTAIN,2.247,4.5
Policy_B_ConfidenceGated,4,139,1,1,0.993,True,False,False,ABSTAIN,2.338,4.5
Policy_B_ConfidenceGated,4,140,1,1,0.9753,False,True,False,CLASS_1,2.264,4.5
Policy_B_ConfidenceGated,4,141,0,0,0.9871,True,False,False,ABSTAIN,2.325,4.5
Policy_B_ConfidenceGated,4,142,0,0,0.996,False,True,False,CLASS_0,2.254,4.5
Policy_B_ConfidenceGated,4,143,0,0,0.9766,True,False,False,ABSTAIN,2.124,4.5
Policy_B_ConfidenceGated,4,144,0,0,1.0,False,True,False,CLASS_0,2.142,4.5
Policy_B_ConfidenceGated,4,145,1,1,1.0,True,False,False,ABSTAIN,2.347,4.5
Policy_B_ConfidenceGated,4,146,0,0,0.9997,True,False,False,ABSTAIN,2.292,4.5
Policy_B_ConfidenceGated,4,147,1,1,1.0,True,False,False,ABSTAIN,2.268,4.5
Policy_B_ConfidenceGated,4,148,1,1,0.9999,False,True,False,CLASS_1,2.279,4.5
Policy_B_ConfidenceGated,4,149,0,0,0.9904,True,False,False,ABSTAIN,2.336,4.5
Policy_B_ConfidenceGated,4,150,0,0,0.9999,False,True,False,CLASS_0,2.275,4.5
Policy_B_ConfidenceGated,4,151,0,0,0.9997,True,False,False,ABSTAIN,2.356,4.5
Policy_B_ConfidenceGated,4,152,0,0,0.9975,False,True,False,CLASS_0,2.335,4.5
Policy_B_ConfidenceGated,4,153,1,1,0.9989,True,False,False,ABSTAIN,2.267,4.5
Policy_B_ConfidenceGated,4,154,1,1,0.988,False,True,False,CLASS_1,2.249,4.5
Policy_B_ConfidenceGated,4,155,0,0,0.9886,True,False,False,ABSTAIN,2.244,4.5
Policy_B_ConfidenceGated,4,156,0,0,0.9993,False,True,False,CLASS_0,2.261,4.5
Policy_B_ConfidenceGated,4,157,0,0,0.9871,True,False,False,ABSTAIN,2.248,4.5
Policy_B_ConfidenceGated,4,158,1,1,0.9988,True,False,False,ABSTAIN,2.257,4.5
Policy_B_ConfidenceGated,4,159,0,0,0.9977,True,False,False,ABSTAIN,2.251,4.5
Policy_B_ConfidenceGated,4,160,0,0,0.9998,False,True,False,CLASS_0,2.332,4.5
Policy_C_SharedControl,4,1,1,1,0.9999,True,False,False,,2.798,4.5
Policy_C_SharedControl,4,2,0,0,0.8035,True,False,False,,2.223,4.5
Policy_C_SharedControl,4,3,0,0,0.9974,True,False,False,,2.23,4.5
Policy_C_SharedControl,4,4,1,1,0.9928,True,False,False,,2.195,4.5
Policy_C_SharedControl,4,5,1,1,0.9999,False,True,False,SELECT_RIGHT,2.195,4.5
Policy_C_SharedControl,4,6,0,0,0.9607,True,False,False,,2.215,4.5
Policy_C_SharedControl,4,7,0,0,0.9817,False,True,False,SELECT_LEFT,2.126,4.5
Policy_C_SharedControl,4,8,1,1,1.0,True,False,False,,2.296,4.5
Policy_C_SharedControl,4,9,1,1,1.0,False,True,False,SELECT_RIGHT,2.304,4.5
Policy_C_SharedControl,4,10,1,1,0.999,True,False,False,,2.288,4.5
Policy_C_SharedControl,4,11,1,1,0.9997,False,True,False,REACH_FORWARD,2.229,4.5
Policy_C_SharedControl,4,12,0,0,0.9906,True,False,False,,2.203,4.5
Policy_C_SharedControl,4,13,1,1,0.9825,True,False,False,,2.231,4.5
Policy_C_SharedControl,4,14,1,1,0.9988,False,True,False,GRASP_CLOSE,2.327,4.5
Policy_C_SharedControl,4,15,0,0,0.5952,True,False,False,,2.26,4.5
Policy_C_SharedControl,4,16,1,1,0.9952,True,False,False,,2.361,4.5
Policy_C_SharedControl,4,17,0,0,0.9649,True,False,False,,2.39,4.5
Policy_C_SharedControl,4,18,1,1,0.9993,True,False,False,,2.385,4.5
Policy_C_SharedControl,4,19,1,1,1.0,False,True,False,GRASP_CLOSE,2.337,4.5
Policy_C_SharedControl,4,20,0,0,0.7978,True,False,False,,2.373,4.5
Policy_C_SharedControl,4,21,1,1,0.9956,True,False,False,,2.42,4.5
Policy_C_SharedControl,4,22,0,0,0.9968,True,False,False,,2.397,4.5
Policy_C_SharedControl,4,23,0,1,0.5834,True,False,False,,2.749,4.5
Policy_C_SharedControl,4,24,1,1,0.9992,True,False,False,,2.729,4.5
Policy_C_SharedControl,4,25,0,0,0.9785,True,False,False,,2.535,4.5
Policy_C_SharedControl,4,26,1,1,0.8518,True,False,False,,2.414,4.5
Policy_C_SharedControl,4,27,0,0,0.9996,True,False,False,,2.415,4.5
Policy_C_SharedControl,4,28,1,1,0.9405,True,False,False,,2.433,4.5
Policy_C_SharedControl,4,29,1,1,0.9981,False,True,False,GRASP_CLOSE,2.838,4.5
Policy_C_SharedControl,4,30,1,1,0.9998,True,False,False,,2.735,4.5
Policy_C_SharedControl,4,31,0,0,0.9921,True,False,False,,2.72,4.5
Policy_C_SharedControl,4,32,0,0,0.9445,False,True,False,GRASP_OPEN,2.739,4.5
Policy_C_SharedControl,4,33,0,0,0.8925,True,False,False,,2.729,4.5
Policy_C_SharedControl,4,34,0,0,0.9999,False,True,False,GRASP_OPEN,2.718,4.5
Policy_C_SharedControl,4,35,0,0,0.9999,True,False,False,,3.007,4.5
Policy_C_SharedControl,4,36,0,0,0.9937,False,True,False,GRASP_OPEN,3.285,4.5
Policy_C_SharedControl,4,37,1,1,0.9938,True,False,False,,3.016,4.5
Policy_C_SharedControl,4,38,0,0,0.9998,True,False,False,,3.023,4.5
Policy_C_SharedControl,4,39,1,1,0.9984,True,False,False,,2.782,4.5
Policy_C_SharedControl,4,40,0,0,0.9918,True,False,False,,2.674,4.5
Policy_C_SharedControl,4,41,1,1,0.9996,True,False,False,,3.53,4.5
Policy_C_SharedControl,4,42,0,0,1.0,True,False,False,,3.296,4.5
Policy_C_SharedControl,4,43,0,0,0.7182,True,False,False,,3.172,4.5
Policy_C_SharedControl,4,44,1,1,0.9999,True,False,False,,3.406,4.5
Policy_C_SharedControl,4,45,1,1,1.0,False,True,False,GRASP_CLOSE,3.426,4.5
Policy_C_SharedControl,4,46,0,0,0.9998,True,False,False,,3.681,4.5
Policy_C_SharedControl,4,47,0,0,0.9987,False,True,False,GRASP_OPEN,3.708,4.5
Policy_C_SharedControl,4,48,1,1,1.0,True,False,False,,3.751,4.5
Policy_C_SharedControl,4,49,1,1,0.9999,False,True,False,GRASP_CLOSE,3.385,4.5
Policy_C_SharedControl,4,50,0,0,0.9987,True,False,False,,4.101,4.5
Policy_C_SharedControl,4,51,0,0,0.8022,True,False,False,,4.528,4.5
Policy_C_SharedControl,4,52,1,1,0.9997,True,False,False,,3.884,4.5
Policy_C_SharedControl,4,53,0,0,0.9818,True,False,False,,3.708,4.5
Policy_C_SharedControl,4,54,1,1,1.0,True,False,False,,4.248,4.5
Policy_C_SharedControl,4,55,1,1,0.9909,False,True,False,GRASP_CLOSE,4.963,4.5
Policy_C_SharedControl,4,56,1,1,0.9996,True,False,False,,5.88,4.5
Policy_C_SharedControl,4,57,1,1,1.0,False,True,False,GRASP_CLOSE,4.701,4.5
Policy_C_SharedControl,4,58,1,1,1.0,True,False,False,,4.912,4.5
Policy_C_SharedControl,4,59,0,0,0.9997,True,False,False,,5.341,4.5
Policy_C_SharedControl,4,60,1,1,0.9999,True,False,False,,4.624,4.5
Policy_C_SharedControl,4,61,1,1,0.9994,False,True,False,GRASP_CLOSE,4.841,4.5
Policy_C_SharedControl,4,62,0,0,0.9999,True,False,False,,5.097,4.5
Policy_C_SharedControl,4,63,0,0,0.9962,False,True,False,GRASP_OPEN,4.68,4.5
Policy_C_SharedControl,4,64,0,0,0.7801,True,False,False,,4.884,4.5
Policy_C_SharedControl,4,65,0,0,0.6186,True,False,False,,5.011,4.5
Policy_C_SharedControl,4,66,1,1,0.9995,True,False,False,,4.711,4.5
Policy_C_SharedControl,4,67,0,0,0.9996,True,False,False,,4.887,4.5
Policy_C_SharedControl,4,68,1,1,1.0,True,False,False,,4.606,4.5
Policy_C_SharedControl,4,69,0,0,0.9987,True,False,False,,4.76,4.5
Policy_C_SharedControl,4,70,0,0,0.9999,False,True,False,GRASP_OPEN,4.579,4.5
Policy_C_SharedControl,4,71,0,0,0.9996,True,False,False,,4.552,4.5
Policy_C_SharedControl,4,72,1,1,0.9999,True,False,False,,4.837,4.5
Policy_C_SharedControl,4,73,1,1,1.0,False,True,False,GRASP_CLOSE,5.409,4.5
Policy_C_SharedControl,4,74,0,0,0.9999,True,False,False,,4.69,4.5
Policy_C_SharedControl,4,75,1,1,1.0,True,False,False,,4.857,4.5
Policy_C_SharedControl,4,76,0,0,0.9924,True,False,False,,4.535,4.5
Policy_C_SharedControl,4,77,0,0,0.9551,False,True,False,GRASP_OPEN,4.536,4.5
Policy_C_SharedControl,4,78,1,1,1.0,True,False,False,,4.772,4.5
Policy_C_SharedControl,4,79,0,0,0.9979,True,False,False,,4.497,4.5
Policy_C_SharedControl,4,80,1,1,1.0,True,False,False,,4.526,4.5
Policy_C_SharedControl,4,81,0,0,1.0,True,False,False,,4.814,4.5
Policy_C_SharedControl,4,82,1,1,1.0,True,False,False,,4.626,4.5
Policy_C_SharedControl,4,83,0,0,1.0,True,False,False,,4.495,4.5
Policy_C_SharedControl,4,84,1,1,1.0,True,False,False,,4.931,4.5
Policy_C_SharedControl,4,85,1,1,1.0,False,True,False,GRASP_CLOSE,5.542,4.5
Policy_C_SharedControl,4,86,0,0,0.9987,True,False,False,,4.664,4.5
Policy_C_SharedControl,4,87,0,0,0.9995,False,True,False,GRASP_OPEN,4.884,4.5
Policy_C_SharedControl,4,88,0,0,0.9996,True,False,False,,5.341,4.5
Policy_C_SharedControl,4,89,0,0,0.9997,False,True,False,GRASP_OPEN,4.884,4.5
Policy_C_SharedControl,4,90,1,1,0.9897,True,False,False,,5.063,4.5
Policy_C_SharedControl,4,91,0,0,1.0,True,False,False,,29.652,4.5
Policy_C_SharedControl,4,92,1,1,1.0,True,False,False,,6.203,4.5
Policy_C_SharedControl,4,93,0,0,0.9997,True,False,False,,5.253,4.5
Policy_C_SharedControl,4,94,0,0,0.9997,False,True,False,GRASP_OPEN,5.438,4.5
Policy_C_SharedControl,4,95,1,1,0.9999,True,False,False,,5.34,4.5
Policy_C_SharedControl,4,96,1,1,1.0,False,True,False,GRASP_CLOSE,5.21,4.5
Policy_C_SharedControl,4,97,1,1,1.0,True,False,False,,5.121,4.5
Policy_C_SharedControl,4,98,1,1,1.0,False,True,False,GRASP_CLOSE,5.126,4.5
Policy_C_SharedControl,4,99,1,1,1.0,True,False,False,,5.372,4.5
Policy_C_SharedControl,4,100,0,0,0.999,True,False,False,,5.227,4.5
Policy_C_SharedControl,4,101,0,0,1.0,False,True,False,GRASP_OPEN,5.746,4.5
Policy_C_SharedControl,4,102,1,1,0.9995,True,False,False,,5.387,4.5
Policy_C_SharedControl,4,103,1,1,1.0,False,True,False,GRASP_CLOSE,5.252,4.5
Policy_C_SharedControl,4,104,0,0,0.9974,True,False,False,,4.976,4.5
Policy_C_SharedControl,4,105,0,0,0.9988,False,True,False,GRASP_OPEN,5.068,4.5
Policy_C_SharedControl,4,106,1,1,0.9993,True,False,False,,5.21,4.5
Policy_C_SharedControl,4,107,1,1,1.0,False,True,False,GRASP_CLOSE,5.201,4.5
Policy_C_SharedControl,4,108,1,1,0.9996,True,False,False,,5.361,4.5
Policy_C_SharedControl,4,109,1,1,1.0,False,True,False,GRASP_CLOSE,5.135,4.5
Policy_C_SharedControl,4,110,1,1,0.9691,True,False,False,,5.176,4.5
Policy_C_SharedControl,4,111,1,1,0.9998,False,True,False,GRASP_CLOSE,5.351,4.5
Policy_C_SharedControl,4,112,1,1,0.9629,True,False,False,,5.083,4.5
Policy_C_SharedControl,4,113,1,1,1.0,False,True,False,GRASP_CLOSE,5.41,4.5
Policy_C_SharedControl,4,114,0,0,0.9997,True,False,False,,5.182,4.5
Policy_C_SharedControl,4,115,0,0,0.999,False,True,False,GRASP_OPEN,5.304,4.5
Policy_C_SharedControl,4,116,0,0,0.9988,True,False,False,,5.238,4.5
Policy_C_SharedControl,4,117,0,0,0.9994,False,True,False,GRASP_OPEN,5.062,4.5
Policy_C_SharedControl,4,118,0,0,0.9537,True,False,False,,5.264,4.5
Policy_C_SharedControl,4,119,0,0,0.9997,False,True,False,GRASP_OPEN,5.17,4.5
Policy_C_SharedControl,4,120,0,0,0.9971,True,False,False,,5.052,4.5
Policy_C_SharedControl,4,121,0,0,0.9971,False,True,False,GRASP_OPEN,5.406,4.5
Policy_C_SharedControl,4,122,0,0,0.9979,True,False,False,,5.139,4.5
Policy_C_SharedControl,4,123,1,1,0.9977,True,False,False,,4.962,4.5
Policy_C_SharedControl,4,124,1,1,0.9997,False,True,False,GRASP_CLOSE,5.288,4.5
Policy_C_SharedControl,4,125,1,1,0.9992,True,False,False,,5.113,4.5
Policy_C_SharedControl,4,126,1,1,0.9994,False,True,False,GRASP_CLOSE,5.018,4.5
Policy_C_SharedControl,4,127,1,1,0.9994,True,False,False,,5.506,4.5
Policy_C_SharedControl,4,128,1,1,1.0,False,True,False,GRASP_CLOSE,5.121,4.5
Policy_C_SharedControl,4,129,0,0,0.9965,True,False,False,,5.026,4.5
Policy_C_SharedControl,4,130,1,1,0.9996,True,False,False,,5.274,4.5
Policy_C_SharedControl,4,131,1,1,0.9957,False,True,False,GRASP_CLOSE,5.82,4.5
Policy_C_SharedControl,4,132,1,1,0.9999,True,False,False,,5.728,4.5
Policy_C_SharedControl,4,133,1,1,1.0,False,True,False,GRASP_CLOSE,5.454,4.5
Policy_C_SharedControl,4,134,1,1,0.514,True,False,False,,5.166,4.5
Policy_C_SharedControl,4,135,0,0,0.9998,True,False,False,,5.016,4.5
Policy_C_SharedControl,4,136,0,0,0.9999,False,True,False,GRASP_OPEN,5.249,4.5
Policy_C_SharedControl,4,137,1,1,1.0,True,False,False,,5.146,4.5
Policy_C_SharedControl,4,138,0,0,1.0,True,False,False,,5.177,4.5
Policy_C_SharedControl,4,139,1,1,0.993,True,False,False,,5.366,4.5
Policy_C_SharedControl,4,140,1,1,0.9753,False,True,False,GRASP_CLOSE,5.546,4.5
Policy_C_SharedControl,4,141,0,0,0.9871,True,False,False,,5.233,4.5
Policy_C_SharedControl,4,142,0,0,0.996,False,True,False,GRASP_OPEN,5.151,4.5
Policy_C_SharedControl,4,143,0,0,0.9766,True,False,False,,5.157,4.5
Policy_C_SharedControl,4,144,0,0,1.0,False,True,False,GRASP_OPEN,5.133,4.5
Policy_C_SharedControl,4,145,1,1,1.0,True,False,False,,5.093,4.5
Policy_C_SharedControl,4,146,0,0,0.9997,True,False,False,,5.353,4.5
Policy_C_SharedControl,4,147,1,1,1.0,True,False,False,,5.237,4.5
Policy_C_SharedControl,4,148,1,1,0.9999,False,True,False,GRASP_CLOSE,5.095,4.5
Policy_C_SharedControl,4,149,0,0,0.9904,True,False,False,,5.232,4.5
Policy_C_SharedControl,4,150,0,0,0.9999,False,True,False,GRASP_OPEN,5.07,4.5
Policy_C_SharedControl,4,151,0,0,0.9997,True,False,False,,5.23,4.5
Policy_C_SharedControl,4,152,0,0,0.9975,False,True,False,GRASP_OPEN,5.735,4.5
Policy_C_SharedControl,4,153,1,1,0.9989,True,False,False,,5.079,4.5
Policy_C_SharedControl,4,154,1,1,0.988,False,True,False,GRASP_CLOSE,5.163,4.5
Policy_C_SharedControl,4,155,0,0,0.9886,True,False,False,,5.119,4.5
Policy_C_SharedControl,4,156,0,0,0.9993,False,True,False,GRASP_OPEN,5.098,4.5
Policy_C_SharedControl,4,157,0,0,0.9871,True,False,False,,4.986,4.5
Policy_C_SharedControl,4,158,1,1,0.9988,True,False,False,,5.487,4.5
Policy_C_SharedControl,4,159,0,0,0.9977,True,False,False,,5.459,4.5
Policy_C_SharedControl,4,160,0,0,0.9998,False,True,False,GRASP_OPEN,5.46,4.5
Policy_A_Direct,5,1,0,0,0.8793,False,True,False,CLASS_0,5.227,4.5
Policy_A_Direct,5,2,1,1,0.5006,False,True,False,CLASS_1,1.75,4.5
Policy_A_Direct,5,3,0,0,0.9194,False,True,False,CLASS_0,1.671,4.5
Policy_A_Direct,5,4,1,0,0.5895,False,False,True,CLASS_0,1.694,4.5
Policy_A_Direct,5,5,1,1,0.5814,False,True,False,CLASS_1,1.675,4.5
Policy_A_Direct,5,6,0,0,0.9964,False,True,False,CLASS_0,1.701,4.5
Policy_A_Direct,5,7,0,0,0.9198,False,True,False,CLASS_0,1.693,4.5
Policy_A_Direct,5,8,0,1,0.7625,False,False,True,CLASS_1,1.643,4.5
Policy_A_Direct,5,9,0,0,0.9072,False,True,False,CLASS_0,1.657,4.5
Policy_A_Direct,5,10,1,1,0.787,False,True,False,CLASS_1,1.742,4.5
Policy_A_Direct,5,11,0,0,0.5431,False,True,False,CLASS_0,1.662,4.5
Policy_A_Direct,5,12,1,1,0.693,False,True,False,CLASS_1,1.681,4.5
Policy_A_Direct,5,13,0,0,0.8897,False,True,False,CLASS_0,1.659,4.5
Policy_A_Direct,5,14,0,1,0.6806,False,False,True,CLASS_1,1.695,4.5
Policy_A_Direct,5,15,1,1,0.9167,False,True,False,CLASS_1,1.661,4.5
Policy_A_Direct,5,16,1,1,0.7462,False,True,False,CLASS_1,1.654,4.5
Policy_A_Direct,5,17,1,1,0.9683,False,True,False,CLASS_1,1.686,4.5
Policy_A_Direct,5,18,1,1,0.7705,False,True,False,CLASS_1,1.67,4.5
Policy_A_Direct,5,19,1,1,0.8199,False,True,False,CLASS_1,1.638,4.5
Policy_A_Direct,5,20,0,0,0.9148,False,True,False,CLASS_0,1.677,4.5
Policy_A_Direct,5,21,0,1,0.5342,False,False,True,CLASS_1,1.65,4.5
Policy_A_Direct,5,22,1,1,0.9865,False,True,False,CLASS_1,1.675,4.5
Policy_A_Direct,5,23,1,0,0.6264,False,False,True,CLASS_0,1.686,4.5
Policy_A_Direct,5,24,0,1,0.8863,False,False,True,CLASS_1,1.697,4.5
Policy_A_Direct,5,25,0,1,0.7646,False,False,True,CLASS_1,1.759,4.5
Policy_A_Direct,5,26,1,1,0.8905,False,True,False,CLASS_1,1.749,4.5
Policy_A_Direct,5,27,1,1,0.7514,False,True,False,CLASS_1,1.783,4.5
Policy_A_Direct,5,28,1,1,0.7009,False,True,False,CLASS_1,1.72,4.5
Policy_A_Direct,5,29,1,1,0.6176,False,True,False,CLASS_1,1.747,4.5
Policy_A_Direct,5,30,1,1,0.7341,False,True,False,CLASS_1,1.729,4.5
Policy_A_Direct,5,31,1,1,0.7323,False,True,False,CLASS_1,1.711,4.5
Policy_A_Direct,5,32,1,1,0.9775,False,True,False,CLASS_1,1.72,4.5
Policy_A_Direct,5,33,1,1,0.8823,False,True,False,CLASS_1,1.66,4.5
Policy_A_Direct,5,34,0,0,0.8398,False,True,False,CLASS_0,1.677,4.5
Policy_A_Direct,5,35,0,0,0.6221,False,True,False,CLASS_0,1.731,4.5
Policy_A_Direct,5,36,0,0,0.789,False,True,False,CLASS_0,1.68,4.5
Policy_A_Direct,5,37,0,1,0.9175,False,False,True,CLASS_1,1.683,4.5
Policy_A_Direct,5,38,0,0,0.9351,False,True,False,CLASS_0,1.759,4.5
Policy_A_Direct,5,39,0,0,0.8384,False,True,False,CLASS_0,1.741,4.5
Policy_A_Direct,5,40,0,1,0.5695,False,False,True,CLASS_1,1.75,4.5
Policy_A_Direct,5,41,0,0,0.9707,False,True,False,CLASS_0,1.65,4.5
Policy_A_Direct,5,42,0,0,0.6625,False,True,False,CLASS_0,1.747,4.5
Policy_A_Direct,5,43,1,1,0.7732,False,True,False,CLASS_1,1.704,4.5
Policy_A_Direct,5,44,1,1,0.9251,False,True,False,CLASS_1,1.666,4.5
Policy_A_Direct,5,45,1,1,0.8352,False,True,False,CLASS_1,1.699,4.5
Policy_A_Direct,5,46,1,1,0.9194,False,True,False,CLASS_1,1.671,4.5
Policy_A_Direct,5,47,1,1,0.5694,False,True,False,CLASS_1,1.687,4.5
Policy_A_Direct,5,48,1,1,0.9434,False,True,False,CLASS_1,1.67,4.5
Policy_A_Direct,5,49,0,0,0.6625,False,True,False,CLASS_0,1.686,4.5
Policy_A_Direct,5,50,1,1,0.7894,False,True,False,CLASS_1,1.707,4.5
Policy_A_Direct,5,51,1,1,0.791,False,True,False,CLASS_1,1.795,4.5
Policy_A_Direct,5,52,1,1,0.7501,False,True,False,CLASS_1,1.765,4.5
Policy_A_Direct,5,53,1,1,0.711,False,True,False,CLASS_1,1.757,4.5
Policy_A_Direct,5,54,1,1,0.8774,False,True,False,CLASS_1,1.756,4.5
Policy_A_Direct,5,55,0,0,0.8238,False,True,False,CLASS_0,1.785,4.5
Policy_A_Direct,5,56,0,0,0.9592,False,True,False,CLASS_0,1.794,4.5
Policy_A_Direct,5,57,1,1,0.9766,False,True,False,CLASS_1,1.812,4.5
Policy_A_Direct,5,58,0,0,0.9659,False,True,False,CLASS_0,1.823,4.5
Policy_A_Direct,5,59,1,1,0.6758,False,True,False,CLASS_1,1.804,4.5
Policy_A_Direct,5,60,1,1,0.9238,False,True,False,CLASS_1,1.876,4.5
Policy_A_Direct,5,61,0,0,0.8804,False,True,False,CLASS_0,1.9,4.5
Policy_A_Direct,5,62,0,1,0.5341,False,False,True,CLASS_1,1.842,4.5
Policy_A_Direct,5,63,0,0,0.7812,False,True,False,CLASS_0,1.887,4.5
Policy_A_Direct,5,64,0,0,0.9224,False,True,False,CLASS_0,1.866,4.5
Policy_A_Direct,5,65,1,1,0.7719,False,True,False,CLASS_1,1.894,4.5
Policy_A_Direct,5,66,0,0,0.8002,False,True,False,CLASS_0,1.831,4.5
Policy_A_Direct,5,67,1,1,0.9263,False,True,False,CLASS_1,1.879,4.5
Policy_A_Direct,5,68,1,0,0.8533,False,False,True,CLASS_0,1.937,4.5
Policy_A_Direct,5,69,0,0,0.6735,False,True,False,CLASS_0,2.057,4.5
Policy_A_Direct,5,70,0,0,0.7286,False,True,False,CLASS_0,2.009,4.5
Policy_A_Direct,5,71,0,0,0.8951,False,True,False,CLASS_0,1.959,4.5
Policy_A_Direct,5,72,0,0,0.5636,False,True,False,CLASS_0,2.014,4.5
Policy_A_Direct,5,73,1,1,0.8846,False,True,False,CLASS_1,2.01,4.5
Policy_A_Direct,5,74,1,1,0.9954,False,True,False,CLASS_1,2.06,4.5
Policy_A_Direct,5,75,0,0,0.936,False,True,False,CLASS_0,2.054,4.5
Policy_A_Direct,5,76,0,0,0.9317,False,True,False,CLASS_0,2.016,4.5
Policy_A_Direct,5,77,0,0,0.878,False,True,False,CLASS_0,2.188,4.5
Policy_A_Direct,5,78,1,1,0.9675,False,True,False,CLASS_1,2.047,4.5
Policy_A_Direct,5,79,0,0,0.6441,False,True,False,CLASS_0,2.15,4.5
Policy_A_Direct,5,80,0,0,0.6051,False,True,False,CLASS_0,2.129,4.5
Policy_A_Direct,5,81,1,1,0.7775,False,True,False,CLASS_1,2.107,4.5
Policy_A_Direct,5,82,1,1,0.8495,False,True,False,CLASS_1,2.081,4.5
Policy_A_Direct,5,83,1,1,0.5375,False,True,False,CLASS_1,2.132,4.5
Policy_A_Direct,5,84,0,0,0.9948,False,True,False,CLASS_0,2.188,4.5
Policy_A_Direct,5,85,0,1,0.9771,False,False,True,CLASS_1,2.25,4.5
Policy_A_Direct,5,86,1,1,0.6026,False,True,False,CLASS_1,2.143,4.5
Policy_A_Direct,5,87,1,1,0.8636,False,True,False,CLASS_1,2.243,4.5
Policy_A_Direct,5,88,0,0,0.973,False,True,False,CLASS_0,2.172,4.5
Policy_A_Direct,5,89,0,0,0.6471,False,True,False,CLASS_0,2.226,4.5
Policy_A_Direct,5,90,1,1,0.8135,False,True,False,CLASS_1,2.119,4.5
Policy_A_Direct,5,91,0,0,0.6542,False,True,False,CLASS_0,2.421,4.5
Policy_A_Direct,5,92,0,0,0.9815,False,True,False,CLASS_0,2.667,4.5
Policy_A_Direct,5,93,0,0,0.7874,False,True,False,CLASS_0,2.317,4.5
Policy_A_Direct,5,94,1,1,0.9149,False,True,False,CLASS_1,2.437,4.5
Policy_A_Direct,5,95,0,0,0.9463,False,True,False,CLASS_0,2.328,4.5
Policy_A_Direct,5,96,1,1,0.8066,False,True,False,CLASS_1,2.486,4.5
Policy_A_Direct,5,97,0,0,0.9291,False,True,False,CLASS_0,3.502,4.5
Policy_A_Direct,5,98,0,0,0.621,False,True,False,CLASS_0,2.967,4.5
Policy_A_Direct,5,99,1,1,0.6647,False,True,False,CLASS_1,2.826,4.5
Policy_A_Direct,5,100,0,0,0.8094,False,True,False,CLASS_0,3.1,4.5
Policy_A_Direct,5,101,1,1,0.9115,False,True,False,CLASS_1,2.718,4.5
Policy_A_Direct,5,102,0,0,0.5247,False,True,False,CLASS_0,2.763,4.5
Policy_A_Direct,5,103,1,1,0.591,False,True,False,CLASS_1,2.695,4.5
Policy_A_Direct,5,104,0,0,0.9215,False,True,False,CLASS_0,2.643,4.5
Policy_A_Direct,5,105,1,1,0.9348,False,True,False,CLASS_1,2.596,4.5
Policy_A_Direct,5,106,0,0,0.9528,False,True,False,CLASS_0,2.722,4.5
Policy_A_Direct,5,107,1,1,0.675,False,True,False,CLASS_1,2.545,4.5
Policy_A_Direct,5,108,0,0,0.9909,False,True,False,CLASS_0,2.449,4.5
Policy_A_Direct,5,109,1,1,0.8333,False,True,False,CLASS_1,2.316,4.5
Policy_A_Direct,5,110,0,0,0.8225,False,True,False,CLASS_0,2.413,4.5
Policy_A_Direct,5,111,1,1,0.9718,False,True,False,CLASS_1,2.356,4.5
Policy_A_Direct,5,112,1,1,0.8759,False,True,False,CLASS_1,2.434,4.5
Policy_A_Direct,5,113,0,0,0.6303,False,True,False,CLASS_0,2.388,4.5
Policy_A_Direct,5,114,0,0,0.9059,False,True,False,CLASS_0,2.36,4.5
Policy_A_Direct,5,115,1,1,0.9765,False,True,False,CLASS_1,2.359,4.5
Policy_A_Direct,5,116,0,0,0.9681,False,True,False,CLASS_0,2.38,4.5
Policy_A_Direct,5,117,1,1,0.8544,False,True,False,CLASS_1,2.396,4.5
Policy_A_Direct,5,118,0,0,0.8443,False,True,False,CLASS_0,2.383,4.5
Policy_A_Direct,5,119,1,0,0.9802,False,False,True,CLASS_0,2.38,4.5
Policy_A_Direct,5,120,1,1,0.9823,False,True,False,CLASS_1,2.371,4.5
Policy_A_Direct,5,121,0,1,0.6795,False,False,True,CLASS_1,2.413,4.5
Policy_A_Direct,5,122,1,1,0.767,False,True,False,CLASS_1,2.436,4.5
Policy_A_Direct,5,123,1,1,0.7574,False,True,False,CLASS_1,2.475,4.5
Policy_A_Direct,5,124,1,1,0.9748,False,True,False,CLASS_1,2.419,4.5
Policy_A_Direct,5,125,1,1,0.7361,False,True,False,CLASS_1,2.442,4.5
Policy_A_Direct,5,126,1,1,0.6771,False,True,False,CLASS_1,2.47,4.5
Policy_A_Direct,5,127,0,0,0.8769,False,True,False,CLASS_0,2.393,4.5
Policy_A_Direct,5,128,1,1,0.8379,False,True,False,CLASS_1,2.409,4.5
Policy_A_Direct,5,129,1,0,0.8321,False,False,True,CLASS_0,2.334,4.5
Policy_A_Direct,5,130,1,1,0.7659,False,True,False,CLASS_1,2.388,4.5
Policy_A_Direct,5,131,0,0,0.9796,False,True,False,CLASS_0,2.364,4.5
Policy_A_Direct,5,132,1,1,0.8227,False,True,False,CLASS_1,2.394,4.5
Policy_A_Direct,5,133,0,0,0.7333,False,True,False,CLASS_0,2.355,4.5
Policy_A_Direct,5,134,1,1,0.9343,False,True,False,CLASS_1,2.404,4.5
Policy_A_Direct,5,135,1,1,0.5891,False,True,False,CLASS_1,2.476,4.5
Policy_A_Direct,5,136,0,0,0.9615,False,True,False,CLASS_0,2.564,4.5
Policy_A_Direct,5,137,0,0,0.8334,False,True,False,CLASS_0,2.448,4.5
Policy_A_Direct,5,138,1,1,0.9945,False,True,False,CLASS_1,2.422,4.5
Policy_A_Direct,5,139,0,0,0.9671,False,True,False,CLASS_0,2.369,4.5
Policy_A_Direct,5,140,0,1,0.7035,False,False,True,CLASS_1,2.368,4.5
Policy_A_Direct,5,141,1,1,0.9573,False,True,False,CLASS_1,2.377,4.5
Policy_A_Direct,5,142,1,0,0.7048,False,False,True,CLASS_0,2.444,4.5
Policy_A_Direct,5,143,0,0,0.9459,False,True,False,CLASS_0,2.408,4.5
Policy_A_Direct,5,144,1,1,0.8929,False,True,False,CLASS_1,2.439,4.5
Policy_A_Direct,5,145,0,0,0.9405,False,True,False,CLASS_0,2.403,4.5
Policy_A_Direct,5,146,1,1,0.576,False,True,False,CLASS_1,2.204,4.5
Policy_A_Direct,5,147,1,1,0.8283,False,True,False,CLASS_1,2.168,4.5
Policy_A_Direct,5,148,0,1,0.6983,False,False,True,CLASS_1,2.221,4.5
Policy_A_Direct,5,149,0,0,0.6693,False,True,False,CLASS_0,2.224,4.5
Policy_A_Direct,5,150,1,1,0.7349,False,True,False,CLASS_1,2.388,4.5
Policy_A_Direct,5,151,0,1,0.528,False,False,True,CLASS_1,2.347,4.5
Policy_A_Direct,5,152,1,1,0.9082,False,True,False,CLASS_1,2.36,4.5
Policy_A_Direct,5,153,0,0,0.6372,False,True,False,CLASS_0,2.388,4.5
Policy_A_Direct,5,154,0,0,0.9787,False,True,False,CLASS_0,2.4,4.5
Policy_A_Direct,5,155,0,0,0.7572,False,True,False,CLASS_0,2.379,4.5
Policy_A_Direct,5,156,0,0,0.9042,False,True,False,CLASS_0,2.397,4.5
Policy_A_Direct,5,157,0,0,0.9516,False,True,False,CLASS_0,2.378,4.5
Policy_A_Direct,5,158,0,1,0.5838,False,False,True,CLASS_1,2.388,4.5
Policy_A_Direct,5,159,1,1,0.9257,False,True,False,CLASS_1,2.366,4.5
Policy_A_Direct,5,160,0,0,0.8867,False,True,False,CLASS_0,2.351,4.5
Policy_B_ConfidenceGated,5,1,0,0,0.8793,True,False,False,ABSTAIN,2.6,4.5
Policy_B_ConfidenceGated,5,2,1,1,0.5006,True,False,False,ABSTAIN,2.183,4.5
Policy_B_ConfidenceGated,5,3,0,0,0.9194,True,False,False,ABSTAIN,2.086,4.5
Policy_B_ConfidenceGated,5,4,1,0,0.5895,True,False,False,ABSTAIN,2.129,4.5
Policy_B_ConfidenceGated,5,5,1,1,0.5814,True,False,False,ABSTAIN,2.129,4.5
Policy_B_ConfidenceGated,5,6,0,0,0.9964,True,False,False,ABSTAIN,2.131,4.5
Policy_B_ConfidenceGated,5,7,0,0,0.9198,False,True,False,CLASS_0,2.073,4.5
Policy_B_ConfidenceGated,5,8,0,1,0.7625,True,False,False,ABSTAIN,2.044,4.5
Policy_B_ConfidenceGated,5,9,0,0,0.9072,True,False,False,ABSTAIN,2.086,4.5
Policy_B_ConfidenceGated,5,10,1,1,0.787,True,False,False,ABSTAIN,2.067,4.5
Policy_B_ConfidenceGated,5,11,0,0,0.5431,True,False,False,ABSTAIN,2.102,4.5
Policy_B_ConfidenceGated,5,12,1,1,0.693,True,False,False,ABSTAIN,2.102,4.5
Policy_B_ConfidenceGated,5,13,0,0,0.8897,True,False,False,ABSTAIN,2.18,4.5
Policy_B_ConfidenceGated,5,14,0,1,0.6806,True,False,False,ABSTAIN,2.09,4.5
Policy_B_ConfidenceGated,5,15,1,1,0.9167,True,False,False,ABSTAIN,2.065,4.5
Policy_B_ConfidenceGated,5,16,1,1,0.7462,True,False,False,ABSTAIN,2.099,4.5
Policy_B_ConfidenceGated,5,17,1,1,0.9683,True,False,False,ABSTAIN,2.049,4.5
Policy_B_ConfidenceGated,5,18,1,1,0.7705,True,False,False,ABSTAIN,2.057,4.5
Policy_B_ConfidenceGated,5,19,1,1,0.8199,True,False,False,ABSTAIN,2.083,4.5
Policy_B_ConfidenceGated,5,20,0,0,0.9148,True,False,False,ABSTAIN,2.075,4.5
Policy_B_ConfidenceGated,5,21,0,1,0.5342,True,False,False,ABSTAIN,2.09,4.5
Policy_B_ConfidenceGated,5,22,1,1,0.9865,True,False,False,ABSTAIN,2.066,4.5
Policy_B_ConfidenceGated,5,23,1,0,0.6264,True,False,False,ABSTAIN,2.085,4.5
Policy_B_ConfidenceGated,5,24,0,1,0.8863,True,False,False,ABSTAIN,2.07,4.5
Policy_B_ConfidenceGated,5,25,0,1,0.7646,True,False,False,ABSTAIN,2.061,4.5
Policy_B_ConfidenceGated,5,26,1,1,0.8905,True,False,False,ABSTAIN,2.052,4.5
Policy_B_ConfidenceGated,5,27,1,1,0.7514,True,False,False,ABSTAIN,2.205,4.5
Policy_B_ConfidenceGated,5,28,1,1,0.7009,True,False,False,ABSTAIN,2.213,4.5
Policy_B_ConfidenceGated,5,29,1,1,0.6176,True,False,False,ABSTAIN,2.205,4.5
Policy_B_ConfidenceGated,5,30,1,1,0.7341,True,False,False,ABSTAIN,2.219,4.5
Policy_B_ConfidenceGated,5,31,1,1,0.7323,True,False,False,ABSTAIN,2.222,4.5
Policy_B_ConfidenceGated,5,32,1,1,0.9775,True,False,False,ABSTAIN,2.213,4.5
Policy_B_ConfidenceGated,5,33,1,1,0.8823,False,True,False,CLASS_1,2.188,4.5
Policy_B_ConfidenceGated,5,34,0,0,0.8398,True,False,False,ABSTAIN,2.191,4.5
Policy_B_ConfidenceGated,5,35,0,0,0.6221,True,False,False,ABSTAIN,2.202,4.5
Policy_B_ConfidenceGated,5,36,0,0,0.789,True,False,False,ABSTAIN,2.248,4.5
Policy_B_ConfidenceGated,5,37,0,1,0.9175,True,False,False,ABSTAIN,2.228,4.5
Policy_B_ConfidenceGated,5,38,0,0,0.9351,True,False,False,ABSTAIN,2.244,4.5
Policy_B_ConfidenceGated,5,39,0,0,0.8384,False,True,False,CLASS_0,2.233,4.5
Policy_B_ConfidenceGated,5,40,0,1,0.5695,True,False,False,ABSTAIN,2.223,4.5
Policy_B_ConfidenceGated,5,41,0,0,0.9707,True,False,False,ABSTAIN,2.159,4.5
Policy_B_ConfidenceGated,5,42,0,0,0.6625,True,False,False,ABSTAIN,2.224,4.5
Policy_B_ConfidenceGated,5,43,1,1,0.7732,True,False,False,ABSTAIN,2.232,4.5
Policy_B_ConfidenceGated,5,44,1,1,0.9251,True,False,False,ABSTAIN,2.188,4.5
Policy_B_ConfidenceGated,5,45,1,1,0.8352,False,True,False,CLASS_1,2.198,4.5
Policy_B_ConfidenceGated,5,46,1,1,0.9194,True,False,False,ABSTAIN,2.21,4.5
Policy_B_ConfidenceGated,5,47,1,1,0.5694,True,False,False,ABSTAIN,2.206,4.5
Policy_B_ConfidenceGated,5,48,1,1,0.9434,True,False,False,ABSTAIN,2.221,4.5
Policy_B_ConfidenceGated,5,49,0,0,0.6625,True,False,False,ABSTAIN,2.206,4.5
Policy_B_ConfidenceGated,5,50,1,1,0.7894,True,False,False,ABSTAIN,2.161,4.5
Policy_B_ConfidenceGated,5,51,1,1,0.791,True,False,False,ABSTAIN,2.188,4.5
Policy_B_ConfidenceGated,5,52,1,1,0.7501,True,False,False,ABSTAIN,2.208,4.5
Policy_B_ConfidenceGated,5,53,1,1,0.711,True,False,False,ABSTAIN,2.195,4.5
Policy_B_ConfidenceGated,5,54,1,1,0.8774,True,False,False,ABSTAIN,2.225,4.5
Policy_B_ConfidenceGated,5,55,0,0,0.8238,True,False,False,ABSTAIN,2.216,4.5
Policy_B_ConfidenceGated,5,56,0,0,0.9592,True,False,False,ABSTAIN,2.207,4.5
Policy_B_ConfidenceGated,5,57,1,1,0.9766,True,False,False,ABSTAIN,2.245,4.5
Policy_B_ConfidenceGated,5,58,0,0,0.9659,True,False,False,ABSTAIN,2.185,4.5
Policy_B_ConfidenceGated,5,59,1,1,0.6758,True,False,False,ABSTAIN,2.216,4.5
Policy_B_ConfidenceGated,5,60,1,1,0.9238,True,False,False,ABSTAIN,2.229,4.5
Policy_B_ConfidenceGated,5,61,0,0,0.8804,True,False,False,ABSTAIN,2.187,4.5
Policy_B_ConfidenceGated,5,62,0,1,0.5341,True,False,False,ABSTAIN,2.199,4.5
Policy_B_ConfidenceGated,5,63,0,0,0.7812,True,False,False,ABSTAIN,2.213,4.5
Policy_B_ConfidenceGated,5,64,0,0,0.9224,True,False,False,ABSTAIN,2.172,4.5
Policy_B_ConfidenceGated,5,65,1,1,0.7719,True,False,False,ABSTAIN,2.191,4.5
Policy_B_ConfidenceGated,5,66,0,0,0.8002,True,False,False,ABSTAIN,2.266,4.5
Policy_B_ConfidenceGated,5,67,1,1,0.9263,True,False,False,ABSTAIN,2.365,4.5
Policy_B_ConfidenceGated,5,68,1,0,0.8533,True,False,False,ABSTAIN,2.366,4.5
Policy_B_ConfidenceGated,5,69,0,0,0.6735,True,False,False,ABSTAIN,2.344,4.5
Policy_B_ConfidenceGated,5,70,0,0,0.7286,True,False,False,ABSTAIN,2.437,4.5
Policy_B_ConfidenceGated,5,71,0,0,0.8951,True,False,False,ABSTAIN,2.428,4.5
Policy_B_ConfidenceGated,5,72,0,0,0.5636,True,False,False,ABSTAIN,2.413,4.5
Policy_B_ConfidenceGated,5,73,1,1,0.8846,True,False,False,ABSTAIN,2.415,4.5
Policy_B_ConfidenceGated,5,74,1,1,0.9954,False,True,False,CLASS_1,2.605,4.5
Policy_B_ConfidenceGated,5,75,0,0,0.936,True,False,False,ABSTAIN,2.414,4.5
Policy_B_ConfidenceGated,5,76,0,0,0.9317,False,True,False,CLASS_0,2.201,4.5
Policy_B_ConfidenceGated,5,77,0,0,0.878,True,False,False,ABSTAIN,2.217,4.5
Policy_B_ConfidenceGated,5,78,1,1,0.9675,True,False,False,ABSTAIN,2.152,4.5
Policy_B_ConfidenceGated,5,79,0,0,0.6441,True,False,False,ABSTAIN,2.215,4.5
Policy_B_ConfidenceGated,5,80,0,0,0.6051,True,False,False,ABSTAIN,2.219,4.5
Policy_B_ConfidenceGated,5,81,1,1,0.7775,True,False,False,ABSTAIN,2.443,4.5
Policy_B_ConfidenceGated,5,82,1,1,0.8495,True,False,False,ABSTAIN,2.392,4.5
Policy_B_ConfidenceGated,5,83,1,1,0.5375,True,False,False,ABSTAIN,2.201,4.5
Policy_B_ConfidenceGated,5,84,0,0,0.9948,True,False,False,ABSTAIN,2.208,4.5
Policy_B_ConfidenceGated,5,85,0,1,0.9771,True,False,False,ABSTAIN,2.211,4.5
Policy_B_ConfidenceGated,5,86,1,1,0.6026,True,False,False,ABSTAIN,2.249,4.5
Policy_B_ConfidenceGated,5,87,1,1,0.8636,True,False,False,ABSTAIN,2.215,4.5
Policy_B_ConfidenceGated,5,88,0,0,0.973,True,False,False,ABSTAIN,2.216,4.5
Policy_B_ConfidenceGated,5,89,0,0,0.6471,True,False,False,ABSTAIN,2.254,4.5
Policy_B_ConfidenceGated,5,90,1,1,0.8135,True,False,False,ABSTAIN,2.206,4.5
Policy_B_ConfidenceGated,5,91,0,0,0.6542,True,False,False,ABSTAIN,2.242,4.5
Policy_B_ConfidenceGated,5,92,0,0,0.9815,True,False,False,ABSTAIN,2.201,4.5
Policy_B_ConfidenceGated,5,93,0,0,0.7874,True,False,False,ABSTAIN,2.46,4.5
Policy_B_ConfidenceGated,5,94,1,1,0.9149,True,False,False,ABSTAIN,2.359,4.5
Policy_B_ConfidenceGated,5,95,0,0,0.9463,True,False,False,ABSTAIN,2.373,4.5
Policy_B_ConfidenceGated,5,96,1,1,0.8066,True,False,False,ABSTAIN,2.463,4.5
Policy_B_ConfidenceGated,5,97,0,0,0.9291,True,False,False,ABSTAIN,2.373,4.5
Policy_B_ConfidenceGated,5,98,0,0,0.621,True,False,False,ABSTAIN,2.379,4.5
Policy_B_ConfidenceGated,5,99,1,1,0.6647,True,False,False,ABSTAIN,2.397,4.5
Policy_B_ConfidenceGated,5,100,0,0,0.8094,True,False,False,ABSTAIN,2.408,4.5
Policy_B_ConfidenceGated,5,101,1,1,0.9115,True,False,False,ABSTAIN,2.386,4.5
Policy_B_ConfidenceGated,5,102,0,0,0.5247,True,False,False,ABSTAIN,2.363,4.5
Policy_B_ConfidenceGated,5,103,1,1,0.591,True,False,False,ABSTAIN,2.352,4.5
Policy_B_ConfidenceGated,5,104,0,0,0.9215,True,False,False,ABSTAIN,2.452,4.5
Policy_B_ConfidenceGated,5,105,1,1,0.9348,True,False,False,ABSTAIN,2.193,4.5
Policy_B_ConfidenceGated,5,106,0,0,0.9528,True,False,False,ABSTAIN,2.199,4.5
Policy_B_ConfidenceGated,5,107,1,1,0.675,True,False,False,ABSTAIN,2.231,4.5
Policy_B_ConfidenceGated,5,108,0,0,0.9909,True,False,False,ABSTAIN,2.486,4.5
Policy_B_ConfidenceGated,5,109,1,1,0.8333,True,False,False,ABSTAIN,2.436,4.5
Policy_B_ConfidenceGated,5,110,0,0,0.8225,True,False,False,ABSTAIN,2.395,4.5
Policy_B_ConfidenceGated,5,111,1,1,0.9718,True,False,False,ABSTAIN,2.414,4.5
Policy_B_ConfidenceGated,5,112,1,1,0.8759,False,True,False,CLASS_1,2.451,4.5
Policy_B_ConfidenceGated,5,113,0,0,0.6303,True,False,False,ABSTAIN,2.392,4.5
Policy_B_ConfidenceGated,5,114,0,0,0.9059,True,False,False,ABSTAIN,2.398,4.5
Policy_B_ConfidenceGated,5,115,1,1,0.9765,True,False,False,ABSTAIN,2.204,4.5
Policy_B_ConfidenceGated,5,116,0,0,0.9681,True,False,False,ABSTAIN,2.158,4.5
Policy_B_ConfidenceGated,5,117,1,1,0.8544,True,False,False,ABSTAIN,2.239,4.5
Policy_B_ConfidenceGated,5,118,0,0,0.8443,True,False,False,ABSTAIN,2.342,4.5
Policy_B_ConfidenceGated,5,119,1,0,0.9802,False,False,True,CLASS_0,2.165,4.5
Policy_B_ConfidenceGated,5,120,1,1,0.9823,True,False,False,ABSTAIN,2.269,4.5
Policy_B_ConfidenceGated,5,121,0,1,0.6795,True,False,False,ABSTAIN,2.121,4.5
Policy_B_ConfidenceGated,5,122,1,1,0.767,True,False,False,ABSTAIN,2.414,4.5
Policy_B_ConfidenceGated,5,123,1,1,0.7574,True,False,False,ABSTAIN,2.137,4.5
Policy_B_ConfidenceGated,5,124,1,1,0.9748,True,False,False,ABSTAIN,2.72,4.5
Policy_B_ConfidenceGated,5,125,1,1,0.7361,True,False,False,ABSTAIN,2.707,4.5
Policy_B_ConfidenceGated,5,126,1,1,0.6771,True,False,False,ABSTAIN,2.397,4.5
Policy_B_ConfidenceGated,5,127,0,0,0.8769,True,False,False,ABSTAIN,2.225,4.5
Policy_B_ConfidenceGated,5,128,1,1,0.8379,True,False,False,ABSTAIN,2.129,4.5
Policy_B_ConfidenceGated,5,129,1,0,0.8321,True,False,False,ABSTAIN,2.262,4.5
Policy_B_ConfidenceGated,5,130,1,1,0.7659,True,False,False,ABSTAIN,2.206,4.5
Policy_B_ConfidenceGated,5,131,0,0,0.9796,True,False,False,ABSTAIN,2.224,4.5
Policy_B_ConfidenceGated,5,132,1,1,0.8227,True,False,False,ABSTAIN,2.239,4.5
Policy_B_ConfidenceGated,5,133,0,0,0.7333,True,False,False,ABSTAIN,2.193,4.5
Policy_B_ConfidenceGated,5,134,1,1,0.9343,True,False,False,ABSTAIN,2.187,4.5
Policy_B_ConfidenceGated,5,135,1,1,0.5891,True,False,False,ABSTAIN,2.391,4.5
Policy_B_ConfidenceGated,5,136,0,0,0.9615,True,False,False,ABSTAIN,2.364,4.5
Policy_B_ConfidenceGated,5,137,0,0,0.8334,False,True,False,CLASS_0,2.352,4.5
Policy_B_ConfidenceGated,5,138,1,1,0.9945,True,False,False,ABSTAIN,2.458,4.5
Policy_B_ConfidenceGated,5,139,0,0,0.9671,True,False,False,ABSTAIN,2.38,4.5
Policy_B_ConfidenceGated,5,140,0,1,0.7035,True,False,False,ABSTAIN,2.352,4.5
Policy_B_ConfidenceGated,5,141,1,1,0.9573,True,False,False,ABSTAIN,2.372,4.5
Policy_B_ConfidenceGated,5,142,1,0,0.7048,True,False,False,ABSTAIN,2.319,4.5
Policy_B_ConfidenceGated,5,143,0,0,0.9459,True,False,False,ABSTAIN,2.412,4.5
Policy_B_ConfidenceGated,5,144,1,1,0.8929,True,False,False,ABSTAIN,2.379,4.5
Policy_B_ConfidenceGated,5,145,0,0,0.9405,True,False,False,ABSTAIN,2.349,4.5
Policy_B_ConfidenceGated,5,146,1,1,0.576,True,False,False,ABSTAIN,2.462,4.5
Policy_B_ConfidenceGated,5,147,1,1,0.8283,True,False,False,ABSTAIN,2.399,4.5
Policy_B_ConfidenceGated,5,148,0,1,0.6983,True,False,False,ABSTAIN,2.461,4.5
Policy_B_ConfidenceGated,5,149,0,0,0.6693,True,False,False,ABSTAIN,2.374,4.5
Policy_B_ConfidenceGated,5,150,1,1,0.7349,True,False,False,ABSTAIN,2.382,4.5
Policy_B_ConfidenceGated,5,151,0,1,0.528,True,False,False,ABSTAIN,2.43,4.5
Policy_B_ConfidenceGated,5,152,1,1,0.9082,True,False,False,ABSTAIN,2.468,4.5
Policy_B_ConfidenceGated,5,153,0,0,0.6372,True,False,False,ABSTAIN,2.491,4.5
Policy_B_ConfidenceGated,5,154,0,0,0.9787,True,False,False,ABSTAIN,2.449,4.5
Policy_B_ConfidenceGated,5,155,0,0,0.7572,True,False,False,ABSTAIN,2.423,4.5
Policy_B_ConfidenceGated,5,156,0,0,0.9042,True,False,False,ABSTAIN,2.449,4.5
Policy_B_ConfidenceGated,5,157,0,0,0.9516,False,True,False,CLASS_0,2.469,4.5
Policy_B_ConfidenceGated,5,158,0,1,0.5838,True,False,False,ABSTAIN,2.419,4.5
Policy_B_ConfidenceGated,5,159,1,1,0.9257,True,False,False,ABSTAIN,2.565,4.5
Policy_B_ConfidenceGated,5,160,0,0,0.8867,True,False,False,ABSTAIN,2.494,4.5
Policy_C_SharedControl,5,1,0,0,0.8793,True,False,False,,2.732,4.5
Policy_C_SharedControl,5,2,1,1,0.5006,True,False,False,,2.353,4.5
Policy_C_SharedControl,5,3,0,0,0.9194,True,False,False,,2.346,4.5
Policy_C_SharedControl,5,4,1,0,0.5895,True,False,False,,2.253,4.5
Policy_C_SharedControl,5,5,1,1,0.5814,True,False,False,,2.214,4.5
Policy_C_SharedControl,5,6,0,0,0.9964,True,False,False,,2.199,4.5
Policy_C_SharedControl,5,7,0,0,0.9198,False,True,False,SELECT_LEFT,2.474,4.5
Policy_C_SharedControl,5,8,0,1,0.7625,True,False,False,,2.506,4.5
Policy_C_SharedControl,5,9,0,0,0.9072,True,False,False,,2.375,4.5
Policy_C_SharedControl,5,10,1,1,0.787,True,False,False,,2.342,4.5
Policy_C_SharedControl,5,11,0,0,0.5431,True,False,False,,2.299,4.5
Policy_C_SharedControl,5,12,1,1,0.693,True,False,False,,2.424,4.5
Policy_C_SharedControl,5,13,0,0,0.8897,True,False,False,,2.449,4.5
Policy_C_SharedControl,5,14,0,1,0.6806,True,False,False,,2.634,4.5
Policy_C_SharedControl,5,15,1,1,0.9167,True,False,False,,2.635,4.5
Policy_C_SharedControl,5,16,1,1,0.7462,True,False,False,,2.631,4.5
Policy_C_SharedControl,5,17,1,1,0.9683,True,False,False,,2.577,4.5
Policy_C_SharedControl,5,18,1,1,0.7705,True,False,False,,2.63,4.5
Policy_C_SharedControl,5,19,1,1,0.8199,True,False,False,,2.64,4.5
Policy_C_SharedControl,5,20,0,0,0.9148,True,False,False,,2.803,4.5
Policy_C_SharedControl,5,21,0,1,0.5342,True,False,False,,3.005,4.5
Policy_C_SharedControl,5,22,1,1,0.9865,True,False,False,,2.981,4.5
Policy_C_SharedControl,5,23,1,0,0.6264,True,False,False,,2.903,4.5
Policy_C_SharedControl,5,24,0,1,0.8863,True,False,False,,2.697,4.5
Policy_C_SharedControl,5,25,0,1,0.7646,True,False,False,,2.748,4.5
Policy_C_SharedControl,5,26,1,1,0.8905,True,False,False,,3.483,4.5
Policy_C_SharedControl,5,27,1,1,0.7514,True,False,False,,3.065,4.5
Policy_C_SharedControl,5,28,1,1,0.7009,True,False,False,,2.995,4.5
Policy_C_SharedControl,5,29,1,1,0.6176,True,False,False,,2.961,4.5
Policy_C_SharedControl,5,30,1,1,0.7341,True,False,False,,2.955,4.5
Policy_C_SharedControl,5,31,1,1,0.7323,True,False,False,,3.473,4.5
Policy_C_SharedControl,5,32,1,1,0.9775,True,False,False,,3.677,4.5
Policy_C_SharedControl,5,33,1,1,0.8823,False,True,False,SELECT_RIGHT,3.649,4.5
Policy_C_SharedControl,5,34,0,0,0.8398,True,False,False,,3.583,4.5
Policy_C_SharedControl,5,35,0,0,0.6221,True,False,False,,3.152,4.5
Policy_C_SharedControl,5,36,0,0,0.789,True,False,False,,4.458,4.5
Policy_C_SharedControl,5,37,0,1,0.9175,True,False,False,,4.032,4.5
Policy_C_SharedControl,5,38,0,0,0.9351,True,False,False,,3.643,4.5
Policy_C_SharedControl,5,39,0,0,0.8384,False,True,False,SELECT_LEFT,3.691,4.5
Policy_C_SharedControl,5,40,0,1,0.5695,True,False,False,,4.242,4.5
Policy_C_SharedControl,5,41,0,0,0.9707,True,False,False,,4.465,4.5
Policy_C_SharedControl,5,42,0,0,0.6625,True,False,False,,4.461,4.5
Policy_C_SharedControl,5,43,1,1,0.7732,True,False,False,,5.061,4.5
Policy_C_SharedControl,5,44,1,1,0.9251,True,False,False,,5.672,4.5
Policy_C_SharedControl,5,45,1,1,0.8352,False,True,False,SELECT_RIGHT,4.617,4.5
Policy_C_SharedControl,5,46,1,1,0.9194,True,False,False,,5.003,4.5
Policy_C_SharedControl,5,47,1,1,0.5694,True,False,False,,5.122,4.5
Policy_C_SharedControl,5,48,1,1,0.9434,True,False,False,,4.757,4.5
Policy_C_SharedControl,5,49,0,0,0.6625,True,False,False,,4.85,4.5
Policy_C_SharedControl,5,50,1,1,0.7894,True,False,False,,4.974,4.5
Policy_C_SharedControl,5,51,1,1,0.791,True,False,False,,4.856,4.5
Policy_C_SharedControl,5,52,1,1,0.7501,True,False,False,,4.794,4.5
Policy_C_SharedControl,5,53,1,1,0.711,True,False,False,,5.05,4.5
Policy_C_SharedControl,5,54,1,1,0.8774,True,False,False,,4.985,4.5
Policy_C_SharedControl,5,55,0,0,0.8238,True,False,False,,4.778,4.5
Policy_C_SharedControl,5,56,0,0,0.9592,True,False,False,,4.968,4.5
Policy_C_SharedControl,5,57,1,1,0.9766,True,False,False,,4.843,4.5
Policy_C_SharedControl,5,58,0,0,0.9659,True,False,False,,4.901,4.5
Policy_C_SharedControl,5,59,1,1,0.6758,True,False,False,,4.866,4.5
Policy_C_SharedControl,5,60,1,1,0.9238,True,False,False,,5.087,4.5
Policy_C_SharedControl,5,61,0,0,0.8804,True,False,False,,4.969,4.5
Policy_C_SharedControl,5,62,0,1,0.5341,True,False,False,,5.174,4.5
Policy_C_SharedControl,5,63,0,0,0.7812,True,False,False,,5.194,4.5
Policy_C_SharedControl,5,64,0,0,0.9224,True,False,False,,4.9,4.5
Policy_C_SharedControl,5,65,1,1,0.7719,True,False,False,,4.999,4.5
Policy_C_SharedControl,5,66,0,0,0.8002,True,False,False,,5.122,4.5
Policy_C_SharedControl,5,67,1,1,0.9263,True,False,False,,4.931,4.5
Policy_C_SharedControl,5,68,1,0,0.8533,True,False,False,,5.057,4.5
Policy_C_SharedControl,5,69,0,0,0.6735,True,False,False,,4.996,4.5
Policy_C_SharedControl,5,70,0,0,0.7286,True,False,False,,5.092,4.5
Policy_C_SharedControl,5,71,0,0,0.8951,True,False,False,,4.881,4.5
Policy_C_SharedControl,5,72,0,0,0.5636,True,False,False,,4.812,4.5
Policy_C_SharedControl,5,73,1,1,0.8846,True,False,False,,4.926,4.5
Policy_C_SharedControl,5,74,1,1,0.9954,False,True,False,REACH_FORWARD,4.93,4.5
Policy_C_SharedControl,5,75,0,0,0.936,True,False,False,,4.845,4.5
Policy_C_SharedControl,5,76,0,0,0.9317,False,True,False,GRASP_OPEN,5.112,4.5
Policy_C_SharedControl,5,77,0,0,0.878,True,False,False,,4.966,4.5
Policy_C_SharedControl,5,78,1,1,0.9675,True,False,False,,4.873,4.5
Policy_C_SharedControl,5,79,0,0,0.6441,True,False,False,,4.922,4.5
Policy_C_SharedControl,5,80,0,0,0.6051,True,False,False,,4.954,4.5
Policy_C_SharedControl,5,81,1,1,0.7775,True,False,False,,5.092,4.5
Policy_C_SharedControl,5,82,1,1,0.8495,True,False,False,,4.957,4.5
Policy_C_SharedControl,5,83,1,1,0.5375,True,False,False,,5.074,4.5
Policy_C_SharedControl,5,84,0,0,0.9948,True,False,False,,4.774,4.5
Policy_C_SharedControl,5,85,0,1,0.9771,True,False,False,,4.829,4.5
Policy_C_SharedControl,5,86,1,1,0.6026,True,False,False,,4.984,4.5
Policy_C_SharedControl,5,87,1,1,0.8636,True,False,False,,4.776,4.5
Policy_C_SharedControl,5,88,0,0,0.973,True,False,False,,4.984,4.5
Policy_C_SharedControl,5,89,0,0,0.6471,True,False,False,,4.807,4.5
Policy_C_SharedControl,5,90,1,1,0.8135,True,False,False,,4.946,4.5
Policy_C_SharedControl,5,91,0,0,0.6542,True,False,False,,4.724,4.5
Policy_C_SharedControl,5,92,0,0,0.9815,True,False,False,,4.778,4.5
Policy_C_SharedControl,5,93,0,0,0.7874,True,False,False,,4.871,4.5
Policy_C_SharedControl,5,94,1,1,0.9149,True,False,False,,5.079,4.5
Policy_C_SharedControl,5,95,0,0,0.9463,True,False,False,,5.141,4.5
Policy_C_SharedControl,5,96,1,1,0.8066,True,False,False,,4.946,4.5
Policy_C_SharedControl,5,97,0,0,0.9291,True,False,False,,4.741,4.5
Policy_C_SharedControl,5,98,0,0,0.621,True,False,False,,4.892,4.5
Policy_C_SharedControl,5,99,1,1,0.6647,True,False,False,,4.851,4.5
Policy_C_SharedControl,5,100,0,0,0.8094,True,False,False,,5.039,4.5
Policy_C_SharedControl,5,101,1,1,0.9115,True,False,False,,4.867,4.5
Policy_C_SharedControl,5,102,0,0,0.5247,True,False,False,,4.868,4.5
Policy_C_SharedControl,5,103,1,1,0.591,True,False,False,,5.858,4.5
Policy_C_SharedControl,5,104,0,0,0.9215,True,False,False,,33.444,4.5
Policy_C_SharedControl,5,105,1,1,0.9348,True,False,False,,5.448,4.5
Policy_C_SharedControl,5,106,0,0,0.9528,True,False,False,,5.314,4.5
Policy_C_SharedControl,5,107,1,1,0.675,True,False,False,,5.328,4.5
Policy_C_SharedControl,5,108,0,0,0.9909,True,False,False,,5.186,4.5
Policy_C_SharedControl,5,109,1,1,0.8333,True,False,False,,5.275,4.5
Policy_C_SharedControl,5,110,0,0,0.8225,True,False,False,,5.528,4.5
Policy_C_SharedControl,5,111,1,1,0.9718,True,False,False,,5.233,4.5
Policy_C_SharedControl,5,112,1,1,0.8759,False,True,False,GRASP_CLOSE,5.304,4.5
Policy_C_SharedControl,5,113,0,0,0.6303,True,False,False,,5.119,4.5
Policy_C_SharedControl,5,114,0,0,0.9059,True,False,False,,5.153,4.5
Policy_C_SharedControl,5,115,1,1,0.9765,True,False,False,,5.177,4.5
Policy_C_SharedControl,5,116,0,0,0.9681,True,False,False,,5.194,4.5
Policy_C_SharedControl,5,117,1,1,0.8544,True,False,False,,5.132,4.5
Policy_C_SharedControl,5,118,0,0,0.8443,True,False,False,,5.305,4.5
Policy_C_SharedControl,5,119,1,0,0.9802,False,False,True,GRASP_OPEN,5.307,4.5
Policy_C_SharedControl,5,120,1,1,0.9823,True,False,False,,5.584,4.5
Policy_C_SharedControl,5,121,0,1,0.6795,True,False,False,,5.396,4.5
Policy_C_SharedControl,5,122,1,1,0.767,True,False,False,,5.424,4.5
Policy_C_SharedControl,5,123,1,1,0.7574,True,False,False,,5.497,4.5
Policy_C_SharedControl,5,124,1,1,0.9748,True,False,False,,5.465,4.5
Policy_C_SharedControl,5,125,1,1,0.7361,True,False,False,,5.353,4.5
Policy_C_SharedControl,5,126,1,1,0.6771,True,False,False,,5.39,4.5
Policy_C_SharedControl,5,127,0,0,0.8769,True,False,False,,5.484,4.5
Policy_C_SharedControl,5,128,1,1,0.8379,True,False,False,,5.536,4.5
Policy_C_SharedControl,5,129,1,0,0.8321,True,False,False,,5.527,4.5
Policy_C_SharedControl,5,130,1,1,0.7659,True,False,False,,5.308,4.5
Policy_C_SharedControl,5,131,0,0,0.9796,True,False,False,,5.139,4.5
Policy_C_SharedControl,5,132,1,1,0.8227,True,False,False,,5.262,4.5
Policy_C_SharedControl,5,133,0,0,0.7333,True,False,False,,5.039,4.5
Policy_C_SharedControl,5,134,1,1,0.9343,True,False,False,,5.146,4.5
Policy_C_SharedControl,5,135,1,1,0.5891,True,False,False,,4.861,4.5
Policy_C_SharedControl,5,136,0,0,0.9615,True,False,False,,4.907,4.5
Policy_C_SharedControl,5,137,0,0,0.8334,False,True,False,GRASP_OPEN,5.242,4.5
Policy_C_SharedControl,5,138,1,1,0.9945,True,False,False,,5.05,4.5
Policy_C_SharedControl,5,139,0,0,0.9671,True,False,False,,4.967,4.5
Policy_C_SharedControl,5,140,0,1,0.7035,True,False,False,,5.003,4.5
Policy_C_SharedControl,5,141,1,1,0.9573,True,False,False,,4.919,4.5
Policy_C_SharedControl,5,142,1,0,0.7048,True,False,False,,4.741,4.5
Policy_C_SharedControl,5,143,0,0,0.9459,True,False,False,,5.045,4.5
Policy_C_SharedControl,5,144,1,1,0.8929,True,False,False,,5.092,4.5
Policy_C_SharedControl,5,145,0,0,0.9405,True,False,False,,5.006,4.5
Policy_C_SharedControl,5,146,1,1,0.576,True,False,False,,5.191,4.5
Policy_C_SharedControl,5,147,1,1,0.8283,True,False,False,,5.099,4.5
Policy_C_SharedControl,5,148,0,1,0.6983,True,False,False,,4.911,4.5
Policy_C_SharedControl,5,149,0,0,0.6693,True,False,False,,4.856,4.5
Policy_C_SharedControl,5,150,1,1,0.7349,True,False,False,,4.785,4.5
Policy_C_SharedControl,5,151,0,1,0.528,True,False,False,,4.985,4.5
Policy_C_SharedControl,5,152,1,1,0.9082,True,False,False,,4.804,4.5
Policy_C_SharedControl,5,153,0,0,0.6372,True,False,False,,4.715,4.5
Policy_C_SharedControl,5,154,0,0,0.9787,True,False,False,,5.083,4.5
Policy_C_SharedControl,5,155,0,0,0.7572,True,False,False,,5.13,4.5
Policy_C_SharedControl,5,156,0,0,0.9042,True,False,False,,4.646,4.5
Policy_C_SharedControl,5,157,0,0,0.9516,False,True,False,GRASP_OPEN,4.793,4.5
Policy_C_SharedControl,5,158,0,1,0.5838,True,False,False,,4.564,4.5
Policy_C_SharedControl,5,159,1,1,0.9257,True,False,False,,4.627,4.5
Policy_C_SharedControl,5,160,0,0,0.8867,True,False,False,,4.841,4.5
Policy_A_Direct,6,1,0,0,0.8778,False,True,False,CLASS_0,153.54,4.5
Policy_A_Direct,6,2,0,0,0.9613,False,True,False,CLASS_0,1.814,4.5
Policy_A_Direct,6,3,1,1,0.954,False,True,False,CLASS_1,1.794,4.5
Policy_A_Direct,6,4,0,1,0.9965,False,False,True,CLASS_1,1.778,4.5
Policy_A_Direct,6,5,1,0,0.8374,False,False,True,CLASS_0,1.789,4.5
Policy_A_Direct,6,6,1,1,0.9769,False,True,False,CLASS_1,1.689,4.5
Policy_A_Direct,6,7,1,1,0.7071,False,True,False,CLASS_1,1.688,4.5
Policy_A_Direct,6,8,0,1,0.9705,False,False,True,CLASS_1,1.702,4.5
Policy_A_Direct,6,9,0,0,0.7589,False,True,False,CLASS_0,1.693,4.5
Policy_A_Direct,6,10,1,1,0.9939,False,True,False,CLASS_1,1.658,4.5
Policy_A_Direct,6,11,1,1,0.9789,False,True,False,CLASS_1,1.693,4.5
Policy_A_Direct,6,12,1,1,0.9948,False,True,False,CLASS_1,1.672,4.5
Policy_A_Direct,6,13,0,1,0.8763,False,False,True,CLASS_1,1.675,4.5
Policy_A_Direct,6,14,0,1,0.8487,False,False,True,CLASS_1,1.651,4.5
Policy_A_Direct,6,15,0,0,0.643,False,True,False,CLASS_0,1.687,4.5
Policy_A_Direct,6,16,0,0,0.808,False,True,False,CLASS_0,1.676,4.5
Policy_A_Direct,6,17,1,1,0.9093,False,True,False,CLASS_1,1.659,4.5
Policy_A_Direct,6,18,1,1,0.9479,False,True,False,CLASS_1,1.661,4.5
Policy_A_Direct,6,19,1,1,0.989,False,True,False,CLASS_1,1.68,4.5
Policy_A_Direct,6,20,0,0,0.523,False,True,False,CLASS_0,1.652,4.5
Policy_A_Direct,6,21,1,1,0.9874,False,True,False,CLASS_1,1.66,4.5
Policy_A_Direct,6,22,0,1,0.6712,False,False,True,CLASS_1,1.702,4.5
Policy_A_Direct,6,23,0,1,0.5875,False,False,True,CLASS_1,1.663,4.5
Policy_A_Direct,6,24,1,1,0.9749,False,True,False,CLASS_1,1.769,4.5
Policy_A_Direct,6,25,0,1,0.8853,False,False,True,CLASS_1,1.77,4.5
Policy_A_Direct,6,26,1,1,0.9061,False,True,False,CLASS_1,1.749,4.5
Policy_A_Direct,6,27,1,1,0.9651,False,True,False,CLASS_1,1.828,4.5
Policy_A_Direct,6,28,0,1,0.97,False,False,True,CLASS_1,1.752,4.5
Policy_A_Direct,6,29,1,1,0.9799,False,True,False,CLASS_1,1.746,4.5
Policy_A_Direct,6,30,1,1,0.9858,False,True,False,CLASS_1,1.742,4.5
Policy_A_Direct,6,31,0,1,0.6995,False,False,True,CLASS_1,1.71,4.5
Policy_A_Direct,6,32,0,1,0.5766,False,False,True,CLASS_1,1.786,4.5
Policy_A_Direct,6,33,0,0,0.6969,False,True,False,CLASS_0,1.732,4.5
Policy_A_Direct,6,34,1,0,0.6165,False,False,True,CLASS_0,1.723,4.5
Policy_A_Direct,6,35,0,1,0.9873,False,False,True,CLASS_1,1.773,4.5
Policy_A_Direct,6,36,1,1,0.9985,False,True,False,CLASS_1,1.712,4.5
Policy_A_Direct,6,37,1,1,0.9792,False,True,False,CLASS_1,1.716,4.5
Policy_A_Direct,6,38,1,1,0.9343,False,True,False,CLASS_1,1.753,4.5
Policy_A_Direct,6,39,0,1,0.8283,False,False,True,CLASS_1,1.707,4.5
Policy_A_Direct,6,40,0,0,0.8433,False,True,False,CLASS_0,1.767,4.5
Policy_A_Direct,6,41,0,1,0.8112,False,False,True,CLASS_1,1.756,4.5
Policy_A_Direct,6,42,1,1,0.9884,False,True,False,CLASS_1,1.729,4.5
Policy_A_Direct,6,43,1,1,0.9537,False,True,False,CLASS_1,1.797,4.5
Policy_A_Direct,6,44,1,1,0.677,False,True,False,CLASS_1,1.775,4.5
Policy_A_Direct,6,45,0,1,0.9558,False,False,True,CLASS_1,1.782,4.5
Policy_A_Direct,6,46,0,0,0.9806,False,True,False,CLASS_0,1.856,4.5
Policy_A_Direct,6,47,1,0,0.9242,False,False,True,CLASS_0,1.77,4.5
Policy_A_Direct,6,48,0,1,0.9557,False,False,True,CLASS_1,1.781,4.5
Policy_A_Direct,6,49,1,1,0.9954,False,True,False,CLASS_1,1.741,4.5
Policy_A_Direct,6,50,0,1,0.5968,False,False,True,CLASS_1,1.743,4.5
Policy_A_Direct,6,51,0,1,0.8851,False,False,True,CLASS_1,1.764,4.5
Policy_A_Direct,6,52,0,0,0.5685,False,True,False,CLASS_0,1.737,4.5
Policy_A_Direct,6,53,1,0,0.597,False,False,True,CLASS_0,1.694,4.5
Policy_A_Direct,6,54,1,1,0.9208,False,True,False,CLASS_1,1.856,4.5
Policy_A_Direct,6,55,0,0,0.977,False,True,False,CLASS_0,1.84,4.5
Policy_A_Direct,6,56,1,1,0.8618,False,True,False,CLASS_1,1.81,4.5
Policy_A_Direct,6,57,1,1,0.9805,False,True,False,CLASS_1,1.836,4.5
Policy_A_Direct,6,58,0,1,0.5341,False,False,True,CLASS_1,1.863,4.5
Policy_A_Direct,6,59,0,1,0.975,False,False,True,CLASS_1,1.804,4.5
Policy_A_Direct,6,60,1,1,0.938,False,True,False,CLASS_1,1.807,4.5
Policy_A_Direct,6,61,0,1,0.8006,False,False,True,CLASS_1,1.756,4.5
Policy_A_Direct,6,62,0,0,0.8457,False,True,False,CLASS_0,1.818,4.5
Policy_A_Direct,6,63,1,1,0.9323,False,True,False,CLASS_1,1.833,4.5
Policy_A_Direct,6,64,0,1,0.8605,False,False,True,CLASS_1,1.882,4.5
Policy_A_Direct,6,65,1,1,0.9352,False,True,False,CLASS_1,1.831,4.5
Policy_A_Direct,6,66,1,1,0.5177,False,True,False,CLASS_1,1.923,4.5
Policy_A_Direct,6,67,1,1,0.9798,False,True,False,CLASS_1,1.828,4.5
Policy_A_Direct,6,68,0,1,0.9741,False,False,True,CLASS_1,1.799,4.5
Policy_A_Direct,6,69,0,1,0.7797,False,False,True,CLASS_1,1.879,4.5
Policy_A_Direct,6,70,0,1,0.9813,False,False,True,CLASS_1,1.829,4.5
Policy_A_Direct,6,71,1,1,0.909,False,True,False,CLASS_1,2.042,4.5
Policy_A_Direct,6,72,0,1,0.6968,False,False,True,CLASS_1,1.957,4.5
Policy_A_Direct,6,73,1,0,0.5803,False,False,True,CLASS_0,1.982,4.5
Policy_A_Direct,6,74,0,0,0.5834,False,True,False,CLASS_0,2.018,4.5
Policy_A_Direct,6,75,0,0,0.7783,False,True,False,CLASS_0,1.94,4.5
Policy_A_Direct,6,76,0,1,0.535,False,False,True,CLASS_1,2.04,4.5
Policy_A_Direct,6,77,1,1,0.9728,False,True,False,CLASS_1,1.953,4.5
Policy_A_Direct,6,78,1,1,0.8239,False,True,False,CLASS_1,1.906,4.5
Policy_A_Direct,6,79,1,1,0.9806,False,True,False,CLASS_1,2.072,4.5
Policy_A_Direct,6,80,1,1,0.905,False,True,False,CLASS_1,2.116,4.5
Policy_A_Direct,6,81,1,1,0.9715,False,True,False,CLASS_1,2.065,4.5
Policy_A_Direct,6,82,1,1,0.9654,False,True,False,CLASS_1,2.075,4.5
Policy_A_Direct,6,83,0,1,0.9214,False,False,True,CLASS_1,2.034,4.5
Policy_A_Direct,6,84,0,0,0.5256,False,True,False,CLASS_0,2.024,4.5
Policy_A_Direct,6,85,1,1,0.7677,False,True,False,CLASS_1,2.009,4.5
Policy_A_Direct,6,86,1,1,0.8805,False,True,False,CLASS_1,2.005,4.5
Policy_A_Direct,6,87,0,1,0.6583,False,False,True,CLASS_1,2.184,4.5
Policy_A_Direct,6,88,0,0,0.9827,False,True,False,CLASS_0,2.148,4.5
Policy_A_Direct,6,89,0,0,0.6569,False,True,False,CLASS_0,2.099,4.5
Policy_A_Direct,6,90,0,1,0.5242,False,False,True,CLASS_1,2.117,4.5
Policy_A_Direct,6,91,0,0,0.6448,False,True,False,CLASS_0,2.104,4.5
Policy_A_Direct,6,92,0,1,0.9854,False,False,True,CLASS_1,2.123,4.5
Policy_A_Direct,6,93,1,1,0.8605,False,True,False,CLASS_1,2.208,4.5
Policy_A_Direct,6,94,1,1,0.9259,False,True,False,CLASS_1,2.256,4.5
Policy_A_Direct,6,95,0,0,0.5947,False,True,False,CLASS_0,2.306,4.5
Policy_A_Direct,6,96,0,1,0.7682,False,False,True,CLASS_1,2.291,4.5
Policy_A_Direct,6,97,1,1,0.9949,False,True,False,CLASS_1,2.246,4.5
Policy_A_Direct,6,98,0,0,0.5362,False,True,False,CLASS_0,2.24,4.5
Policy_A_Direct,6,99,1,0,0.9344,False,False,True,CLASS_0,2.261,4.5
Policy_A_Direct,6,100,1,0,0.7147,False,False,True,CLASS_0,2.498,4.5
Policy_A_Direct,6,101,1,1,0.6559,False,True,False,CLASS_1,3.694,4.5
Policy_A_Direct,6,102,1,1,0.5973,False,True,False,CLASS_1,3.234,4.5
Policy_A_Direct,6,103,0,1,0.5534,False,False,True,CLASS_1,2.919,4.5
Policy_A_Direct,6,104,0,0,0.948,False,True,False,CLASS_0,2.765,4.5
Policy_A_Direct,6,105,0,0,0.7164,False,True,False,CLASS_0,2.578,4.5
Policy_A_Direct,6,106,1,1,0.9941,False,True,False,CLASS_1,2.511,4.5
Policy_A_Direct,6,107,1,1,0.9284,False,True,False,CLASS_1,2.439,4.5
Policy_A_Direct,6,108,0,1,0.813,False,False,True,CLASS_1,2.374,4.5
Policy_A_Direct,6,109,0,0,0.9664,False,True,False,CLASS_0,2.574,4.5
Policy_A_Direct,6,110,1,1,0.9134,False,True,False,CLASS_1,2.712,4.5
Policy_A_Direct,6,111,1,1,0.9896,False,True,False,CLASS_1,2.41,4.5
Policy_A_Direct,6,112,1,0,0.8027,False,False,True,CLASS_0,2.356,4.5
Policy_A_Direct,6,113,0,0,0.8045,False,True,False,CLASS_0,2.372,4.5
Policy_A_Direct,6,114,1,1,0.5745,False,True,False,CLASS_1,2.374,4.5
Policy_A_Direct,6,115,1,1,0.7793,False,True,False,CLASS_1,2.369,4.5
Policy_A_Direct,6,116,0,0,0.9761,False,True,False,CLASS_0,2.337,4.5
Policy_A_Direct,6,117,0,1,0.9102,False,False,True,CLASS_1,2.425,4.5
Policy_A_Direct,6,118,1,1,0.9897,False,True,False,CLASS_1,2.378,4.5
Policy_A_Direct,6,119,0,1,0.9641,False,False,True,CLASS_1,2.425,4.5
Policy_A_Direct,6,120,1,1,0.9383,False,True,False,CLASS_1,2.365,4.5
Policy_A_Direct,6,121,1,1,0.9798,False,True,False,CLASS_1,2.403,4.5
Policy_A_Direct,6,122,0,1,0.929,False,False,True,CLASS_1,2.33,4.5
Policy_A_Direct,6,123,0,1,0.953,False,False,True,CLASS_1,2.306,4.5
Policy_A_Direct,6,124,1,1,0.8565,False,True,False,CLASS_1,2.334,4.5
Policy_A_Direct,6,125,0,1,0.7016,False,False,True,CLASS_1,2.46,4.5
Policy_A_Direct,6,126,0,0,0.6796,False,True,False,CLASS_0,2.466,4.5
Policy_A_Direct,6,127,1,1,0.8876,False,True,False,CLASS_1,2.426,4.5
Policy_A_Direct,6,128,1,1,0.9159,False,True,False,CLASS_1,2.435,4.5
Policy_A_Direct,6,129,1,1,0.9852,False,True,False,CLASS_1,2.372,4.5
Policy_A_Direct,6,130,0,1,0.9485,False,False,True,CLASS_1,2.396,4.5
Policy_A_Direct,6,131,1,1,0.8244,False,True,False,CLASS_1,2.328,4.5
Policy_A_Direct,6,132,1,1,0.9054,False,True,False,CLASS_1,2.364,4.5
Policy_A_Direct,6,133,1,1,0.9612,False,True,False,CLASS_1,2.287,4.5
Policy_A_Direct,6,134,0,0,0.9284,False,True,False,CLASS_0,2.337,4.5
Policy_A_Direct,6,135,1,0,0.5219,False,False,True,CLASS_0,2.381,4.5
Policy_A_Direct,6,136,1,1,0.9935,False,True,False,CLASS_1,2.411,4.5
Policy_A_Direct,6,137,0,0,0.9174,False,True,False,CLASS_0,2.38,4.5
Policy_A_Direct,6,138,0,0,0.5169,False,True,False,CLASS_0,2.384,4.5
Policy_A_Direct,6,139,0,0,0.5462,False,True,False,CLASS_0,2.372,4.5
Policy_A_Direct,6,140,0,1,0.9373,False,False,True,CLASS_1,2.369,4.5
Policy_A_Direct,6,141,0,0,0.7889,False,True,False,CLASS_0,2.323,4.5
Policy_A_Direct,6,142,1,1,0.9588,False,True,False,CLASS_1,2.355,4.5
Policy_A_Direct,6,143,1,1,0.8664,False,True,False,CLASS_1,2.499,4.5
Policy_A_Direct,6,144,0,1,0.7765,False,False,True,CLASS_1,2.4,4.5
Policy_A_Direct,6,145,1,1,0.9176,False,True,False,CLASS_1,2.366,4.5
Policy_A_Direct,6,146,1,1,0.9984,False,True,False,CLASS_1,2.457,4.5
Policy_A_Direct,6,147,1,1,0.9877,False,True,False,CLASS_1,2.386,4.5
Policy_A_Direct,6,148,0,0,0.8436,False,True,False,CLASS_0,2.415,4.5
Policy_A_Direct,6,149,0,1,0.9064,False,False,True,CLASS_1,2.514,4.5
Policy_A_Direct,6,150,0,1,0.9259,False,False,True,CLASS_1,2.398,4.5
Policy_A_Direct,6,151,1,1,0.9922,False,True,False,CLASS_1,2.331,4.5
Policy_A_Direct,6,152,1,1,0.9779,False,True,False,CLASS_1,2.37,4.5
Policy_A_Direct,6,153,0,0,0.5941,False,True,False,CLASS_0,2.382,4.5
Policy_A_Direct,6,154,0,0,0.5503,False,True,False,CLASS_0,2.505,4.5
Policy_A_Direct,6,155,1,1,0.9966,False,True,False,CLASS_1,2.441,4.5
Policy_A_Direct,6,156,0,0,0.9365,False,True,False,CLASS_0,2.367,4.5
Policy_A_Direct,6,157,1,1,0.9978,False,True,False,CLASS_1,2.348,4.5
Policy_A_Direct,6,158,0,1,0.9879,False,False,True,CLASS_1,2.551,4.5
Policy_A_Direct,6,159,0,1,0.6598,False,False,True,CLASS_1,2.396,4.5
Policy_A_Direct,6,160,1,1,0.9978,False,True,False,CLASS_1,2.39,4.5
Policy_B_ConfidenceGated,6,1,0,0,0.8778,True,False,False,ABSTAIN,2.622,4.5
Policy_B_ConfidenceGated,6,2,0,0,0.9613,False,True,False,CLASS_0,2.066,4.5
Policy_B_ConfidenceGated,6,3,1,1,0.954,True,False,False,ABSTAIN,2.084,4.5
Policy_B_ConfidenceGated,6,4,0,1,0.9965,False,False,True,CLASS_1,2.074,4.5
Policy_B_ConfidenceGated,6,5,1,0,0.8374,True,False,False,ABSTAIN,2.086,4.5
Policy_B_ConfidenceGated,6,6,1,1,0.9769,True,False,False,ABSTAIN,2.196,4.5
Policy_B_ConfidenceGated,6,7,1,1,0.7071,True,False,False,ABSTAIN,2.136,4.5
Policy_B_ConfidenceGated,6,8,0,1,0.9705,True,False,False,ABSTAIN,2.129,4.5
Policy_B_ConfidenceGated,6,9,0,0,0.7589,True,False,False,ABSTAIN,2.144,4.5
Policy_B_ConfidenceGated,6,10,1,1,0.9939,True,False,False,ABSTAIN,2.129,4.5
Policy_B_ConfidenceGated,6,11,1,1,0.9789,False,True,False,CLASS_1,2.075,4.5
Policy_B_ConfidenceGated,6,12,1,1,0.9948,True,False,False,ABSTAIN,2.07,4.5
Policy_B_ConfidenceGated,6,13,0,1,0.8763,False,False,True,CLASS_1,2.129,4.5
Policy_B_ConfidenceGated,6,14,0,1,0.8487,True,False,False,ABSTAIN,2.114,4.5
Policy_B_ConfidenceGated,6,15,0,0,0.643,True,False,False,ABSTAIN,2.193,4.5
Policy_B_ConfidenceGated,6,16,0,0,0.808,True,False,False,ABSTAIN,2.216,4.5
Policy_B_ConfidenceGated,6,17,1,1,0.9093,True,False,False,ABSTAIN,2.192,4.5
Policy_B_ConfidenceGated,6,18,1,1,0.9479,False,True,False,CLASS_1,2.212,4.5
Policy_B_ConfidenceGated,6,19,1,1,0.989,True,False,False,ABSTAIN,2.272,4.5
Policy_B_ConfidenceGated,6,20,0,0,0.523,True,False,False,ABSTAIN,2.246,4.5
Policy_B_ConfidenceGated,6,21,1,1,0.9874,True,False,False,ABSTAIN,2.213,4.5
Policy_B_ConfidenceGated,6,22,0,1,0.6712,True,False,False,ABSTAIN,2.221,4.5
Policy_B_ConfidenceGated,6,23,0,1,0.5875,True,False,False,ABSTAIN,2.21,4.5
Policy_B_ConfidenceGated,6,24,1,1,0.9749,True,False,False,ABSTAIN,2.262,4.5
Policy_B_ConfidenceGated,6,25,0,1,0.8853,False,False,True,CLASS_1,2.191,4.5
Policy_B_ConfidenceGated,6,26,1,1,0.9061,True,False,False,ABSTAIN,2.222,4.5
Policy_B_ConfidenceGated,6,27,1,1,0.9651,False,True,False,CLASS_1,2.2,4.5
Policy_B_ConfidenceGated,6,28,0,1,0.97,True,False,False,ABSTAIN,2.204,4.5
Policy_B_ConfidenceGated,6,29,1,1,0.9799,False,True,False,CLASS_1,2.215,4.5
Policy_B_ConfidenceGated,6,30,1,1,0.9858,True,False,False,ABSTAIN,2.208,4.5
Policy_B_ConfidenceGated,6,31,0,1,0.6995,True,False,False,ABSTAIN,2.188,4.5
Policy_B_ConfidenceGated,6,32,0,1,0.5766,True,False,False,ABSTAIN,2.173,4.5
Policy_B_ConfidenceGated,6,33,0,0,0.6969,True,False,False,ABSTAIN,2.187,4.5
Policy_B_ConfidenceGated,6,34,1,0,0.6165,True,False,False,ABSTAIN,2.178,4.5
Policy_B_ConfidenceGated,6,35,0,1,0.9873,True,False,False,ABSTAIN,2.23,4.5
Policy_B_ConfidenceGated,6,36,1,1,0.9985,False,True,False,CLASS_1,2.21,4.5
Policy_B_ConfidenceGated,6,37,1,1,0.9792,True,False,False,ABSTAIN,2.234,4.5
Policy_B_ConfidenceGated,6,38,1,1,0.9343,False,True,False,CLASS_1,2.185,4.5
Policy_B_ConfidenceGated,6,39,0,1,0.8283,True,False,False,ABSTAIN,2.243,4.5
Policy_B_ConfidenceGated,6,40,0,0,0.8433,True,False,False,ABSTAIN,2.318,4.5
Policy_B_ConfidenceGated,6,41,0,1,0.8112,True,False,False,ABSTAIN,2.232,4.5
Policy_B_ConfidenceGated,6,42,1,1,0.9884,True,False,False,ABSTAIN,2.243,4.5
Policy_B_ConfidenceGated,6,43,1,1,0.9537,False,True,False,CLASS_1,2.226,4.5
Policy_B_ConfidenceGated,6,44,1,1,0.677,True,False,False,ABSTAIN,2.264,4.5
Policy_B_ConfidenceGated,6,45,0,1,0.9558,True,False,False,ABSTAIN,2.373,4.5
Policy_B_ConfidenceGated,6,46,0,0,0.9806,True,False,False,ABSTAIN,2.216,4.5
Policy_B_ConfidenceGated,6,47,1,0,0.9242,False,False,True,CLASS_0,2.205,4.5
Policy_B_ConfidenceGated,6,48,0,1,0.9557,True,False,False,ABSTAIN,2.161,4.5
Policy_B_ConfidenceGated,6,49,1,1,0.9954,False,True,False,CLASS_1,2.202,4.5
Policy_B_ConfidenceGated,6,50,0,1,0.5968,True,False,False,ABSTAIN,2.197,4.5
Policy_B_ConfidenceGated,6,51,0,1,0.8851,True,False,False,ABSTAIN,2.231,4.5
Policy_B_ConfidenceGated,6,52,0,0,0.5685,True,False,False,ABSTAIN,2.179,4.5
Policy_B_ConfidenceGated,6,53,1,0,0.597,True,False,False,ABSTAIN,2.191,4.5
Policy_B_ConfidenceGated,6,54,1,1,0.9208,True,False,False,ABSTAIN,2.192,4.5
Policy_B_ConfidenceGated,6,55,0,0,0.977,True,False,False,ABSTAIN,2.311,4.5
Policy_B_ConfidenceGated,6,56,1,1,0.8618,True,False,False,ABSTAIN,2.374,4.5
Policy_B_ConfidenceGated,6,57,1,1,0.9805,False,True,False,CLASS_1,2.549,4.5
Policy_B_ConfidenceGated,6,58,0,1,0.5341,True,False,False,ABSTAIN,2.391,4.5
Policy_B_ConfidenceGated,6,59,0,1,0.975,True,False,False,ABSTAIN,2.376,4.5
Policy_B_ConfidenceGated,6,60,1,1,0.938,False,True,False,CLASS_1,2.477,4.5
Policy_B_ConfidenceGated,6,61,0,1,0.8006,True,False,False,ABSTAIN,2.244,4.5
Policy_B_ConfidenceGated,6,62,0,0,0.8457,True,False,False,ABSTAIN,2.194,4.5
Policy_B_ConfidenceGated,6,63,1,1,0.9323,True,False,False,ABSTAIN,2.225,4.5
Policy_B_ConfidenceGated,6,64,0,1,0.8605,False,False,True,CLASS_1,2.208,4.5
Policy_B_ConfidenceGated,6,65,1,1,0.9352,True,False,False,ABSTAIN,2.209,4.5
Policy_B_ConfidenceGated,6,66,1,1,0.5177,True,False,False,ABSTAIN,2.264,4.5
Policy_B_ConfidenceGated,6,67,1,1,0.9798,True,False,False,ABSTAIN,2.207,4.5
Policy_B_ConfidenceGated,6,68,0,1,0.9741,False,False,True,CLASS_1,2.214,4.5
Policy_B_ConfidenceGated,6,69,0,1,0.7797,True,False,False,ABSTAIN,2.457,4.5
Policy_B_ConfidenceGated,6,70,0,1,0.9813,True,False,False,ABSTAIN,2.38,4.5
Policy_B_ConfidenceGated,6,71,1,1,0.909,False,True,False,CLASS_1,2.421,4.5
Policy_B_ConfidenceGated,6,72,0,1,0.6968,True,False,False,ABSTAIN,2.383,4.5
Policy_B_ConfidenceGated,6,73,1,0,0.5803,True,False,False,ABSTAIN,2.212,4.5
Policy_B_ConfidenceGated,6,74,0,0,0.5834,True,False,False,ABSTAIN,2.229,4.5
Policy_B_ConfidenceGated,6,75,0,0,0.7783,True,False,False,ABSTAIN,2.183,4.5
Policy_B_ConfidenceGated,6,76,0,1,0.535,True,False,False,ABSTAIN,2.209,4.5
Policy_B_ConfidenceGated,6,77,1,1,0.9728,True,False,False,ABSTAIN,2.197,4.5
Policy_B_ConfidenceGated,6,78,1,1,0.8239,True,False,False,ABSTAIN,2.178,4.5
Policy_B_ConfidenceGated,6,79,1,1,0.9806,True,False,False,ABSTAIN,2.251,4.5
Policy_B_ConfidenceGated,6,80,1,1,0.905,False,True,False,CLASS_1,2.28,4.5
Policy_B_ConfidenceGated,6,81,1,1,0.9715,True,False,False,ABSTAIN,2.311,4.5
Policy_B_ConfidenceGated,6,82,1,1,0.9654,False,True,False,CLASS_1,2.453,4.5
Policy_B_ConfidenceGated,6,83,0,1,0.9214,True,False,False,ABSTAIN,2.43,4.5
Policy_B_ConfidenceGated,6,84,0,0,0.5256,True,False,False,ABSTAIN,2.426,4.5
Policy_B_ConfidenceGated,6,85,1,1,0.7677,True,False,False,ABSTAIN,2.433,4.5
Policy_B_ConfidenceGated,6,86,1,1,0.8805,True,False,False,ABSTAIN,2.373,4.5
Policy_B_ConfidenceGated,6,87,0,1,0.6583,True,False,False,ABSTAIN,2.431,4.5
Policy_B_ConfidenceGated,6,88,0,0,0.9827,True,False,False,ABSTAIN,2.385,4.5
Policy_B_ConfidenceGated,6,89,0,0,0.6569,True,False,False,ABSTAIN,2.366,4.5
Policy_B_ConfidenceGated,6,90,0,1,0.5242,True,False,False,ABSTAIN,2.357,4.5
Policy_B_ConfidenceGated,6,91,0,0,0.6448,True,False,False,ABSTAIN,2.407,4.5
Policy_B_ConfidenceGated,6,92,0,1,0.9854,True,False,False,ABSTAIN,2.365,4.5
Policy_B_ConfidenceGated,6,93,1,1,0.8605,False,True,False,CLASS_1,2.444,4.5
Policy_B_ConfidenceGated,6,94,1,1,0.9259,True,False,False,ABSTAIN,2.4,4.5
Policy_B_ConfidenceGated,6,95,0,0,0.5947,True,False,False,ABSTAIN,2.206,4.5
Policy_B_ConfidenceGated,6,96,0,1,0.7682,True,False,False,ABSTAIN,2.22,4.5
Policy_B_ConfidenceGated,6,97,1,1,0.9949,True,False,False,ABSTAIN,2.192,4.5
Policy_B_ConfidenceGated,6,98,0,0,0.5362,True,False,False,ABSTAIN,2.205,4.5
Policy_B_ConfidenceGated,6,99,1,0,0.9344,True,False,False,ABSTAIN,2.17,4.5
Policy_B_ConfidenceGated,6,100,1,0,0.7147,True,False,False,ABSTAIN,2.168,4.5
Policy_B_ConfidenceGated,6,101,1,1,0.6559,True,False,False,ABSTAIN,2.115,4.5
Policy_B_ConfidenceGated,6,102,1,1,0.5973,True,False,False,ABSTAIN,2.148,4.5
Policy_B_ConfidenceGated,6,103,0,1,0.5534,True,False,False,ABSTAIN,2.408,4.5
Policy_B_ConfidenceGated,6,104,0,0,0.948,True,False,False,ABSTAIN,2.293,4.5
Policy_B_ConfidenceGated,6,105,0,0,0.7164,True,False,False,ABSTAIN,2.39,4.5
Policy_B_ConfidenceGated,6,106,1,1,0.9941,True,False,False,ABSTAIN,2.435,4.5
Policy_B_ConfidenceGated,6,107,1,1,0.9284,False,True,False,CLASS_1,2.393,4.5
Policy_B_ConfidenceGated,6,108,0,1,0.813,True,False,False,ABSTAIN,2.392,4.5
Policy_B_ConfidenceGated,6,109,0,0,0.9664,True,False,False,ABSTAIN,2.4,4.5
Policy_B_ConfidenceGated,6,110,1,1,0.9134,True,False,False,ABSTAIN,2.458,4.5
Policy_B_ConfidenceGated,6,111,1,1,0.9896,False,True,False,CLASS_1,2.378,4.5
Policy_B_ConfidenceGated,6,112,1,0,0.8027,True,False,False,ABSTAIN,2.384,4.5
Policy_B_ConfidenceGated,6,113,0,0,0.8045,True,False,False,ABSTAIN,2.208,4.5
Policy_B_ConfidenceGated,6,114,1,1,0.5745,True,False,False,ABSTAIN,2.259,4.5
Policy_B_ConfidenceGated,6,115,1,1,0.7793,True,False,False,ABSTAIN,2.207,4.5
Policy_B_ConfidenceGated,6,116,0,0,0.9761,True,False,False,ABSTAIN,2.381,4.5
Policy_B_ConfidenceGated,6,117,0,1,0.9102,True,False,False,ABSTAIN,2.375,4.5
Policy_B_ConfidenceGated,6,118,1,1,0.9897,False,True,False,CLASS_1,2.445,4.5
Policy_B_ConfidenceGated,6,119,0,1,0.9641,True,False,False,ABSTAIN,2.368,4.5
Policy_B_ConfidenceGated,6,120,1,1,0.9383,False,True,False,CLASS_1,2.405,4.5
Policy_B_ConfidenceGated,6,121,1,1,0.9798,True,False,False,ABSTAIN,2.503,4.5
Policy_B_ConfidenceGated,6,122,0,1,0.929,False,False,True,CLASS_1,2.44,4.5
Policy_B_ConfidenceGated,6,123,0,1,0.953,True,False,False,ABSTAIN,2.301,4.5
Policy_B_ConfidenceGated,6,124,1,1,0.8565,False,True,False,CLASS_1,2.195,4.5
Policy_B_ConfidenceGated,6,125,0,1,0.7016,True,False,False,ABSTAIN,2.26,4.5
Policy_B_ConfidenceGated,6,126,0,0,0.6796,True,False,False,ABSTAIN,2.236,4.5
Policy_B_ConfidenceGated,6,127,1,1,0.8876,True,False,False,ABSTAIN,2.199,4.5
Policy_B_ConfidenceGated,6,128,1,1,0.9159,False,True,False,CLASS_1,2.235,4.5
Policy_B_ConfidenceGated,6,129,1,1,0.9852,True,False,False,ABSTAIN,2.348,4.5
Policy_B_ConfidenceGated,6,130,0,1,0.9485,False,False,True,CLASS_1,2.202,4.5
Policy_B_ConfidenceGated,6,131,1,1,0.8244,True,False,False,ABSTAIN,2.186,4.5
Policy_B_ConfidenceGated,6,132,1,1,0.9054,True,False,False,ABSTAIN,2.179,4.5
Policy_B_ConfidenceGated,6,133,1,1,0.9612,False,True,False,CLASS_1,2.173,4.5
Policy_B_ConfidenceGated,6,134,0,0,0.9284,True,False,False,ABSTAIN,2.183,4.5
Policy_B_ConfidenceGated,6,135,1,0,0.5219,True,False,False,ABSTAIN,2.166,4.5
Policy_B_ConfidenceGated,6,136,1,1,0.9935,True,False,False,ABSTAIN,2.164,4.5
Policy_B_ConfidenceGated,6,137,0,0,0.9174,True,False,False,ABSTAIN,2.189,4.5
Policy_B_ConfidenceGated,6,138,0,0,0.5169,True,False,False,ABSTAIN,2.206,4.5
Policy_B_ConfidenceGated,6,139,0,0,0.5462,True,False,False,ABSTAIN,2.189,4.5
Policy_B_ConfidenceGated,6,140,0,1,0.9373,True,False,False,ABSTAIN,2.2,4.5
Policy_B_ConfidenceGated,6,141,0,0,0.7889,True,False,False,ABSTAIN,2.2,4.5
Policy_B_ConfidenceGated,6,142,1,1,0.9588,True,False,False,ABSTAIN,2.196,4.5
Policy_B_ConfidenceGated,6,143,1,1,0.8664,False,True,False,CLASS_1,2.355,4.5
Policy_B_ConfidenceGated,6,144,0,1,0.7765,True,False,False,ABSTAIN,2.364,4.5
Policy_B_ConfidenceGated,6,145,1,1,0.9176,True,False,False,ABSTAIN,2.368,4.5
Policy_B_ConfidenceGated,6,146,1,1,0.9984,False,True,False,CLASS_1,2.287,4.5
Policy_B_ConfidenceGated,6,147,1,1,0.9877,True,False,False,ABSTAIN,2.309,4.5
Policy_B_ConfidenceGated,6,148,0,0,0.8436,True,False,False,ABSTAIN,2.272,4.5
Policy_B_ConfidenceGated,6,149,0,1,0.9064,True,False,False,ABSTAIN,2.282,4.5
Policy_B_ConfidenceGated,6,150,0,1,0.9259,False,False,True,CLASS_1,2.278,4.5
Policy_B_ConfidenceGated,6,151,1,1,0.9922,True,False,False,ABSTAIN,2.358,4.5
Policy_B_ConfidenceGated,6,152,1,1,0.9779,False,True,False,CLASS_1,2.375,4.5
Policy_B_ConfidenceGated,6,153,0,0,0.5941,True,False,False,ABSTAIN,2.354,4.5
Policy_B_ConfidenceGated,6,154,0,0,0.5503,True,False,False,ABSTAIN,2.439,4.5
Policy_B_ConfidenceGated,6,155,1,1,0.9966,True,False,False,ABSTAIN,2.48,4.5
Policy_B_ConfidenceGated,6,156,0,0,0.9365,True,False,False,ABSTAIN,2.269,4.5
Policy_B_ConfidenceGated,6,157,1,1,0.9978,True,False,False,ABSTAIN,2.251,4.5
Policy_B_ConfidenceGated,6,158,0,1,0.9879,False,False,True,CLASS_1,2.445,4.5
Policy_B_ConfidenceGated,6,159,0,1,0.6598,True,False,False,ABSTAIN,2.437,4.5
Policy_B_ConfidenceGated,6,160,1,1,0.9978,True,False,False,ABSTAIN,2.504,4.5
Policy_C_SharedControl,6,1,0,0,0.8778,True,False,False,,2.686,4.5
Policy_C_SharedControl,6,2,0,0,0.9613,False,True,False,SELECT_LEFT,2.391,4.5
Policy_C_SharedControl,6,3,1,1,0.954,True,False,False,,2.277,4.5
Policy_C_SharedControl,6,4,0,1,0.9965,False,False,True,SELECT_RIGHT,2.232,4.5
Policy_C_SharedControl,6,5,1,0,0.8374,True,False,False,,2.229,4.5
Policy_C_SharedControl,6,6,1,1,0.9769,True,False,False,,2.399,4.5
Policy_C_SharedControl,6,7,1,1,0.7071,True,False,False,,2.303,4.5
Policy_C_SharedControl,6,8,0,1,0.9705,True,False,False,,2.328,4.5
Policy_C_SharedControl,6,9,0,0,0.7589,True,False,False,,2.263,4.5
Policy_C_SharedControl,6,10,1,1,0.9939,True,False,False,,2.277,4.5
Policy_C_SharedControl,6,11,1,1,0.9789,False,True,False,REACH_FORWARD,2.305,4.5
Policy_C_SharedControl,6,12,1,1,0.9948,True,False,False,,2.309,4.5
Policy_C_SharedControl,6,13,0,1,0.8763,False,False,True,GRASP_CLOSE,2.291,4.5
Policy_C_SharedControl,6,14,0,1,0.8487,True,False,False,,2.26,4.5
Policy_C_SharedControl,6,15,0,0,0.643,True,False,False,,2.506,4.5
Policy_C_SharedControl,6,16,0,0,0.808,True,False,False,,2.585,4.5
Policy_C_SharedControl,6,17,1,1,0.9093,True,False,False,,2.553,4.5
Policy_C_SharedControl,6,18,1,1,0.9479,False,True,False,GRASP_CLOSE,2.536,4.5
Policy_C_SharedControl,6,19,1,1,0.989,True,False,False,,2.298,4.5
Policy_C_SharedControl,6,20,0,0,0.523,True,False,False,,2.323,4.5
Policy_C_SharedControl,6,21,1,1,0.9874,True,False,False,,2.327,4.5
Policy_C_SharedControl,6,22,0,1,0.6712,True,False,False,,2.962,4.5
Policy_C_SharedControl,6,23,0,1,0.5875,True,False,False,,2.763,4.5
Policy_C_SharedControl,6,24,1,1,0.9749,True,False,False,,2.719,4.5
Policy_C_SharedControl,6,25,0,1,0.8853,False,False,True,GRASP_CLOSE,2.71,4.5
Policy_C_SharedControl,6,26,1,1,0.9061,True,False,False,,2.718,4.5
Policy_C_SharedControl,6,27,1,1,0.9651,False,True,False,GRASP_CLOSE,2.702,4.5
Policy_C_SharedControl,6,28,0,1,0.97,True,False,False,,3.038,4.5
Policy_C_SharedControl,6,29,1,1,0.9799,False,True,False,GRASP_CLOSE,3.011,4.5
Policy_C_SharedControl,6,30,1,1,0.9858,True,False,False,,2.972,4.5
Policy_C_SharedControl,6,31,0,1,0.6995,True,False,False,,2.977,4.5
Policy_C_SharedControl,6,32,0,1,0.5766,True,False,False,,2.853,4.5
Policy_C_SharedControl,6,33,0,0,0.6969,True,False,False,,2.916,4.5
Policy_C_SharedControl,6,34,1,0,0.6165,True,False,False,,3.566,4.5
Policy_C_SharedControl,6,35,0,1,0.9873,True,False,False,,3.013,4.5
Policy_C_SharedControl,6,36,1,1,0.9985,False,True,False,GRASP_CLOSE,3.087,4.5
Policy_C_SharedControl,6,37,1,1,0.9792,True,False,False,,3.027,4.5
Policy_C_SharedControl,6,38,1,1,0.9343,False,True,False,GRASP_CLOSE,3.189,4.5
Policy_C_SharedControl,6,39,0,1,0.8283,True,False,False,,3.667,4.5
Policy_C_SharedControl,6,40,0,0,0.8433,True,False,False,,3.851,4.5
Policy_C_SharedControl,6,41,0,1,0.8112,True,False,False,,3.698,4.5
Policy_C_SharedControl,6,42,1,1,0.9884,True,False,False,,3.821,4.5
Policy_C_SharedControl,6,43,1,1,0.9537,False,True,False,GRASP_CLOSE,4.368,4.5
Policy_C_SharedControl,6,44,1,1,0.677,True,False,False,,4.479,4.5
Policy_C_SharedControl,6,45,0,1,0.9558,True,False,False,,3.957,4.5
Policy_C_SharedControl,6,46,0,0,0.9806,True,False,False,,3.684,4.5
Policy_C_SharedControl,6,47,1,0,0.9242,False,False,True,GRASP_OPEN,4.309,4.5
Policy_C_SharedControl,6,48,0,1,0.9557,True,False,False,,4.455,4.5
Policy_C_SharedControl,6,49,1,1,0.9954,False,True,False,GRASP_CLOSE,4.479,4.5
Policy_C_SharedControl,6,50,0,1,0.5968,True,False,False,,4.936,4.5
Policy_C_SharedControl,6,51,0,1,0.8851,True,False,False,,5.73,4.5
Policy_C_SharedControl,6,52,0,0,0.5685,True,False,False,,4.98,4.5
Policy_C_SharedControl,6,53,1,0,0.597,True,False,False,,4.965,4.5
Policy_C_SharedControl,6,54,1,1,0.9208,True,False,False,,5.033,4.5
Policy_C_SharedControl,6,55,0,0,0.977,True,False,False,,4.982,4.5
Policy_C_SharedControl,6,56,1,1,0.8618,True,False,False,,4.821,4.5
Policy_C_SharedControl,6,57,1,1,0.9805,False,True,False,GRASP_CLOSE,4.863,4.5
Policy_C_SharedControl,6,58,0,1,0.5341,True,False,False,,4.706,4.5
Policy_C_SharedControl,6,59,0,1,0.975,True,False,False,,4.865,4.5
Policy_C_SharedControl,6,60,1,1,0.938,False,True,False,GRASP_CLOSE,5.172,4.5
Policy_C_SharedControl,6,61,0,1,0.8006,True,False,False,,4.956,4.5
Policy_C_SharedControl,6,62,0,0,0.8457,True,False,False,,4.831,4.5
Policy_C_SharedControl,6,63,1,1,0.9323,True,False,False,,4.836,4.5
Policy_C_SharedControl,6,64,0,1,0.8605,False,False,True,GRASP_CLOSE,4.68,4.5
Policy_C_SharedControl,6,65,1,1,0.9352,True,False,False,,4.796,4.5
Policy_C_SharedControl,6,66,1,1,0.5177,True,False,False,,4.827,4.5
Policy_C_SharedControl,6,67,1,1,0.9798,True,False,False,,4.976,4.5
Policy_C_SharedControl,6,68,0,1,0.9741,False,False,True,GRASP_CLOSE,4.865,4.5
Policy_C_SharedControl,6,69,0,1,0.7797,True,False,False,,5.077,4.5
Policy_C_SharedControl,6,70,0,1,0.9813,True,False,False,,5.523,4.5
Policy_C_SharedControl,6,71,1,1,0.909,False,True,False,GRASP_CLOSE,6.055,4.5
Policy_C_SharedControl,6,72,0,1,0.6968,True,False,False,,5.344,4.5
Policy_C_SharedControl,6,73,1,0,0.5803,True,False,False,,5.874,4.5
Policy_C_SharedControl,6,74,0,0,0.5834,True,False,False,,5.583,4.5
Policy_C_SharedControl,6,75,0,0,0.7783,True,False,False,,5.654,4.5
Policy_C_SharedControl,6,76,0,1,0.535,True,False,False,,5.152,4.5
Policy_C_SharedControl,6,77,1,1,0.9728,True,False,False,,4.403,4.5
Policy_C_SharedControl,6,78,1,1,0.8239,True,False,False,,4.541,4.5
Policy_C_SharedControl,6,79,1,1,0.9806,True,False,False,,24.336,4.5
Policy_C_SharedControl,6,80,1,1,0.905,False,True,False,GRASP_CLOSE,6.496,4.5
Policy_C_SharedControl,6,81,1,1,0.9715,True,False,False,,5.365,4.5
Policy_C_SharedControl,6,82,1,1,0.9654,False,True,False,GRASP_CLOSE,5.445,4.5
Policy_C_SharedControl,6,83,0,1,0.9214,True,False,False,,5.222,4.5
Policy_C_SharedControl,6,84,0,0,0.5256,True,False,False,,5.147,4.5
Policy_C_SharedControl,6,85,1,1,0.7677,True,False,False,,5.293,4.5
Policy_C_SharedControl,6,86,1,1,0.8805,True,False,False,,5.198,4.5
Policy_C_SharedControl,6,87,0,1,0.6583,True,False,False,,5.097,4.5
Policy_C_SharedControl,6,88,0,0,0.9827,True,False,False,,5.118,4.5
Policy_C_SharedControl,6,89,0,0,0.6569,True,False,False,,4.696,4.5
Policy_C_SharedControl,6,90,0,1,0.5242,True,False,False,,5.002,4.5
Policy_C_SharedControl,6,91,0,0,0.6448,True,False,False,,5.15,4.5
Policy_C_SharedControl,6,92,0,1,0.9854,True,False,False,,5.048,4.5
Policy_C_SharedControl,6,93,1,1,0.8605,False,True,False,GRASP_CLOSE,5.074,4.5
Policy_C_SharedControl,6,94,1,1,0.9259,True,False,False,,5.102,4.5
Policy_C_SharedControl,6,95,0,0,0.5947,True,False,False,,5.177,4.5
Policy_C_SharedControl,6,96,0,1,0.7682,True,False,False,,5.181,4.5
Policy_C_SharedControl,6,97,1,1,0.9949,True,False,False,,5.058,4.5
Policy_C_SharedControl,6,98,0,0,0.5362,True,False,False,,5.183,4.5
Policy_C_SharedControl,6,99,1,0,0.9344,True,False,False,,5.07,4.5
Policy_C_SharedControl,6,100,1,0,0.7147,True,False,False,,5.0,4.5
Policy_C_SharedControl,6,101,1,1,0.6559,True,False,False,,5.39,4.5
Policy_C_SharedControl,6,102,1,1,0.5973,True,False,False,,5.101,4.5
Policy_C_SharedControl,6,103,0,1,0.5534,True,False,False,,5.078,4.5
Policy_C_SharedControl,6,104,0,0,0.948,True,False,False,,5.719,4.5
Policy_C_SharedControl,6,105,0,0,0.7164,True,False,False,,5.3,4.5
Policy_C_SharedControl,6,106,1,1,0.9941,True,False,False,,5.24,4.5
Policy_C_SharedControl,6,107,1,1,0.9284,False,True,False,GRASP_CLOSE,5.178,4.5
Policy_C_SharedControl,6,108,0,1,0.813,True,False,False,,5.035,4.5
Policy_C_SharedControl,6,109,0,0,0.9664,True,False,False,,5.055,4.5
Policy_C_SharedControl,6,110,1,1,0.9134,True,False,False,,5.101,4.5
Policy_C_SharedControl,6,111,1,1,0.9896,False,True,False,GRASP_CLOSE,5.134,4.5
Policy_C_SharedControl,6,112,1,0,0.8027,True,False,False,,5.094,4.5
Policy_C_SharedControl,6,113,0,0,0.8045,True,False,False,,5.085,4.5
Policy_C_SharedControl,6,114,1,1,0.5745,True,False,False,,5.169,4.5
Policy_C_SharedControl,6,115,1,1,0.7793,True,False,False,,5.187,4.5
Policy_C_SharedControl,6,116,0,0,0.9761,True,False,False,,5.115,4.5
Policy_C_SharedControl,6,117,0,1,0.9102,True,False,False,,5.252,4.5
Policy_C_SharedControl,6,118,1,1,0.9897,False,True,False,GRASP_CLOSE,5.105,4.5
Policy_C_SharedControl,6,119,0,1,0.9641,True,False,False,,5.007,4.5
Policy_C_SharedControl,6,120,1,1,0.9383,False,True,False,GRASP_CLOSE,5.352,4.5
Policy_C_SharedControl,6,121,1,1,0.9798,True,False,False,,5.091,4.5
Policy_C_SharedControl,6,122,0,1,0.929,False,False,True,GRASP_CLOSE,5.122,4.5
Policy_C_SharedControl,6,123,0,1,0.953,True,False,False,,5.298,4.5
Policy_C_SharedControl,6,124,1,1,0.8565,False,True,False,GRASP_CLOSE,5.205,4.5
Policy_C_SharedControl,6,125,0,1,0.7016,True,False,False,,5.126,4.5
Policy_C_SharedControl,6,126,0,0,0.6796,True,False,False,,5.07,4.5
Policy_C_SharedControl,6,127,1,1,0.8876,True,False,False,,5.641,4.5
Policy_C_SharedControl,6,128,1,1,0.9159,False,True,False,GRASP_CLOSE,5.071,4.5
Policy_C_SharedControl,6,129,1,1,0.9852,True,False,False,,5.296,4.5
Policy_C_SharedControl,6,130,0,1,0.9485,False,False,True,GRASP_CLOSE,5.589,4.5
Policy_C_SharedControl,6,131,1,1,0.8244,True,False,False,,5.054,4.5
Policy_C_SharedControl,6,132,1,1,0.9054,True,False,False,,5.118,4.5
Policy_C_SharedControl,6,133,1,1,0.9612,False,True,False,GRASP_CLOSE,5.134,4.5
Policy_C_SharedControl,6,134,0,0,0.9284,True,False,False,,5.102,4.5
Policy_C_SharedControl,6,135,1,0,0.5219,True,False,False,,5.194,4.5
Policy_C_SharedControl,6,136,1,1,0.9935,True,False,False,,5.17,4.5
Policy_C_SharedControl,6,137,0,0,0.9174,True,False,False,,5.092,4.5
Policy_C_SharedControl,6,138,0,0,0.5169,True,False,False,,5.025,4.5
Policy_C_SharedControl,6,139,0,0,0.5462,True,False,False,,5.192,4.5
Policy_C_SharedControl,6,140,0,1,0.9373,True,False,False,,5.172,4.5
Policy_C_SharedControl,6,141,0,0,0.7889,True,False,False,,5.121,4.5
Policy_C_SharedControl,6,142,1,1,0.9588,True,False,False,,5.175,4.5
Policy_C_SharedControl,6,143,1,1,0.8664,False,True,False,GRASP_CLOSE,5.191,4.5
Policy_C_SharedControl,6,144,0,1,0.7765,True,False,False,,5.08,4.5
Policy_C_SharedControl,6,145,1,1,0.9176,True,False,False,,5.061,4.5
Policy_C_SharedControl,6,146,1,1,0.9984,False,True,False,GRASP_CLOSE,5.102,4.5
Policy_C_SharedControl,6,147,1,1,0.9877,True,False,False,,5.057,4.5
Policy_C_SharedControl,6,148,0,0,0.8436,True,False,False,,5.058,4.5
Policy_C_SharedControl,6,149,0,1,0.9064,True,False,False,,5.253,4.5
Policy_C_SharedControl,6,150,0,1,0.9259,False,False,True,GRASP_CLOSE,5.076,4.5
Policy_C_SharedControl,6,151,1,1,0.9922,True,False,False,,5.106,4.5
Policy_C_SharedControl,6,152,1,1,0.9779,False,True,False,GRASP_CLOSE,5.228,4.5
Policy_C_SharedControl,6,153,0,0,0.5941,True,False,False,,5.183,4.5
Policy_C_SharedControl,6,154,0,0,0.5503,True,False,False,,5.027,4.5
Policy_C_SharedControl,6,155,1,1,0.9966,True,False,False,,5.13,4.5
Policy_C_SharedControl,6,156,0,0,0.9365,True,False,False,,5.142,4.5
Policy_C_SharedControl,6,157,1,1,0.9978,True,False,False,,5.116,4.5
Policy_C_SharedControl,6,158,0,1,0.9879,False,False,True,GRASP_CLOSE,5.168,4.5
Policy_C_SharedControl,6,159,0,1,0.6598,True,False,False,,6.183,4.5
Policy_C_SharedControl,6,160,1,1,0.9978,True,False,False,,5.188,4.5
Policy_A_Direct,7,1,0,0,0.8319,False,True,False,CLASS_0,153.706,4.5
Policy_A_Direct,7,2,0,0,0.9965,False,True,False,CLASS_0,1.782,4.5
Policy_A_Direct,7,3,1,0,0.8804,False,False,True,CLASS_0,1.746,4.5
Policy_A_Direct,7,4,1,1,0.7636,False,True,False,CLASS_1,1.716,4.5
Policy_A_Direct,7,5,1,1,0.512,False,True,False,CLASS_1,1.669,4.5
Policy_A_Direct,7,6,1,0,0.5203,False,False,True,CLASS_0,1.738,4.5
Policy_A_Direct,7,7,0,0,0.9419,False,True,False,CLASS_0,1.689,4.5
Policy_A_Direct,7,8,1,0,0.9856,False,False,True,CLASS_0,1.718,4.5
Policy_A_Direct,7,9,0,0,0.9876,False,True,False,CLASS_0,1.761,4.5
Policy_A_Direct,7,10,0,0,0.9823,False,True,False,CLASS_0,1.774,4.5
Policy_A_Direct,7,11,1,1,0.7247,False,True,False,CLASS_1,1.77,4.5
Policy_A_Direct,7,12,1,0,0.5581,False,False,True,CLASS_0,1.748,4.5
Policy_A_Direct,7,13,1,1,0.8112,False,True,False,CLASS_1,1.728,4.5
Policy_A_Direct,7,14,0,0,0.9807,False,True,False,CLASS_0,1.667,4.5
Policy_A_Direct,7,15,1,1,0.5878,False,True,False,CLASS_1,1.786,4.5
Policy_A_Direct,7,16,1,1,0.9789,False,True,False,CLASS_1,1.751,4.5
Policy_A_Direct,7,17,1,1,0.8157,False,True,False,CLASS_1,1.693,4.5
Policy_A_Direct,7,18,0,0,0.9241,False,True,False,CLASS_0,1.737,4.5
Policy_A_Direct,7,19,1,0,0.979,False,False,True,CLASS_0,1.748,4.5
Policy_A_Direct,7,20,0,0,0.9523,False,True,False,CLASS_0,1.682,4.5
Policy_A_Direct,7,21,0,0,0.9996,False,True,False,CLASS_0,1.7,4.5
Policy_A_Direct,7,22,0,1,0.7303,False,False,True,CLASS_1,1.728,4.5
Policy_A_Direct,7,23,1,0,0.8082,False,False,True,CLASS_0,1.683,4.5
Policy_A_Direct,7,24,1,1,0.8869,False,True,False,CLASS_1,1.689,4.5
Policy_A_Direct,7,25,0,0,0.9968,False,True,False,CLASS_0,1.705,4.5
Policy_A_Direct,7,26,0,0,0.9707,False,True,False,CLASS_0,1.649,4.5
Policy_A_Direct,7,27,0,0,0.9911,False,True,False,CLASS_0,1.653,4.5
Policy_A_Direct,7,28,0,0,0.9728,False,True,False,CLASS_0,1.675,4.5
Policy_A_Direct,7,29,0,0,0.9417,False,True,False,CLASS_0,1.657,4.5
Policy_A_Direct,7,30,0,0,0.9505,False,True,False,CLASS_0,1.633,4.5
Policy_A_Direct,7,31,1,1,0.9543,False,True,False,CLASS_1,1.655,4.5
Policy_A_Direct,7,32,1,1,0.9581,False,True,False,CLASS_1,1.665,4.5
Policy_A_Direct,7,33,1,1,0.6028,False,True,False,CLASS_1,1.679,4.5
Policy_A_Direct,7,34,1,0,0.5595,False,False,True,CLASS_0,1.637,4.5
Policy_A_Direct,7,35,0,0,0.998,False,True,False,CLASS_0,1.671,4.5
Policy_A_Direct,7,36,0,0,0.9978,False,True,False,CLASS_0,1.645,4.5
Policy_A_Direct,7,37,0,1,0.7548,False,False,True,CLASS_1,1.72,4.5
Policy_A_Direct,7,38,1,1,0.7151,False,True,False,CLASS_1,1.761,4.5
Policy_A_Direct,7,39,1,0,0.9139,False,False,True,CLASS_0,1.732,4.5
Policy_A_Direct,7,40,0,0,0.9718,False,True,False,CLASS_0,1.741,4.5
Policy_A_Direct,7,41,0,0,0.9853,False,True,False,CLASS_0,1.762,4.5
Policy_A_Direct,7,42,1,0,0.8277,False,False,True,CLASS_0,1.68,4.5
Policy_A_Direct,7,43,1,1,0.6626,False,True,False,CLASS_1,1.759,4.5
Policy_A_Direct,7,44,1,1,0.5393,False,True,False,CLASS_1,1.675,4.5
Policy_A_Direct,7,45,0,0,0.8078,False,True,False,CLASS_0,1.745,4.5
Policy_A_Direct,7,46,0,1,0.7449,False,False,True,CLASS_1,1.673,4.5
Policy_A_Direct,7,47,1,1,0.663,False,True,False,CLASS_1,1.737,4.5
Policy_A_Direct,7,48,0,0,0.9303,False,True,False,CLASS_0,1.664,4.5
Policy_A_Direct,7,49,1,0,0.5117,False,False,True,CLASS_0,1.751,4.5
Policy_A_Direct,7,50,1,0,0.8149,False,False,True,CLASS_0,1.731,4.5
Policy_A_Direct,7,51,1,1,0.9941,False,True,False,CLASS_1,1.765,4.5
Policy_A_Direct,7,52,1,0,0.8523,False,False,True,CLASS_0,1.743,4.5
Policy_A_Direct,7,53,1,1,0.6525,False,True,False,CLASS_1,1.703,4.5
Policy_A_Direct,7,54,0,0,0.9192,False,True,False,CLASS_0,1.771,4.5
Policy_A_Direct,7,55,1,0,0.6881,False,False,True,CLASS_0,1.74,4.5
Policy_A_Direct,7,56,0,0,0.9747,False,True,False,CLASS_0,1.815,4.5
Policy_A_Direct,7,57,1,0,0.9207,False,False,True,CLASS_0,1.772,4.5
Policy_A_Direct,7,58,0,0,0.861,False,True,False,CLASS_0,1.801,4.5
Policy_A_Direct,7,59,0,0,0.9816,False,True,False,CLASS_0,1.864,4.5
Policy_A_Direct,7,60,0,0,0.9632,False,True,False,CLASS_0,1.796,4.5
Policy_A_Direct,7,61,0,1,0.7725,False,False,True,CLASS_1,1.791,4.5
Policy_A_Direct,7,62,1,1,0.6195,False,True,False,CLASS_1,1.77,4.5
Policy_A_Direct,7,63,0,0,0.9758,False,True,False,CLASS_0,1.826,4.5
Policy_A_Direct,7,64,0,0,0.6993,False,True,False,CLASS_0,1.793,4.5
Policy_A_Direct,7,65,0,0,0.9857,False,True,False,CLASS_0,1.78,4.5
Policy_A_Direct,7,66,1,0,0.8368,False,False,True,CLASS_0,1.837,4.5
Policy_A_Direct,7,67,0,0,0.9505,False,True,False,CLASS_0,1.871,4.5
Policy_A_Direct,7,68,1,0,0.7123,False,False,True,CLASS_0,1.868,4.5
Policy_A_Direct,7,69,0,0,0.9649,False,True,False,CLASS_0,1.835,4.5
Policy_A_Direct,7,70,1,1,0.5134,False,True,False,CLASS_1,1.862,4.5
Policy_A_Direct,7,71,1,1,0.7689,False,True,False,CLASS_1,1.86,4.5
Policy_A_Direct,7,72,1,1,0.509,False,True,False,CLASS_1,1.818,4.5
Policy_A_Direct,7,73,0,0,0.9485,False,True,False,CLASS_0,1.808,4.5
Policy_A_Direct,7,74,1,1,0.7526,False,True,False,CLASS_1,1.837,4.5
Policy_A_Direct,7,75,0,0,0.6253,False,True,False,CLASS_0,1.936,4.5
Policy_A_Direct,7,76,0,0,0.9418,False,True,False,CLASS_0,1.91,4.5
Policy_A_Direct,7,77,1,1,0.9082,False,True,False,CLASS_1,1.86,4.5
Policy_A_Direct,7,78,0,0,0.9408,False,True,False,CLASS_0,1.896,4.5
Policy_A_Direct,7,79,0,1,0.7187,False,False,True,CLASS_1,1.931,4.5
Policy_A_Direct,7,80,1,1,0.5674,False,True,False,CLASS_1,1.911,4.5
Policy_A_Direct,7,81,1,0,0.5806,False,False,True,CLASS_0,1.901,4.5
Policy_A_Direct,7,82,0,0,0.9707,False,True,False,CLASS_0,1.901,4.5
Policy_A_Direct,7,83,1,0,0.8789,False,False,True,CLASS_0,1.993,4.5
Policy_A_Direct,7,84,1,0,0.5645,False,False,True,CLASS_0,2.018,4.5
Policy_A_Direct,7,85,1,1,0.7138,False,True,False,CLASS_1,2.005,4.5
Policy_A_Direct,7,86,0,0,0.9359,False,True,False,CLASS_0,2.011,4.5
Policy_A_Direct,7,87,0,0,0.9597,False,True,False,CLASS_0,1.971,4.5
Policy_A_Direct,7,88,0,0,0.9221,False,True,False,CLASS_0,2.034,4.5
Policy_A_Direct,7,89,1,0,0.9731,False,False,True,CLASS_0,2.001,4.5
Policy_A_Direct,7,90,0,1,0.8061,False,False,True,CLASS_1,2.142,4.5
Policy_A_Direct,7,91,0,0,0.8917,False,True,False,CLASS_0,2.227,4.5
Policy_A_Direct,7,92,1,1,0.5272,False,True,False,CLASS_1,2.177,4.5
Policy_A_Direct,7,93,1,0,0.5249,False,False,True,CLASS_0,2.198,4.5
Policy_A_Direct,7,94,1,0,0.6403,False,False,True,CLASS_0,2.133,4.5
Policy_A_Direct,7,95,0,0,0.9569,False,True,False,CLASS_0,2.148,4.5
Policy_A_Direct,7,96,0,0,0.8354,False,True,False,CLASS_0,2.131,4.5
Policy_A_Direct,7,97,1,1,0.5899,False,True,False,CLASS_1,2.143,4.5
Policy_A_Direct,7,98,1,0,0.8603,False,False,True,CLASS_0,2.255,4.5
Policy_A_Direct,7,99,0,0,0.9801,False,True,False,CLASS_0,2.313,4.5
Policy_A_Direct,7,100,1,1,0.9352,False,True,False,CLASS_1,2.308,4.5
Policy_A_Direct,7,101,1,1,0.7872,False,True,False,CLASS_1,2.279,4.5
Policy_A_Direct,7,102,1,0,0.821,False,False,True,CLASS_0,2.271,4.5
Policy_A_Direct,7,103,1,0,0.8367,False,False,True,CLASS_0,2.461,4.5
Policy_A_Direct,7,104,0,0,0.8682,False,True,False,CLASS_0,2.73,4.5
Policy_A_Direct,7,105,0,0,0.5906,False,True,False,CLASS_0,3.795,4.5
Policy_A_Direct,7,106,0,0,0.9607,False,True,False,CLASS_0,3.034,4.5
Policy_A_Direct,7,107,0,1,0.752,False,False,True,CLASS_1,2.958,4.5
Policy_A_Direct,7,108,0,0,0.9936,False,True,False,CLASS_0,3.03,4.5
Policy_A_Direct,7,109,0,0,0.7191,False,True,False,CLASS_0,2.831,4.5
Policy_A_Direct,7,110,0,1,0.7152,False,False,True,CLASS_1,2.808,4.5
Policy_A_Direct,7,111,1,1,0.9293,False,True,False,CLASS_1,2.644,4.5
Policy_A_Direct,7,112,1,0,0.8385,False,False,True,CLASS_0,2.715,4.5
Policy_A_Direct,7,113,1,1,0.6174,False,True,False,CLASS_1,2.541,4.5
Policy_A_Direct,7,114,1,0,0.9183,False,False,True,CLASS_0,2.498,4.5
Policy_A_Direct,7,115,0,0,0.8065,False,True,False,CLASS_0,2.568,4.5
Policy_A_Direct,7,116,0,0,0.8556,False,True,False,CLASS_0,2.493,4.5
Policy_A_Direct,7,117,0,0,0.9001,False,True,False,CLASS_0,2.466,4.5
Policy_A_Direct,7,118,0,1,0.8158,False,False,True,CLASS_1,2.368,4.5
Policy_A_Direct,7,119,1,0,0.8398,False,False,True,CLASS_0,2.445,4.5
Policy_A_Direct,7,120,1,1,0.8072,False,True,False,CLASS_1,2.373,4.5
Policy_A_Direct,7,121,1,0,0.9517,False,False,True,CLASS_0,2.384,4.5
Policy_A_Direct,7,122,0,0,0.9957,False,True,False,CLASS_0,2.356,4.5
Policy_A_Direct,7,123,0,0,0.9635,False,True,False,CLASS_0,2.329,4.5
Policy_A_Direct,7,124,0,0,0.7486,False,True,False,CLASS_0,2.45,4.5
Policy_A_Direct,7,125,1,1,0.8316,False,True,False,CLASS_1,2.363,4.5
Policy_A_Direct,7,126,1,0,0.986,False,False,True,CLASS_0,2.359,4.5
Policy_A_Direct,7,127,1,1,0.6459,False,True,False,CLASS_1,2.391,4.5
Policy_A_Direct,7,128,1,0,0.8095,False,False,True,CLASS_0,2.398,4.5
Policy_A_Direct,7,129,0,0,0.962,False,True,False,CLASS_0,2.405,4.5
Policy_A_Direct,7,130,1,1,0.9279,False,True,False,CLASS_1,2.35,4.5
Policy_A_Direct,7,131,0,0,0.9387,False,True,False,CLASS_0,2.385,4.5
Policy_A_Direct,7,132,1,1,0.9581,False,True,False,CLASS_1,2.354,4.5
Policy_A_Direct,7,133,1,0,0.6432,False,False,True,CLASS_0,2.364,4.5
Policy_A_Direct,7,134,0,0,0.7492,False,True,False,CLASS_0,2.342,4.5
Policy_A_Direct,7,135,1,0,0.9261,False,False,True,CLASS_0,2.368,4.5
Policy_A_Direct,7,136,0,0,0.9875,False,True,False,CLASS_0,2.362,4.5
Policy_A_Direct,7,137,1,0,0.7582,False,False,True,CLASS_0,2.358,4.5
Policy_A_Direct,7,138,0,0,0.861,False,True,False,CLASS_0,2.372,4.5
Policy_A_Direct,7,139,1,0,0.6509,False,False,True,CLASS_0,2.385,4.5
Policy_A_Direct,7,140,0,0,0.8992,False,True,False,CLASS_0,2.383,4.5
Policy_A_Direct,7,141,1,0,0.9224,False,False,True,CLASS_0,2.334,4.5
Policy_A_Direct,7,142,0,0,0.9894,False,True,False,CLASS_0,2.383,4.5
Policy_A_Direct,7,143,1,0,0.6282,False,False,True,CLASS_0,2.425,4.5
Policy_A_Direct,7,144,1,1,0.6706,False,True,False,CLASS_1,2.404,4.5
Policy_A_Direct,7,145,0,0,0.961,False,True,False,CLASS_0,2.408,4.5
Policy_A_Direct,7,146,0,0,0.9483,False,True,False,CLASS_0,2.389,4.5
Policy_A_Direct,7,147,1,0,0.7214,False,False,True,CLASS_0,2.432,4.5
Policy_A_Direct,7,148,0,0,0.9949,False,True,False,CLASS_0,2.498,4.5
Policy_A_Direct,7,149,0,0,0.9184,False,True,False,CLASS_0,2.449,4.5
Policy_A_Direct,7,150,1,1,0.8062,False,True,False,CLASS_1,2.381,4.5
Policy_A_Direct,7,151,1,1,0.7752,False,True,False,CLASS_1,2.361,4.5
Policy_A_Direct,7,152,0,0,0.6911,False,True,False,CLASS_0,2.357,4.5
Policy_A_Direct,7,153,1,0,0.8309,False,False,True,CLASS_0,2.367,4.5
Policy_A_Direct,7,154,0,0,0.9557,False,True,False,CLASS_0,2.365,4.5
Policy_A_Direct,7,155,0,1,0.907,False,False,True,CLASS_1,2.399,4.5
Policy_A_Direct,7,156,1,1,0.8907,False,True,False,CLASS_1,2.346,4.5
Policy_A_Direct,7,157,0,0,0.7292,False,True,False,CLASS_0,2.361,4.5
Policy_A_Direct,7,158,0,0,0.8485,False,True,False,CLASS_0,2.337,4.5
Policy_A_Direct,7,159,1,0,0.6372,False,False,True,CLASS_0,2.35,4.5
Policy_A_Direct,7,160,0,0,0.5703,False,True,False,CLASS_0,2.394,4.5
Policy_B_ConfidenceGated,7,1,0,0,0.8319,True,False,False,ABSTAIN,2.696,4.5
Policy_B_ConfidenceGated,7,2,0,0,0.9965,False,True,False,CLASS_0,2.097,4.5
Policy_B_ConfidenceGated,7,3,1,0,0.8804,True,False,False,ABSTAIN,2.13,4.5
Policy_B_ConfidenceGated,7,4,1,1,0.7636,True,False,False,ABSTAIN,2.097,4.5
Policy_B_ConfidenceGated,7,5,1,1,0.512,True,False,False,ABSTAIN,2.117,4.5
Policy_B_ConfidenceGated,7,6,1,0,0.5203,True,False,False,ABSTAIN,2.11,4.5
Policy_B_ConfidenceGated,7,7,0,0,0.9419,True,False,False,ABSTAIN,2.101,4.5
Policy_B_ConfidenceGated,7,8,1,0,0.9856,False,False,True,CLASS_0,2.079,4.5
Policy_B_ConfidenceGated,7,9,0,0,0.9876,True,False,False,ABSTAIN,2.104,4.5
Policy_B_ConfidenceGated,7,10,0,0,0.9823,False,True,False,CLASS_0,2.082,4.5
Policy_B_ConfidenceGated,7,11,1,1,0.7247,True,False,False,ABSTAIN,2.095,4.5
Policy_B_ConfidenceGated,7,12,1,0,0.5581,True,False,False,ABSTAIN,2.121,4.5
Policy_B_ConfidenceGated,7,13,1,1,0.8112,True,False,False,ABSTAIN,2.129,4.5
Policy_B_ConfidenceGated,7,14,0,0,0.9807,True,False,False,ABSTAIN,2.091,4.5
Policy_B_ConfidenceGated,7,15,1,1,0.5878,True,False,False,ABSTAIN,2.103,4.5
Policy_B_ConfidenceGated,7,16,1,1,0.9789,True,False,False,ABSTAIN,2.089,4.5
Policy_B_ConfidenceGated,7,17,1,1,0.8157,True,False,False,ABSTAIN,2.201,4.5
Policy_B_ConfidenceGated,7,18,0,0,0.9241,True,False,False,ABSTAIN,2.181,4.5
Policy_B_ConfidenceGated,7,19,1,0,0.979,False,False,True,CLASS_0,2.271,4.5
Policy_B_ConfidenceGated,7,20,0,0,0.9523,True,False,False,ABSTAIN,2.245,4.5
Policy_B_ConfidenceGated,7,21,0,0,0.9996,False,True,False,CLASS_0,2.275,4.5
Policy_B_ConfidenceGated,7,22,0,1,0.7303,True,False,False,ABSTAIN,2.237,4.5
Policy_B_ConfidenceGated,7,23,1,0,0.8082,True,False,False,ABSTAIN,2.242,4.5
Policy_B_ConfidenceGated,7,24,1,1,0.8869,True,False,False,ABSTAIN,2.197,4.5
Policy_B_ConfidenceGated,7,25,0,0,0.9968,True,False,False,ABSTAIN,2.119,4.5
Policy_B_ConfidenceGated,7,26,0,0,0.9707,False,True,False,CLASS_0,2.178,4.5
Policy_B_ConfidenceGated,7,27,0,0,0.9911,True,False,False,ABSTAIN,2.225,4.5
Policy_B_ConfidenceGated,7,28,0,0,0.9728,False,True,False,CLASS_0,2.267,4.5
Policy_B_ConfidenceGated,7,29,0,0,0.9417,True,False,False,ABSTAIN,2.24,4.5
Policy_B_ConfidenceGated,7,30,0,0,0.9505,False,True,False,CLASS_0,2.188,4.5
Policy_B_ConfidenceGated,7,31,1,1,0.9543,True,False,False,ABSTAIN,2.228,4.5
Policy_B_ConfidenceGated,7,32,1,1,0.9581,False,True,False,CLASS_1,2.213,4.5
Policy_B_ConfidenceGated,7,33,1,1,0.6028,True,False,False,ABSTAIN,2.16,4.5
Policy_B_ConfidenceGated,7,34,1,0,0.5595,True,False,False,ABSTAIN,2.201,4.5
Policy_B_ConfidenceGated,7,35,0,0,0.998,True,False,False,ABSTAIN,2.193,4.5
Policy_B_ConfidenceGated,7,36,0,0,0.9978,False,True,False,CLASS_0,2.292,4.5
Policy_B_ConfidenceGated,7,37,0,1,0.7548,True,False,False,ABSTAIN,2.21,4.5
Policy_B_ConfidenceGated,7,38,1,1,0.7151,True,False,False,ABSTAIN,2.211,4.5
Policy_B_ConfidenceGated,7,39,1,0,0.9139,True,False,False,ABSTAIN,2.199,4.5
Policy_B_ConfidenceGated,7,40,0,0,0.9718,False,True,False,CLASS_0,2.224,4.5
Policy_B_ConfidenceGated,7,41,0,0,0.9853,True,False,False,ABSTAIN,2.174,4.5
Policy_B_ConfidenceGated,7,42,1,0,0.8277,True,False,False,ABSTAIN,2.181,4.5
Policy_B_ConfidenceGated,7,43,1,1,0.6626,True,False,False,ABSTAIN,2.167,4.5
Policy_B_ConfidenceGated,7,44,1,1,0.5393,True,False,False,ABSTAIN,2.183,4.5
Policy_B_ConfidenceGated,7,45,0,0,0.8078,True,False,False,ABSTAIN,2.184,4.5
Policy_B_ConfidenceGated,7,46,0,1,0.7449,True,False,False,ABSTAIN,2.21,4.5
Policy_B_ConfidenceGated,7,47,1,1,0.663,True,False,False,ABSTAIN,2.182,4.5
Policy_B_ConfidenceGated,7,48,0,0,0.9303,True,False,False,ABSTAIN,2.165,4.5
Policy_B_ConfidenceGated,7,49,1,0,0.5117,True,False,False,ABSTAIN,2.209,4.5
Policy_B_ConfidenceGated,7,50,1,0,0.8149,True,False,False,ABSTAIN,2.208,4.5
Policy_B_ConfidenceGated,7,51,1,1,0.9941,True,False,False,ABSTAIN,2.202,4.5
Policy_B_ConfidenceGated,7,52,1,0,0.8523,True,False,False,ABSTAIN,2.176,4.5
Policy_B_ConfidenceGated,7,53,1,1,0.6525,True,False,False,ABSTAIN,2.237,4.5
Policy_B_ConfidenceGated,7,54,0,0,0.9192,True,False,False,ABSTAIN,2.238,4.5
Policy_B_ConfidenceGated,7,55,1,0,0.6881,True,False,False,ABSTAIN,2.212,4.5
Policy_B_ConfidenceGated,7,56,0,0,0.9747,True,False,False,ABSTAIN,2.252,4.5
Policy_B_ConfidenceGated,7,57,1,0,0.9207,False,False,True,CLASS_0,2.243,4.5
Policy_B_ConfidenceGated,7,58,0,0,0.861,True,False,False,ABSTAIN,2.562,4.5
Policy_B_ConfidenceGated,7,59,0,0,0.9816,False,True,False,CLASS_0,2.378,4.5
Policy_B_ConfidenceGated,7,60,0,0,0.9632,True,False,False,ABSTAIN,2.48,4.5
Policy_B_ConfidenceGated,7,61,0,1,0.7725,True,False,False,ABSTAIN,2.435,4.5
Policy_B_ConfidenceGated,7,62,1,1,0.6195,True,False,False,ABSTAIN,2.45,4.5
Policy_B_ConfidenceGated,7,63,0,0,0.9758,True,False,False,ABSTAIN,2.413,4.5
Policy_B_ConfidenceGated,7,64,0,0,0.6993,True,False,False,ABSTAIN,2.441,4.5
Policy_B_ConfidenceGated,7,65,0,0,0.9857,True,False,False,ABSTAIN,2.38,4.5
Policy_B_ConfidenceGated,7,66,1,0,0.8368,False,False,True,CLASS_0,2.37,4.5
Policy_B_ConfidenceGated,7,67,0,0,0.9505,True,False,False,ABSTAIN,2.371,4.5
Policy_B_ConfidenceGated,7,68,1,0,0.7123,True,False,False,ABSTAIN,2.416,4.5
Policy_B_ConfidenceGated,7,69,0,0,0.9649,True,False,False,ABSTAIN,2.19,4.5
Policy_B_ConfidenceGated,7,70,1,1,0.5134,True,False,False,ABSTAIN,2.205,4.5
Policy_B_ConfidenceGated,7,71,1,1,0.7689,True,False,False,ABSTAIN,2.236,4.5
Policy_B_ConfidenceGated,7,72,1,1,0.509,True,False,False,ABSTAIN,2.223,4.5
Policy_B_ConfidenceGated,7,73,0,0,0.9485,True,False,False,ABSTAIN,2.387,4.5
Policy_B_ConfidenceGated,7,74,1,1,0.7526,True,False,False,ABSTAIN,2.351,4.5
Policy_B_ConfidenceGated,7,75,0,0,0.6253,True,False,False,ABSTAIN,2.355,4.5
Policy_B_ConfidenceGated,7,76,0,0,0.9418,True,False,False,ABSTAIN,2.37,4.5
Policy_B_ConfidenceGated,7,77,1,1,0.9082,True,False,False,ABSTAIN,2.367,4.5
Policy_B_ConfidenceGated,7,78,0,0,0.9408,True,False,False,ABSTAIN,2.458,4.5
Policy_B_ConfidenceGated,7,79,0,1,0.7187,True,False,False,ABSTAIN,2.47,4.5
Policy_B_ConfidenceGated,7,80,1,1,0.5674,True,False,False,ABSTAIN,2.225,4.5
Policy_B_ConfidenceGated,7,81,1,0,0.5806,True,False,False,ABSTAIN,2.207,4.5
Policy_B_ConfidenceGated,7,82,0,0,0.9707,True,False,False,ABSTAIN,2.199,4.5
Policy_B_ConfidenceGated,7,83,1,0,0.8789,False,False,True,CLASS_0,2.203,4.5
Policy_B_ConfidenceGated,7,84,1,0,0.5645,True,False,False,ABSTAIN,2.163,4.5
Policy_B_ConfidenceGated,7,85,1,1,0.7138,True,False,False,ABSTAIN,2.368,4.5
Policy_B_ConfidenceGated,7,86,0,0,0.9359,True,False,False,ABSTAIN,2.38,4.5
Policy_B_ConfidenceGated,7,87,0,0,0.9597,False,True,False,CLASS_0,2.368,4.5
Policy_B_ConfidenceGated,7,88,0,0,0.9221,True,False,False,ABSTAIN,2.386,4.5
Policy_B_ConfidenceGated,7,89,1,0,0.9731,False,False,True,CLASS_0,2.425,4.5
Policy_B_ConfidenceGated,7,90,0,1,0.8061,True,False,False,ABSTAIN,2.416,4.5
Policy_B_ConfidenceGated,7,91,0,0,0.8917,True,False,False,ABSTAIN,2.223,4.5
Policy_B_ConfidenceGated,7,92,1,1,0.5272,True,False,False,ABSTAIN,2.201,4.5
Policy_B_ConfidenceGated,7,93,1,0,0.5249,True,False,False,ABSTAIN,2.187,4.5
Policy_B_ConfidenceGated,7,94,1,0,0.6403,True,False,False,ABSTAIN,2.194,4.5
Policy_B_ConfidenceGated,7,95,0,0,0.9569,True,False,False,ABSTAIN,2.227,4.5
Policy_B_ConfidenceGated,7,96,0,0,0.8354,False,True,False,CLASS_0,2.305,4.5
Policy_B_ConfidenceGated,7,97,1,1,0.5899,True,False,False,ABSTAIN,2.225,4.5
Policy_B_ConfidenceGated,7,98,1,0,0.8603,True,False,False,ABSTAIN,2.327,4.5
Policy_B_ConfidenceGated,7,99,0,0,0.9801,False,True,False,CLASS_0,2.258,4.5
Policy_B_ConfidenceGated,7,100,1,1,0.9352,True,False,False,ABSTAIN,2.602,4.5
Policy_B_ConfidenceGated,7,101,1,1,0.7872,True,False,False,ABSTAIN,2.372,4.5
Policy_B_ConfidenceGated,7,102,1,0,0.821,True,False,False,ABSTAIN,2.554,4.5
Policy_B_ConfidenceGated,7,103,1,0,0.8367,True,False,False,ABSTAIN,2.228,4.5
Policy_B_ConfidenceGated,7,104,0,0,0.8682,False,True,False,CLASS_0,2.244,4.5
Policy_B_ConfidenceGated,7,105,0,0,0.5906,True,False,False,ABSTAIN,2.215,4.5
Policy_B_ConfidenceGated,7,106,0,0,0.9607,True,False,False,ABSTAIN,2.313,4.5
Policy_B_ConfidenceGated,7,107,0,1,0.752,True,False,False,ABSTAIN,2.209,4.5
Policy_B_ConfidenceGated,7,108,0,0,0.9936,True,False,False,ABSTAIN,2.246,4.5
Policy_B_ConfidenceGated,7,109,0,0,0.7191,True,False,False,ABSTAIN,2.236,4.5
Policy_B_ConfidenceGated,7,110,0,1,0.7152,True,False,False,ABSTAIN,2.26,4.5
Policy_B_ConfidenceGated,7,111,1,1,0.9293,True,False,False,ABSTAIN,2.203,4.5
Policy_B_ConfidenceGated,7,112,1,0,0.8385,True,False,False,ABSTAIN,2.178,4.5
Policy_B_ConfidenceGated,7,113,1,1,0.6174,True,False,False,ABSTAIN,2.227,4.5
Policy_B_ConfidenceGated,7,114,1,0,0.9183,True,False,False,ABSTAIN,2.319,4.5
Policy_B_ConfidenceGated,7,115,0,0,0.8065,True,False,False,ABSTAIN,2.423,4.5
Policy_B_ConfidenceGated,7,116,0,0,0.8556,True,False,False,ABSTAIN,2.382,4.5
Policy_B_ConfidenceGated,7,117,0,0,0.9001,False,True,False,CLASS_0,2.354,4.5
Policy_B_ConfidenceGated,7,118,0,1,0.8158,True,False,False,ABSTAIN,2.391,4.5
Policy_B_ConfidenceGated,7,119,1,0,0.8398,True,False,False,ABSTAIN,2.354,4.5
Policy_B_ConfidenceGated,7,120,1,1,0.8072,True,False,False,ABSTAIN,2.336,4.5
Policy_B_ConfidenceGated,7,121,1,0,0.9517,True,False,False,ABSTAIN,2.424,4.5
Policy_B_ConfidenceGated,7,122,0,0,0.9957,False,True,False,CLASS_0,2.263,4.5
Policy_B_ConfidenceGated,7,123,0,0,0.9635,True,False,False,ABSTAIN,2.209,4.5
Policy_B_ConfidenceGated,7,124,0,0,0.7486,True,False,False,ABSTAIN,2.234,4.5
Policy_B_ConfidenceGated,7,125,1,1,0.8316,True,False,False,ABSTAIN,2.191,4.5
Policy_B_ConfidenceGated,7,126,1,0,0.986,True,False,False,ABSTAIN,2.192,4.5
Policy_B_ConfidenceGated,7,127,1,1,0.6459,True,False,False,ABSTAIN,2.257,4.5
Policy_B_ConfidenceGated,7,128,1,0,0.8095,True,False,False,ABSTAIN,2.353,4.5
Policy_B_ConfidenceGated,7,129,0,0,0.962,True,False,False,ABSTAIN,2.222,4.5
Policy_B_ConfidenceGated,7,130,1,1,0.9279,True,False,False,ABSTAIN,2.197,4.5
Policy_B_ConfidenceGated,7,131,0,0,0.9387,True,False,False,ABSTAIN,2.239,4.5
Policy_B_ConfidenceGated,7,132,1,1,0.9581,True,False,False,ABSTAIN,2.212,4.5
Policy_B_ConfidenceGated,7,133,1,0,0.6432,True,False,False,ABSTAIN,2.296,4.5
Policy_B_ConfidenceGated,7,134,0,0,0.7492,True,False,False,ABSTAIN,2.228,4.5
Policy_B_ConfidenceGated,7,135,1,0,0.9261,True,False,False,ABSTAIN,2.24,4.5
Policy_B_ConfidenceGated,7,136,0,0,0.9875,False,True,False,CLASS_0,2.261,4.5
Policy_B_ConfidenceGated,7,137,1,0,0.7582,True,False,False,ABSTAIN,2.205,4.5
Policy_B_ConfidenceGated,7,138,0,0,0.861,True,False,False,ABSTAIN,2.179,4.5
Policy_B_ConfidenceGated,7,139,1,0,0.6509,True,False,False,ABSTAIN,2.212,4.5
Policy_B_ConfidenceGated,7,140,0,0,0.8992,True,False,False,ABSTAIN,2.208,4.5
Policy_B_ConfidenceGated,7,141,1,0,0.9224,False,False,True,CLASS_0,2.339,4.5
Policy_B_ConfidenceGated,7,142,0,0,0.9894,True,False,False,ABSTAIN,2.313,4.5
Policy_B_ConfidenceGated,7,143,1,0,0.6282,True,False,False,ABSTAIN,2.386,4.5
Policy_B_ConfidenceGated,7,144,1,1,0.6706,True,False,False,ABSTAIN,2.389,4.5
Policy_B_ConfidenceGated,7,145,0,0,0.961,True,False,False,ABSTAIN,2.365,4.5
Policy_B_ConfidenceGated,7,146,0,0,0.9483,False,True,False,CLASS_0,2.338,4.5
Policy_B_ConfidenceGated,7,147,1,0,0.7214,True,False,False,ABSTAIN,2.378,4.5
Policy_B_ConfidenceGated,7,148,0,0,0.9949,True,False,False,ABSTAIN,2.36,4.5
Policy_B_ConfidenceGated,7,149,0,0,0.9184,False,True,False,CLASS_0,2.338,4.5
Policy_B_ConfidenceGated,7,150,1,1,0.8062,True,False,False,ABSTAIN,2.371,4.5
Policy_B_ConfidenceGated,7,151,1,1,0.7752,True,False,False,ABSTAIN,2.366,4.5
Policy_B_ConfidenceGated,7,152,0,0,0.6911,True,False,False,ABSTAIN,2.423,4.5
Policy_B_ConfidenceGated,7,153,1,0,0.8309,True,False,False,ABSTAIN,2.37,4.5
Policy_B_ConfidenceGated,7,154,0,0,0.9557,False,True,False,CLASS_0,2.485,4.5
Policy_B_ConfidenceGated,7,155,0,1,0.907,True,False,False,ABSTAIN,2.45,4.5
Policy_B_ConfidenceGated,7,156,1,1,0.8907,False,True,False,CLASS_1,2.328,4.5
Policy_B_ConfidenceGated,7,157,0,0,0.7292,True,False,False,ABSTAIN,2.369,4.5
Policy_B_ConfidenceGated,7,158,0,0,0.8485,True,False,False,ABSTAIN,2.408,4.5
Policy_B_ConfidenceGated,7,159,1,0,0.6372,True,False,False,ABSTAIN,2.521,4.5
Policy_B_ConfidenceGated,7,160,0,0,0.5703,True,False,False,ABSTAIN,2.44,4.5
Policy_C_SharedControl,7,1,0,0,0.8319,True,False,False,,2.653,4.5
Policy_C_SharedControl,7,2,0,0,0.9965,False,True,False,SELECT_LEFT,2.202,4.5
Policy_C_SharedControl,7,3,1,0,0.8804,True,False,False,,2.228,4.5
Policy_C_SharedControl,7,4,1,1,0.7636,True,False,False,,2.188,4.5
Policy_C_SharedControl,7,5,1,1,0.512,True,False,False,,2.218,4.5
Policy_C_SharedControl,7,6,1,0,0.5203,True,False,False,,2.222,4.5
Policy_C_SharedControl,7,7,0,0,0.9419,True,False,False,,2.272,4.5
Policy_C_SharedControl,7,8,1,0,0.9856,False,False,True,REACH_FORWARD,2.295,4.5
Policy_C_SharedControl,7,9,0,0,0.9876,True,False,False,,2.332,4.5
Policy_C_SharedControl,7,10,0,0,0.9823,False,True,False,GRASP_OPEN,2.289,4.5
Policy_C_SharedControl,7,11,1,1,0.7247,True,False,False,,2.579,4.5
Policy_C_SharedControl,7,12,1,0,0.5581,True,False,False,,2.644,4.5
Policy_C_SharedControl,7,13,1,1,0.8112,True,False,False,,2.791,4.5
Policy_C_SharedControl,7,14,0,0,0.9807,True,False,False,,3.861,4.5
Policy_C_SharedControl,7,15,1,1,0.5878,True,False,False,,2.696,4.5
Policy_C_SharedControl,7,16,1,1,0.9789,True,False,False,,2.544,4.5
Policy_C_SharedControl,7,17,1,1,0.8157,True,False,False,,2.336,4.5
Policy_C_SharedControl,7,18,0,0,0.9241,True,False,False,,2.648,4.5
Policy_C_SharedControl,7,19,1,0,0.979,False,False,True,GRASP_OPEN,2.746,4.5
Policy_C_SharedControl,7,20,0,0,0.9523,True,False,False,,3.135,4.5
Policy_C_SharedControl,7,21,0,0,0.9996,False,True,False,GRASP_OPEN,2.87,4.5
Policy_C_SharedControl,7,22,0,1,0.7303,True,False,False,,2.666,4.5
Policy_C_SharedControl,7,23,1,0,0.8082,True,False,False,,3.153,4.5
Policy_C_SharedControl,7,24,1,1,0.8869,True,False,False,,3.957,4.5
Policy_C_SharedControl,7,25,0,0,0.9968,True,False,False,,3.178,4.5
Policy_C_SharedControl,7,26,0,0,0.9707,False,True,False,GRASP_OPEN,3.017,4.5
Policy_C_SharedControl,7,27,0,0,0.9911,True,False,False,,2.955,4.5
Policy_C_SharedControl,7,28,0,0,0.9728,False,True,False,GRASP_OPEN,2.972,4.5
Policy_C_SharedControl,7,29,0,0,0.9417,True,False,False,,3.011,4.5
Policy_C_SharedControl,7,30,0,0,0.9505,False,True,False,GRASP_OPEN,2.846,4.5
Policy_C_SharedControl,7,31,1,1,0.9543,True,False,False,,3.627,4.5
Policy_C_SharedControl,7,32,1,1,0.9581,False,True,False,GRASP_CLOSE,3.496,4.5
Policy_C_SharedControl,7,33,1,1,0.6028,True,False,False,,3.004,4.5
Policy_C_SharedControl,7,34,1,0,0.5595,True,False,False,,3.243,4.5
Policy_C_SharedControl,7,35,0,0,0.998,True,False,False,,3.284,4.5
Policy_C_SharedControl,7,36,0,0,0.9978,False,True,False,GRASP_OPEN,3.667,4.5
Policy_C_SharedControl,7,37,0,1,0.7548,True,False,False,,3.647,4.5
Policy_C_SharedControl,7,38,1,1,0.7151,True,False,False,,3.647,4.5
Policy_C_SharedControl,7,39,1,0,0.9139,True,False,False,,3.671,4.5
Policy_C_SharedControl,7,40,0,0,0.9718,False,True,False,GRASP_OPEN,4.3,4.5
Policy_C_SharedControl,7,41,0,0,0.9853,True,False,False,,4.457,4.5
Policy_C_SharedControl,7,42,1,0,0.8277,True,False,False,,4.44,4.5
Policy_C_SharedControl,7,43,1,1,0.6626,True,False,False,,3.816,4.5
Policy_C_SharedControl,7,44,1,1,0.5393,True,False,False,,4.631,4.5
Policy_C_SharedControl,7,45,0,0,0.8078,True,False,False,,4.746,4.5
Policy_C_SharedControl,7,46,0,1,0.7449,True,False,False,,7.825,4.5
Policy_C_SharedControl,7,47,1,1,0.663,True,False,False,,4.727,4.5
Policy_C_SharedControl,7,48,0,0,0.9303,True,False,False,,4.748,4.5
Policy_C_SharedControl,7,49,1,0,0.5117,True,False,False,,5.48,4.5
Policy_C_SharedControl,7,50,1,0,0.8149,True,False,False,,4.901,4.5
Policy_C_SharedControl,7,51,1,1,0.9941,True,False,False,,5.068,4.5
Policy_C_SharedControl,7,52,1,0,0.8523,True,False,False,,5.244,4.5
Policy_C_SharedControl,7,53,1,1,0.6525,True,False,False,,4.868,4.5
Policy_C_SharedControl,7,54,0,0,0.9192,True,False,False,,4.731,4.5
Policy_C_SharedControl,7,55,1,0,0.6881,True,False,False,,4.82,4.5
Policy_C_SharedControl,7,56,0,0,0.9747,True,False,False,,4.945,4.5
Policy_C_SharedControl,7,57,1,0,0.9207,False,False,True,GRASP_OPEN,4.91,4.5
Policy_C_SharedControl,7,58,0,0,0.861,True,False,False,,6.804,4.5
Policy_C_SharedControl,7,59,0,0,0.9816,False,True,False,GRASP_OPEN,7.371,4.5
Policy_C_SharedControl,7,60,0,0,0.9632,True,False,False,,5.235,4.5
Policy_C_SharedControl,7,61,0,1,0.7725,True,False,False,,5.089,4.5
Policy_C_SharedControl,7,62,1,1,0.6195,True,False,False,,5.058,4.5
Policy_C_SharedControl,7,63,0,0,0.9758,True,False,False,,4.635,4.5
Policy_C_SharedControl,7,64,0,0,0.6993,True,False,False,,5.069,4.5
Policy_C_SharedControl,7,65,0,0,0.9857,True,False,False,,4.95,4.5
Policy_C_SharedControl,7,66,1,0,0.8368,False,False,True,GRASP_OPEN,4.936,4.5
Policy_C_SharedControl,7,67,0,0,0.9505,True,False,False,,5.099,4.5
Policy_C_SharedControl,7,68,1,0,0.7123,True,False,False,,5.095,4.5
Policy_C_SharedControl,7,69,0,0,0.9649,True,False,False,,4.865,4.5
Policy_C_SharedControl,7,70,1,1,0.5134,True,False,False,,4.911,4.5
Policy_C_SharedControl,7,71,1,1,0.7689,True,False,False,,4.979,4.5
Policy_C_SharedControl,7,72,1,1,0.509,True,False,False,,5.158,4.5
Policy_C_SharedControl,7,73,0,0,0.9485,True,False,False,,4.989,4.5
Policy_C_SharedControl,7,74,1,1,0.7526,True,False,False,,5.03,4.5
Policy_C_SharedControl,7,75,0,0,0.6253,True,False,False,,30.012,4.5
Policy_C_SharedControl,7,76,0,0,0.9418,True,False,False,,7.257,4.5
Policy_C_SharedControl,7,77,1,1,0.9082,True,False,False,,7.072,4.5
Policy_C_SharedControl,7,78,0,0,0.9408,True,False,False,,6.805,4.5
Policy_C_SharedControl,7,79,0,1,0.7187,True,False,False,,6.819,4.5
Policy_C_SharedControl,7,80,1,1,0.5674,True,False,False,,6.477,4.5
Policy_C_SharedControl,7,81,1,0,0.5806,True,False,False,,4.782,4.5
Policy_C_SharedControl,7,82,0,0,0.9707,True,False,False,,5.65,4.5
Policy_C_SharedControl,7,83,1,0,0.8789,False,False,True,GRASP_OPEN,4.518,4.5
Policy_C_SharedControl,7,84,1,0,0.5645,True,False,False,,4.95,4.5
Policy_C_SharedControl,7,85,1,1,0.7138,True,False,False,,6.579,4.5
Policy_C_SharedControl,7,86,0,0,0.9359,True,False,False,,5.007,4.5
Policy_C_SharedControl,7,87,0,0,0.9597,False,True,False,GRASP_OPEN,7.702,4.5
Policy_C_SharedControl,7,88,0,0,0.9221,True,False,False,,4.974,4.5
Policy_C_SharedControl,7,89,1,0,0.9731,False,False,True,GRASP_OPEN,5.713,4.5
Policy_C_SharedControl,7,90,0,1,0.8061,True,False,False,,4.475,4.5
Policy_C_SharedControl,7,91,0,0,0.8917,True,False,False,,4.442,4.5
Policy_C_SharedControl,7,92,1,1,0.5272,True,False,False,,5.804,4.5
Policy_C_SharedControl,7,93,1,0,0.5249,True,False,False,,9.385,4.5
Policy_C_SharedControl,7,94,1,0,0.6403,True,False,False,,4.402,4.5
Policy_C_SharedControl,7,95,0,0,0.9569,True,False,False,,4.546,4.5
Policy_C_SharedControl,7,96,0,0,0.8354,False,True,False,GRASP_OPEN,7.193,4.5
Policy_C_SharedControl,7,97,1,1,0.5899,True,False,False,,4.568,4.5
Policy_C_SharedControl,7,98,1,0,0.8603,True,False,False,,5.571,4.5
Policy_C_SharedControl,7,99,0,0,0.9801,False,True,False,GRASP_OPEN,4.729,4.5
Policy_C_SharedControl,7,100,1,1,0.9352,True,False,False,,4.84,4.5
Policy_C_SharedControl,7,101,1,1,0.7872,True,False,False,,4.533,4.5
Policy_C_SharedControl,7,102,1,0,0.821,True,False,False,,4.475,4.5
Policy_C_SharedControl,7,103,1,0,0.8367,True,False,False,,6.572,4.5
Policy_C_SharedControl,7,104,0,0,0.8682,False,True,False,GRASP_OPEN,5.933,4.5
Policy_C_SharedControl,7,105,0,0,0.5906,True,False,False,,4.668,4.5
Policy_C_SharedControl,7,106,0,0,0.9607,True,False,False,,5.157,4.5
Policy_C_SharedControl,7,107,0,1,0.752,True,False,False,,4.829,4.5
Policy_C_SharedControl,7,108,0,0,0.9936,True,False,False,,4.917,4.5
Policy_C_SharedControl,7,109,0,0,0.7191,True,False,False,,4.494,4.5
Policy_C_SharedControl,7,110,0,1,0.7152,True,False,False,,4.423,4.5
Policy_C_SharedControl,7,111,1,1,0.9293,True,False,False,,4.483,4.5
Policy_C_SharedControl,7,112,1,0,0.8385,True,False,False,,5.584,4.5
Policy_C_SharedControl,7,113,1,1,0.6174,True,False,False,,6.573,4.5
Policy_C_SharedControl,7,114,1,0,0.9183,True,False,False,,4.493,4.5
Policy_C_SharedControl,7,115,0,0,0.8065,True,False,False,,5.757,4.5
Policy_C_SharedControl,7,116,0,0,0.8556,True,False,False,,4.529,4.5
Policy_C_SharedControl,7,117,0,0,0.9001,False,True,False,GRASP_OPEN,5.078,4.5
Policy_C_SharedControl,7,118,0,1,0.8158,True,False,False,,5.708,4.5
Policy_C_SharedControl,7,119,1,0,0.8398,True,False,False,,4.523,4.5
Policy_C_SharedControl,7,120,1,1,0.8072,True,False,False,,5.5,4.5
Policy_C_SharedControl,7,121,1,0,0.9517,True,False,False,,7.564,4.5
Policy_C_SharedControl,7,122,0,0,0.9957,False,True,False,GRASP_OPEN,4.42,4.5
Policy_C_SharedControl,7,123,0,0,0.9635,True,False,False,,5.428,4.5
Policy_C_SharedControl,7,124,0,0,0.7486,True,False,False,,4.105,4.5
Policy_C_SharedControl,7,125,1,1,0.8316,True,False,False,,5.046,4.5
Policy_C_SharedControl,7,126,1,0,0.986,True,False,False,,5.577,4.5
Policy_C_SharedControl,7,127,1,1,0.6459,True,False,False,,6.481,4.5
Policy_C_SharedControl,7,128,1,0,0.8095,True,False,False,,6.6,4.5
Policy_C_SharedControl,7,129,0,0,0.962,True,False,False,,4.65,4.5
Policy_C_SharedControl,7,130,1,1,0.9279,True,False,False,,4.775,4.5
Policy_C_SharedControl,7,131,0,0,0.9387,True,False,False,,4.602,4.5
Policy_C_SharedControl,7,132,1,1,0.9581,True,False,False,,4.549,4.5
Policy_C_SharedControl,7,133,1,0,0.6432,True,False,False,,4.743,4.5
Policy_C_SharedControl,7,134,0,0,0.7492,True,False,False,,6.232,4.5
Policy_C_SharedControl,7,135,1,0,0.9261,True,False,False,,4.382,4.5
Policy_C_SharedControl,7,136,0,0,0.9875,False,True,False,GRASP_OPEN,4.356,4.5
Policy_C_SharedControl,7,137,1,0,0.7582,True,False,False,,5.295,4.5
Policy_C_SharedControl,7,138,0,0,0.861,True,False,False,,4.07,4.5
Policy_C_SharedControl,7,139,1,0,0.6509,True,False,False,,4.373,4.5
Policy_C_SharedControl,7,140,0,0,0.8992,True,False,False,,5.349,4.5
Policy_C_SharedControl,7,141,1,0,0.9224,False,False,True,GRASP_OPEN,4.878,4.5
Policy_C_SharedControl,7,142,0,0,0.9894,True,False,False,,5.754,4.5
Policy_C_SharedControl,7,143,1,0,0.6282,True,False,False,,4.564,4.5
Policy_C_SharedControl,7,144,1,1,0.6706,True,False,False,,4.508,4.5
Policy_C_SharedControl,7,145,0,0,0.961,True,False,False,,5.665,4.5
Policy_C_SharedControl,7,146,0,0,0.9483,False,True,False,GRASP_OPEN,4.502,4.5
Policy_C_SharedControl,7,147,1,0,0.7214,True,False,False,,4.617,4.5
Policy_C_SharedControl,7,148,0,0,0.9949,True,False,False,,4.478,4.5
Policy_C_SharedControl,7,149,0,0,0.9184,False,True,False,GRASP_OPEN,4.476,4.5
Policy_C_SharedControl,7,150,1,1,0.8062,True,False,False,,4.858,4.5
Policy_C_SharedControl,7,151,1,1,0.7752,True,False,False,,5.083,4.5
Policy_C_SharedControl,7,152,0,0,0.6911,True,False,False,,4.637,4.5
Policy_C_SharedControl,7,153,1,0,0.8309,True,False,False,,4.917,4.5
Policy_C_SharedControl,7,154,0,0,0.9557,False,True,False,GRASP_OPEN,5.84,4.5
Policy_C_SharedControl,7,155,0,1,0.907,True,False,False,,4.617,4.5
Policy_C_SharedControl,7,156,1,1,0.8907,False,True,False,GRASP_CLOSE,4.815,4.5
Policy_C_SharedControl,7,157,0,0,0.7292,True,False,False,,4.451,4.5
Policy_C_SharedControl,7,158,0,0,0.8485,True,False,False,,4.613,4.5
Policy_C_SharedControl,7,159,1,0,0.6372,True,False,False,,5.448,4.5
Policy_C_SharedControl,7,160,0,0,0.5703,True,False,False,,5.534,4.5
Policy_A_Direct,8,1,0,0,0.7076,False,True,False,CLASS_0,32.694,4.5
Policy_A_Direct,8,2,1,1,0.9327,False,True,False,CLASS_1,1.735,4.5
Policy_A_Direct,8,3,1,1,0.9166,False,True,False,CLASS_1,1.806,4.5
Policy_A_Direct,8,4,1,1,0.9676,False,True,False,CLASS_1,1.7,4.5
Policy_A_Direct,8,5,1,1,0.9889,False,True,False,CLASS_1,1.688,4.5
Policy_A_Direct,8,6,1,1,0.9215,False,True,False,CLASS_1,1.697,4.5
Policy_A_Direct,8,7,1,0,0.909,False,False,True,CLASS_0,1.677,4.5
Policy_A_Direct,8,8,0,0,0.9883,False,True,False,CLASS_0,1.687,4.5
Policy_A_Direct,8,9,1,0,0.8851,False,False,True,CLASS_0,1.682,4.5
Policy_A_Direct,8,10,1,1,0.9554,False,True,False,CLASS_1,1.716,4.5
Policy_A_Direct,8,11,0,0,0.7579,False,True,False,CLASS_0,1.701,4.5
Policy_A_Direct,8,12,0,1,0.6371,False,False,True,CLASS_1,1.681,4.5
Policy_A_Direct,8,13,0,1,0.6803,False,False,True,CLASS_1,1.721,4.5
Policy_A_Direct,8,14,1,1,0.9949,False,True,False,CLASS_1,1.711,4.5
Policy_A_Direct,8,15,1,1,0.611,False,True,False,CLASS_1,1.692,4.5
Policy_A_Direct,8,16,1,1,0.9876,False,True,False,CLASS_1,1.674,4.5
Policy_A_Direct,8,17,0,0,0.9278,False,True,False,CLASS_0,1.653,4.5
Policy_A_Direct,8,18,0,0,0.8904,False,True,False,CLASS_0,1.67,4.5
Policy_A_Direct,8,19,0,0,0.7344,False,True,False,CLASS_0,1.664,4.5
Policy_A_Direct,8,20,0,0,0.8285,False,True,False,CLASS_0,1.71,4.5
Policy_A_Direct,8,21,0,0,0.975,False,True,False,CLASS_0,1.672,4.5
Policy_A_Direct,8,22,1,1,0.9928,False,True,False,CLASS_1,1.733,4.5
Policy_A_Direct,8,23,0,0,0.522,False,True,False,CLASS_0,1.693,4.5
Policy_A_Direct,8,24,0,0,0.914,False,True,False,CLASS_0,1.696,4.5
Policy_A_Direct,8,25,1,1,0.9744,False,True,False,CLASS_1,1.665,4.5
Policy_A_Direct,8,26,0,0,0.8266,False,True,False,CLASS_0,1.669,4.5
Policy_A_Direct,8,27,1,1,0.9948,False,True,False,CLASS_1,1.676,4.5
Policy_A_Direct,8,28,0,0,0.875,False,True,False,CLASS_0,1.673,4.5
Policy_A_Direct,8,29,1,1,0.9141,False,True,False,CLASS_1,1.706,4.5
Policy_A_Direct,8,30,1,0,0.7008,False,False,True,CLASS_0,1.715,4.5
Policy_A_Direct,8,31,1,0,0.5643,False,False,True,CLASS_0,1.655,4.5
Policy_A_Direct,8,32,0,0,0.8414,False,True,False,CLASS_0,1.65,4.5
Policy_A_Direct,8,33,1,1,0.914,False,True,False,CLASS_1,1.674,4.5
Policy_A_Direct,8,34,1,1,0.9565,False,True,False,CLASS_1,1.666,4.5
Policy_A_Direct,8,35,0,0,0.9604,False,True,False,CLASS_0,1.661,4.5
Policy_A_Direct,8,36,0,0,0.9293,False,True,False,CLASS_0,1.679,4.5
Policy_A_Direct,8,37,1,1,0.9989,False,True,False,CLASS_1,1.68,4.5
Policy_A_Direct,8,38,0,1,0.5152,False,False,True,CLASS_1,1.683,4.5
Policy_A_Direct,8,39,0,0,0.7189,False,True,False,CLASS_0,1.692,4.5
Policy_A_Direct,8,40,0,1,0.8181,False,False,True,CLASS_1,1.644,4.5
Policy_A_Direct,8,41,0,0,0.9395,False,True,False,CLASS_0,1.691,4.5
Policy_A_Direct,8,42,0,0,0.9621,False,True,False,CLASS_0,1.667,4.5
Policy_A_Direct,8,43,1,1,0.9341,False,True,False,CLASS_1,1.666,4.5
Policy_A_Direct,8,44,0,0,0.9426,False,True,False,CLASS_0,1.636,4.5
Policy_A_Direct,8,45,0,0,0.9759,False,True,False,CLASS_0,1.669,4.5
Policy_A_Direct,8,46,1,0,0.8686,False,False,True,CLASS_0,1.667,4.5
Policy_A_Direct,8,47,0,1,0.8888,False,False,True,CLASS_1,1.679,4.5
Policy_A_Direct,8,48,0,1,0.9095,False,False,True,CLASS_1,1.7,4.5
Policy_A_Direct,8,49,1,1,0.5147,False,True,False,CLASS_1,1.691,4.5
Policy_A_Direct,8,50,0,1,0.9761,False,False,True,CLASS_1,10.156,4.5
Policy_A_Direct,8,51,1,1,0.9953,False,True,False,CLASS_1,1.879,4.5
Policy_A_Direct,8,52,1,1,0.9978,False,True,False,CLASS_1,1.674,4.5
Policy_A_Direct,8,53,1,1,0.9485,False,True,False,CLASS_1,2.189,4.5
Policy_A_Direct,8,54,1,0,0.9354,False,False,True,CLASS_0,1.845,4.5
Policy_A_Direct,8,55,1,1,0.9933,False,True,False,CLASS_1,6.494,4.5
Policy_A_Direct,8,56,0,0,0.6876,False,True,False,CLASS_0,1.69,4.5
Policy_A_Direct,8,57,1,1,0.8897,False,True,False,CLASS_1,1.72,4.5
Policy_A_Direct,8,58,1,0,0.7041,False,False,True,CLASS_0,1.828,4.5
Policy_A_Direct,8,59,1,1,0.9774,False,True,False,CLASS_1,1.958,4.5
Policy_A_Direct,8,60,1,1,0.9491,False,True,False,CLASS_1,2.838,4.5
Policy_A_Direct,8,61,0,0,0.8957,False,True,False,CLASS_0,2.09,4.5
Policy_A_Direct,8,62,0,0,0.9635,False,True,False,CLASS_0,3.151,4.5
Policy_A_Direct,8,63,1,1,0.9691,False,True,False,CLASS_1,2.044,4.5
Policy_A_Direct,8,64,0,0,0.8791,False,True,False,CLASS_0,1.846,4.5
Policy_A_Direct,8,65,0,0,0.9825,False,True,False,CLASS_0,1.839,4.5
Policy_A_Direct,8,66,1,1,0.9268,False,True,False,CLASS_1,1.848,4.5
Policy_A_Direct,8,67,0,0,0.9703,False,True,False,CLASS_0,2.257,4.5
Policy_A_Direct,8,68,0,0,0.7349,False,True,False,CLASS_0,2.537,4.5
Policy_A_Direct,8,69,1,1,0.7171,False,True,False,CLASS_1,1.907,4.5
Policy_A_Direct,8,70,1,1,0.7867,False,True,False,CLASS_1,2.031,4.5
Policy_A_Direct,8,71,1,0,0.9274,False,False,True,CLASS_0,2.082,4.5
Policy_A_Direct,8,72,1,1,0.5673,False,True,False,CLASS_1,1.915,4.5
Policy_A_Direct,8,73,0,0,0.931,False,True,False,CLASS_0,1.931,4.5
Policy_A_Direct,8,74,0,0,0.7881,False,True,False,CLASS_0,2.531,4.5
Policy_A_Direct,8,75,0,0,0.8052,False,True,False,CLASS_0,2.169,4.5
Policy_A_Direct,8,76,1,1,0.6499,False,True,False,CLASS_1,1.989,4.5
Policy_A_Direct,8,77,1,1,0.9782,False,True,False,CLASS_1,3.388,4.5
Policy_A_Direct,8,78,0,0,0.9492,False,True,False,CLASS_0,2.097,4.5
Policy_A_Direct,8,79,0,0,0.6591,False,True,False,CLASS_0,1.966,4.5
Policy_A_Direct,8,80,0,0,0.9722,False,True,False,CLASS_0,2.166,4.5
Policy_A_Direct,8,81,1,0,0.7718,False,False,True,CLASS_0,2.281,4.5
Policy_A_Direct,8,82,0,0,0.9626,False,True,False,CLASS_0,2.098,4.5
Policy_A_Direct,8,83,0,0,0.5343,False,True,False,CLASS_0,2.268,4.5
Policy_A_Direct,8,84,1,1,0.9481,False,True,False,CLASS_1,3.327,4.5
Policy_A_Direct,8,85,0,0,0.9088,False,True,False,CLASS_0,2.27,4.5
Policy_A_Direct,8,86,1,1,0.876,False,True,False,CLASS_1,3.195,4.5
Policy_A_Direct,8,87,0,0,0.8134,False,True,False,CLASS_0,5.096,4.5
Policy_A_Direct,8,88,1,1,0.9487,False,True,False,CLASS_1,2.212,4.5
Policy_A_Direct,8,89,0,0,0.9737,False,True,False,CLASS_0,1.949,4.5
Policy_A_Direct,8,90,1,1,0.5778,False,True,False,CLASS_1,1.911,4.5
Policy_A_Direct,8,91,0,0,0.9916,False,True,False,CLASS_0,1.843,4.5
Policy_A_Direct,8,92,0,1,0.5489,False,False,True,CLASS_1,2.171,4.5
Policy_A_Direct,8,93,1,0,0.6707,False,False,True,CLASS_0,2.17,4.5
Policy_A_Direct,8,94,0,0,0.9391,False,True,False,CLASS_0,3.349,4.5
Policy_A_Direct,8,95,1,1,0.9802,False,True,False,CLASS_1,3.15,4.5
Policy_A_Direct,8,96,0,0,0.8581,False,True,False,CLASS_0,5.117,4.5
Policy_A_Direct,8,97,1,1,0.9506,False,True,False,CLASS_1,4.291,4.5
Policy_A_Direct,8,98,0,0,0.9793,False,True,False,CLASS_0,3.407,4.5
Policy_A_Direct,8,99,1,1,0.9821,False,True,False,CLASS_1,3.283,4.5
Policy_A_Direct,8,100,0,0,0.6073,False,True,False,CLASS_0,3.754,4.5
Policy_A_Direct,8,101,0,1,0.6941,False,False,True,CLASS_1,3.175,4.5
Policy_A_Direct,8,102,0,0,0.9565,False,True,False,CLASS_0,2.125,4.5
Policy_A_Direct,8,103,1,0,0.7636,False,False,True,CLASS_0,2.335,4.5
Policy_A_Direct,8,104,1,1,0.6436,False,True,False,CLASS_1,2.319,4.5
Policy_A_Direct,8,105,0,0,0.8219,False,True,False,CLASS_0,1.871,4.5
Policy_A_Direct,8,106,0,0,0.751,False,True,False,CLASS_0,1.808,4.5
Policy_A_Direct,8,107,1,1,0.9635,False,True,False,CLASS_1,1.91,4.5
Policy_A_Direct,8,108,0,0,0.8448,False,True,False,CLASS_0,3.322,4.5
Policy_A_Direct,8,109,1,1,0.9771,False,True,False,CLASS_1,2.815,4.5
Policy_A_Direct,8,110,0,0,0.9721,False,True,False,CLASS_0,2.801,4.5
Policy_A_Direct,8,111,1,1,0.9994,False,True,False,CLASS_1,2.384,4.5
Policy_A_Direct,8,112,1,1,0.957,False,True,False,CLASS_1,1.906,4.5
Policy_A_Direct,8,113,1,1,0.9905,False,True,False,CLASS_1,1.697,4.5
Policy_A_Direct,8,114,1,1,0.9584,False,True,False,CLASS_1,1.799,4.5
Policy_A_Direct,8,115,1,1,0.9964,False,True,False,CLASS_1,1.723,4.5
Policy_A_Direct,8,116,0,0,0.6324,False,True,False,CLASS_0,1.817,4.5
Policy_A_Direct,8,117,1,1,0.955,False,True,False,CLASS_1,4.265,4.5
Policy_A_Direct,8,118,1,0,0.5902,False,False,True,CLASS_0,2.094,4.5
Policy_A_Direct,8,119,0,0,0.985,False,True,False,CLASS_0,2.916,4.5
Policy_A_Direct,8,120,0,1,0.5302,False,False,True,CLASS_1,1.741,4.5
Policy_A_Direct,8,121,1,1,0.7648,False,True,False,CLASS_1,1.744,4.5
Policy_A_Direct,8,122,0,0,0.993,False,True,False,CLASS_0,3.282,4.5
Policy_A_Direct,8,123,1,1,0.8972,False,True,False,CLASS_1,2.019,4.5
Policy_A_Direct,8,124,1,0,0.696,False,False,True,CLASS_0,1.857,4.5
Policy_A_Direct,8,125,0,0,0.9502,False,True,False,CLASS_0,1.831,4.5
Policy_A_Direct,8,126,1,0,0.5154,False,False,True,CLASS_0,1.908,4.5
Policy_A_Direct,8,127,0,1,0.7184,False,False,True,CLASS_1,4.154,4.5
Policy_A_Direct,8,128,0,0,0.9996,False,True,False,CLASS_0,3.137,4.5
Policy_A_Direct,8,129,1,1,0.9752,False,True,False,CLASS_1,1.886,4.5
Policy_A_Direct,8,130,0,0,0.9632,False,True,False,CLASS_0,1.952,4.5
Policy_A_Direct,8,131,0,0,0.7732,False,True,False,CLASS_0,1.699,4.5
Policy_A_Direct,8,132,1,1,0.7763,False,True,False,CLASS_1,1.893,4.5
Policy_A_Direct,8,133,1,1,0.9509,False,True,False,CLASS_1,1.897,4.5
Policy_A_Direct,8,134,1,1,0.8155,False,True,False,CLASS_1,3.66,4.5
Policy_A_Direct,8,135,0,0,0.8567,False,True,False,CLASS_0,1.868,4.5
Policy_A_Direct,8,136,1,1,0.9107,False,True,False,CLASS_1,2.986,4.5
Policy_A_Direct,8,137,1,1,0.9547,False,True,False,CLASS_1,1.813,4.5
Policy_A_Direct,8,138,0,0,0.9633,False,True,False,CLASS_0,1.888,4.5
Policy_A_Direct,8,139,0,0,0.9218,False,True,False,CLASS_0,1.669,4.5
Policy_A_Direct,8,140,0,0,0.8182,False,True,False,CLASS_0,1.714,4.5
Policy_A_Direct,8,141,0,0,0.9941,False,True,False,CLASS_0,2.282,4.5
Policy_A_Direct,8,142,0,0,0.8456,False,True,False,CLASS_0,2.985,4.5
Policy_A_Direct,8,143,1,1,0.815,False,True,False,CLASS_1,1.844,4.5
Policy_A_Direct,8,144,0,0,0.9422,False,True,False,CLASS_0,2.313,4.5
Policy_A_Direct,8,145,1,1,0.9899,False,True,False,CLASS_1,2.647,4.5
Policy_A_Direct,8,146,0,0,0.8428,False,True,False,CLASS_0,2.266,4.5
Policy_A_Direct,8,147,1,1,0.9559,False,True,False,CLASS_1,2.323,4.5
Policy_A_Direct,8,148,0,1,0.6539,False,False,True,CLASS_1,1.767,4.5
Policy_A_Direct,8,149,1,1,0.9719,False,True,False,CLASS_1,1.629,4.5
Policy_A_Direct,8,150,0,0,0.8143,False,True,False,CLASS_0,1.78,4.5
Policy_A_Direct,8,151,1,1,0.5884,False,True,False,CLASS_1,1.666,4.5
Policy_A_Direct,8,152,0,0,0.9973,False,True,False,CLASS_0,1.724,4.5
Policy_A_Direct,8,153,0,0,0.7362,False,True,False,CLASS_0,1.637,4.5
Policy_A_Direct,8,154,0,0,0.6584,False,True,False,CLASS_0,1.744,4.5
Policy_A_Direct,8,155,1,1,0.9898,False,True,False,CLASS_1,1.697,4.5
Policy_A_Direct,8,156,1,1,0.9141,False,True,False,CLASS_1,1.662,4.5
Policy_A_Direct,8,157,1,1,0.9363,False,True,False,CLASS_1,1.632,4.5
Policy_A_Direct,8,158,0,0,0.9968,False,True,False,CLASS_0,1.78,4.5
Policy_A_Direct,8,159,1,1,0.9449,False,True,False,CLASS_1,4.96,4.5
Policy_A_Direct,8,160,1,1,0.9838,False,True,False,CLASS_1,3.105,4.5
Policy_B_ConfidenceGated,8,1,0,0,0.7076,True,False,False,ABSTAIN,2.357,4.5
Policy_B_ConfidenceGated,8,2,1,1,0.9327,True,False,False,ABSTAIN,2.154,4.5
Policy_B_ConfidenceGated,8,3,1,1,0.9166,False,True,False,CLASS_1,1.921,4.5
Policy_B_ConfidenceGated,8,4,1,1,0.9676,True,False,False,ABSTAIN,1.708,4.5
Policy_B_ConfidenceGated,8,5,1,1,0.9889,False,True,False,CLASS_1,1.707,4.5
Policy_B_ConfidenceGated,8,6,1,1,0.9215,True,False,False,ABSTAIN,1.747,4.5
Policy_B_ConfidenceGated,8,7,1,0,0.909,True,False,False,ABSTAIN,1.672,4.5
Policy_B_ConfidenceGated,8,8,0,0,0.9883,False,True,False,CLASS_0,1.677,4.5
Policy_B_ConfidenceGated,8,9,1,0,0.8851,True,False,False,ABSTAIN,1.678,4.5
Policy_B_ConfidenceGated,8,10,1,1,0.9554,True,False,False,ABSTAIN,1.773,4.5
Policy_B_ConfidenceGated,8,11,0,0,0.7579,True,False,False,ABSTAIN,2.044,4.5
Policy_B_ConfidenceGated,8,12,0,1,0.6371,True,False,False,ABSTAIN,2.355,4.5
Policy_B_ConfidenceGated,8,13,0,1,0.6803,True,False,False,ABSTAIN,1.644,4.5
Policy_B_ConfidenceGated,8,14,1,1,0.9949,True,False,False,ABSTAIN,1.724,4.5
Policy_B_ConfidenceGated,8,15,1,1,0.611,True,False,False,ABSTAIN,2.257,4.5
Policy_B_ConfidenceGated,8,16,1,1,0.9876,True,False,False,ABSTAIN,2.267,4.5
Policy_B_ConfidenceGated,8,17,0,0,0.9278,True,False,False,ABSTAIN,2.482,4.5
Policy_B_ConfidenceGated,8,18,0,0,0.8904,False,True,False,CLASS_0,1.829,4.5
Policy_B_ConfidenceGated,8,19,0,0,0.7344,True,False,False,ABSTAIN,1.788,4.5
Policy_B_ConfidenceGated,8,20,0,0,0.8285,True,False,False,ABSTAIN,1.752,4.5
Policy_B_ConfidenceGated,8,21,0,0,0.975,True,False,False,ABSTAIN,1.709,4.5
Policy_B_ConfidenceGated,8,22,1,1,0.9928,True,False,False,ABSTAIN,1.702,4.5
Policy_B_ConfidenceGated,8,23,0,0,0.522,True,False,False,ABSTAIN,1.693,4.5
Policy_B_ConfidenceGated,8,24,0,0,0.914,True,False,False,ABSTAIN,1.648,4.5
Policy_B_ConfidenceGated,8,25,1,1,0.9744,True,False,False,ABSTAIN,1.592,4.5
Policy_B_ConfidenceGated,8,26,0,0,0.8266,True,False,False,ABSTAIN,1.628,4.5
Policy_B_ConfidenceGated,8,27,1,1,0.9948,True,False,False,ABSTAIN,1.591,4.5
Policy_B_ConfidenceGated,8,28,0,0,0.875,True,False,False,ABSTAIN,1.57,4.5
Policy_B_ConfidenceGated,8,29,1,1,0.9141,True,False,False,ABSTAIN,1.594,4.5
Policy_B_ConfidenceGated,8,30,1,0,0.7008,True,False,False,ABSTAIN,1.588,4.5
Policy_B_ConfidenceGated,8,31,1,0,0.5643,True,False,False,ABSTAIN,1.589,4.5
Policy_B_ConfidenceGated,8,32,0,0,0.8414,True,False,False,ABSTAIN,1.675,4.5
Policy_B_ConfidenceGated,8,33,1,1,0.914,True,False,False,ABSTAIN,1.659,4.5
Policy_B_ConfidenceGated,8,34,1,1,0.9565,False,True,False,CLASS_1,1.658,4.5
Policy_B_ConfidenceGated,8,35,0,0,0.9604,True,False,False,ABSTAIN,1.679,4.5
Policy_B_ConfidenceGated,8,36,0,0,0.9293,False,True,False,CLASS_0,1.643,4.5
Policy_B_ConfidenceGated,8,37,1,1,0.9989,True,False,False,ABSTAIN,1.623,4.5
Policy_B_ConfidenceGated,8,38,0,1,0.5152,True,False,False,ABSTAIN,1.75,4.5
Policy_B_ConfidenceGated,8,39,0,0,0.7189,True,False,False,ABSTAIN,1.708,4.5
Policy_B_ConfidenceGated,8,40,0,1,0.8181,True,False,False,ABSTAIN,1.647,4.5
Policy_B_ConfidenceGated,8,41,0,0,0.9395,True,False,False,ABSTAIN,1.689,4.5
Policy_B_ConfidenceGated,8,42,0,0,0.9621,False,True,False,CLASS_0,1.662,4.5
Policy_B_ConfidenceGated,8,43,1,1,0.9341,True,False,False,ABSTAIN,1.703,4.5
Policy_B_ConfidenceGated,8,44,0,0,0.9426,True,False,False,ABSTAIN,1.671,4.5
Policy_B_ConfidenceGated,8,45,0,0,0.9759,False,True,False,CLASS_0,1.76,4.5
Policy_B_ConfidenceGated,8,46,1,0,0.8686,True,False,False,ABSTAIN,1.992,4.5
Policy_B_ConfidenceGated,8,47,0,1,0.8888,True,False,False,ABSTAIN,1.919,4.5
Policy_B_ConfidenceGated,8,48,0,1,0.9095,False,False,True,CLASS_1,1.753,4.5
Policy_B_ConfidenceGated,8,49,1,1,0.5147,True,False,False,ABSTAIN,1.812,4.5
Policy_B_ConfidenceGated,8,50,0,1,0.9761,True,False,False,ABSTAIN,1.706,4.5
Policy_B_ConfidenceGated,8,51,1,1,0.9953,False,True,False,CLASS_1,1.7,4.5
Policy_B_ConfidenceGated,8,52,1,1,0.9978,True,False,False,ABSTAIN,2.013,4.5
Policy_B_ConfidenceGated,8,53,1,1,0.9485,False,True,False,CLASS_1,2.503,4.5
Policy_B_ConfidenceGated,8,54,1,0,0.9354,True,False,False,ABSTAIN,1.735,4.5
Policy_B_ConfidenceGated,8,55,1,1,0.9933,True,False,False,ABSTAIN,2.288,4.5
Policy_B_ConfidenceGated,8,56,0,0,0.6876,True,False,False,ABSTAIN,2.392,4.5
Policy_B_ConfidenceGated,8,57,1,1,0.8897,True,False,False,ABSTAIN,1.78,4.5
Policy_B_ConfidenceGated,8,58,1,0,0.7041,True,False,False,ABSTAIN,1.666,4.5
Policy_B_ConfidenceGated,8,59,1,1,0.9774,True,False,False,ABSTAIN,1.688,4.5
Policy_B_ConfidenceGated,8,60,1,1,0.9491,False,True,False,CLASS_1,2.26,4.5
Policy_B_ConfidenceGated,8,61,0,0,0.8957,True,False,False,ABSTAIN,2.084,4.5
Policy_B_ConfidenceGated,8,62,0,0,0.9635,False,True,False,CLASS_0,1.8,4.5
Policy_B_ConfidenceGated,8,63,1,1,0.9691,True,False,False,ABSTAIN,1.946,4.5
Policy_B_ConfidenceGated,8,64,0,0,0.8791,True,False,False,ABSTAIN,1.859,4.5
Policy_B_ConfidenceGated,8,65,0,0,0.9825,False,True,False,CLASS_0,1.632,4.5
Policy_B_ConfidenceGated,8,66,1,1,0.9268,True,False,False,ABSTAIN,1.651,4.5
Policy_B_ConfidenceGated,8,67,0,0,0.9703,True,False,False,ABSTAIN,1.611,4.5
Policy_B_ConfidenceGated,8,68,0,0,0.7349,True,False,False,ABSTAIN,1.647,4.5
Policy_B_ConfidenceGated,8,69,1,1,0.7171,True,False,False,ABSTAIN,1.613,4.5
Policy_B_ConfidenceGated,8,70,1,1,0.7867,True,False,False,ABSTAIN,1.657,4.5
Policy_B_ConfidenceGated,8,71,1,0,0.9274,True,False,False,ABSTAIN,1.635,4.5
Policy_B_ConfidenceGated,8,72,1,1,0.5673,True,False,False,ABSTAIN,1.6,4.5
Policy_B_ConfidenceGated,8,73,0,0,0.931,True,False,False,ABSTAIN,1.606,4.5
Policy_B_ConfidenceGated,8,74,0,0,0.7881,True,False,False,ABSTAIN,1.695,4.5
Policy_B_ConfidenceGated,8,75,0,0,0.8052,True,False,False,ABSTAIN,1.778,4.5
Policy_B_ConfidenceGated,8,76,1,1,0.6499,True,False,False,ABSTAIN,2.592,4.5
Policy_B_ConfidenceGated,8,77,1,1,0.9782,True,False,False,ABSTAIN,2.565,4.5
Policy_B_ConfidenceGated,8,78,0,0,0.9492,True,False,False,ABSTAIN,2.549,4.5
Policy_B_ConfidenceGated,8,79,0,0,0.6591,True,False,False,ABSTAIN,2.542,4.5
Policy_B_ConfidenceGated,8,80,0,0,0.9722,True,False,False,ABSTAIN,2.919,4.5
Policy_B_ConfidenceGated,8,81,1,0,0.7718,True,False,False,ABSTAIN,2.281,4.5
Policy_B_ConfidenceGated,8,82,0,0,0.9626,True,False,False,ABSTAIN,2.265,4.5
Policy_B_ConfidenceGated,8,83,0,0,0.5343,True,False,False,ABSTAIN,2.252,4.5
Policy_B_ConfidenceGated,8,84,1,1,0.9481,True,False,False,ABSTAIN,2.258,4.5
Policy_B_ConfidenceGated,8,85,0,0,0.9088,True,False,False,ABSTAIN,2.32,4.5
Policy_B_ConfidenceGated,8,86,1,1,0.876,True,False,False,ABSTAIN,2.277,4.5
Policy_B_ConfidenceGated,8,87,0,0,0.8134,True,False,False,ABSTAIN,2.298,4.5
Policy_B_ConfidenceGated,8,88,1,1,0.9487,True,False,False,ABSTAIN,2.319,4.5
Policy_B_ConfidenceGated,8,89,0,0,0.9737,True,False,False,ABSTAIN,2.31,4.5
Policy_B_ConfidenceGated,8,90,1,1,0.5778,True,False,False,ABSTAIN,2.335,4.5
Policy_B_ConfidenceGated,8,91,0,0,0.9916,True,False,False,ABSTAIN,2.316,4.5
Policy_B_ConfidenceGated,8,92,0,1,0.5489,True,False,False,ABSTAIN,2.31,4.5
Policy_B_ConfidenceGated,8,93,1,0,0.6707,True,False,False,ABSTAIN,2.322,4.5
Policy_B_ConfidenceGated,8,94,0,0,0.9391,True,False,False,ABSTAIN,2.313,4.5
Policy_B_ConfidenceGated,8,95,1,1,0.9802,True,False,False,ABSTAIN,2.316,4.5
Policy_B_ConfidenceGated,8,96,0,0,0.8581,True,False,False,ABSTAIN,2.292,4.5
Policy_B_ConfidenceGated,8,97,1,1,0.9506,True,False,False,ABSTAIN,2.315,4.5
Policy_B_ConfidenceGated,8,98,0,0,0.9793,True,False,False,ABSTAIN,2.304,4.5
Policy_B_ConfidenceGated,8,99,1,1,0.9821,True,False,False,ABSTAIN,2.326,4.5
Policy_B_ConfidenceGated,8,100,0,0,0.6073,True,False,False,ABSTAIN,2.288,4.5
Policy_B_ConfidenceGated,8,101,0,1,0.6941,True,False,False,ABSTAIN,2.251,4.5
Policy_B_ConfidenceGated,8,102,0,0,0.9565,True,False,False,ABSTAIN,2.306,4.5
Policy_B_ConfidenceGated,8,103,1,0,0.7636,True,False,False,ABSTAIN,2.279,4.5
Policy_B_ConfidenceGated,8,104,1,1,0.6436,True,False,False,ABSTAIN,2.307,4.5
Policy_B_ConfidenceGated,8,105,0,0,0.8219,True,False,False,ABSTAIN,2.278,4.5
Policy_B_ConfidenceGated,8,106,0,0,0.751,True,False,False,ABSTAIN,2.302,4.5
Policy_B_ConfidenceGated,8,107,1,1,0.9635,True,False,False,ABSTAIN,2.322,4.5
Policy_B_ConfidenceGated,8,108,0,0,0.8448,True,False,False,ABSTAIN,2.269,4.5
Policy_B_ConfidenceGated,8,109,1,1,0.9771,True,False,False,ABSTAIN,2.3,4.5
Policy_B_ConfidenceGated,8,110,0,0,0.9721,True,False,False,ABSTAIN,2.311,4.5
Policy_B_ConfidenceGated,8,111,1,1,0.9994,True,False,False,ABSTAIN,2.305,4.5
Policy_B_ConfidenceGated,8,112,1,1,0.957,False,True,False,CLASS_1,2.132,4.5
Policy_B_ConfidenceGated,8,113,1,1,0.9905,True,False,False,ABSTAIN,2.115,4.5
Policy_B_ConfidenceGated,8,114,1,1,0.9584,False,True,False,CLASS_1,2.335,4.5
Policy_B_ConfidenceGated,8,115,1,1,0.9964,True,False,False,ABSTAIN,2.364,4.5
Policy_B_ConfidenceGated,8,116,0,0,0.6324,True,False,False,ABSTAIN,2.337,4.5
Policy_B_ConfidenceGated,8,117,1,1,0.955,True,False,False,ABSTAIN,2.39,4.5
Policy_B_ConfidenceGated,8,118,1,0,0.5902,True,False,False,ABSTAIN,2.381,4.5
Policy_B_ConfidenceGated,8,119,0,0,0.985,True,False,False,ABSTAIN,2.427,4.5
Policy_B_ConfidenceGated,8,120,0,1,0.5302,True,False,False,ABSTAIN,2.421,4.5
Policy_B_ConfidenceGated,8,121,1,1,0.7648,True,False,False,ABSTAIN,2.366,4.5
Policy_B_ConfidenceGated,8,122,0,0,0.993,True,False,False,ABSTAIN,2.356,4.5
Policy_B_ConfidenceGated,8,123,1,1,0.8972,True,False,False,ABSTAIN,2.207,4.5
Policy_B_ConfidenceGated,8,124,1,0,0.696,True,False,False,ABSTAIN,2.187,4.5
Policy_B_ConfidenceGated,8,125,0,0,0.9502,True,False,False,ABSTAIN,2.183,4.5
Policy_B_ConfidenceGated,8,126,1,0,0.5154,True,False,False,ABSTAIN,2.157,4.5
Policy_B_ConfidenceGated,8,127,0,1,0.7184,True,False,False,ABSTAIN,2.181,4.5
Policy_B_ConfidenceGated,8,128,0,0,0.9996,True,False,False,ABSTAIN,2.291,4.5
Policy_B_ConfidenceGated,8,129,1,1,0.9752,True,False,False,ABSTAIN,2.368,4.5
Policy_B_ConfidenceGated,8,130,0,0,0.9632,True,False,False,ABSTAIN,2.385,4.5
Policy_B_ConfidenceGated,8,131,0,0,0.7732,True,False,False,ABSTAIN,2.383,4.5
Policy_B_ConfidenceGated,8,132,1,1,0.7763,True,False,False,ABSTAIN,2.378,4.5
Policy_B_ConfidenceGated,8,133,1,1,0.9509,True,False,False,ABSTAIN,2.339,4.5
Policy_B_ConfidenceGated,8,134,1,1,0.8155,True,False,False,ABSTAIN,2.361,4.5
Policy_B_ConfidenceGated,8,135,0,0,0.8567,True,False,False,ABSTAIN,2.404,4.5
Policy_B_ConfidenceGated,8,136,1,1,0.9107,True,False,False,ABSTAIN,2.402,4.5
Policy_B_ConfidenceGated,8,137,1,1,0.9547,False,True,False,CLASS_1,2.363,4.5
Policy_B_ConfidenceGated,8,138,0,0,0.9633,True,False,False,ABSTAIN,2.372,4.5
Policy_B_ConfidenceGated,8,139,0,0,0.9218,False,True,False,CLASS_0,2.389,4.5
Policy_B_ConfidenceGated,8,140,0,0,0.8182,True,False,False,ABSTAIN,2.388,4.5
Policy_B_ConfidenceGated,8,141,0,0,0.9941,True,False,False,ABSTAIN,2.406,4.5
Policy_B_ConfidenceGated,8,142,0,0,0.8456,False,True,False,CLASS_0,2.404,4.5
Policy_B_ConfidenceGated,8,143,1,1,0.815,True,False,False,ABSTAIN,2.356,4.5
Policy_B_ConfidenceGated,8,144,0,0,0.9422,True,False,False,ABSTAIN,2.374,4.5
Policy_B_ConfidenceGated,8,145,1,1,0.9899,True,False,False,ABSTAIN,2.387,4.5
Policy_B_ConfidenceGated,8,146,0,0,0.8428,True,False,False,ABSTAIN,2.375,4.5
Policy_B_ConfidenceGated,8,147,1,1,0.9559,True,False,False,ABSTAIN,2.36,4.5
Policy_B_ConfidenceGated,8,148,0,1,0.6539,True,False,False,ABSTAIN,2.404,4.5
Policy_B_ConfidenceGated,8,149,1,1,0.9719,True,False,False,ABSTAIN,2.4,4.5
Policy_B_ConfidenceGated,8,150,0,0,0.8143,True,False,False,ABSTAIN,2.24,4.5
Policy_B_ConfidenceGated,8,151,1,1,0.5884,True,False,False,ABSTAIN,2.235,4.5
Policy_B_ConfidenceGated,8,152,0,0,0.9973,True,False,False,ABSTAIN,2.192,4.5
Policy_B_ConfidenceGated,8,153,0,0,0.7362,True,False,False,ABSTAIN,2.171,4.5
Policy_B_ConfidenceGated,8,154,0,0,0.6584,True,False,False,ABSTAIN,2.183,4.5
Policy_B_ConfidenceGated,8,155,1,1,0.9898,True,False,False,ABSTAIN,2.287,4.5
Policy_B_ConfidenceGated,8,156,1,1,0.9141,False,True,False,CLASS_1,2.411,4.5
Policy_B_ConfidenceGated,8,157,1,1,0.9363,True,False,False,ABSTAIN,2.194,4.5
Policy_B_ConfidenceGated,8,158,0,0,0.9968,True,False,False,ABSTAIN,2.201,4.5
Policy_B_ConfidenceGated,8,159,1,1,0.9449,True,False,False,ABSTAIN,2.154,4.5
Policy_B_ConfidenceGated,8,160,1,1,0.9838,False,True,False,CLASS_1,2.163,4.5
Policy_C_SharedControl,8,1,0,0,0.7076,True,False,False,,2.71,4.5
Policy_C_SharedControl,8,2,1,1,0.9327,True,False,False,,2.152,4.5
Policy_C_SharedControl,8,3,1,1,0.9166,False,True,False,SELECT_RIGHT,2.305,4.5
Policy_C_SharedControl,8,4,1,1,0.9676,True,False,False,,2.284,4.5
Policy_C_SharedControl,8,5,1,1,0.9889,False,True,False,REACH_FORWARD,2.293,4.5
Policy_C_SharedControl,8,6,1,1,0.9215,True,False,False,,2.281,4.5
Policy_C_SharedControl,8,7,1,0,0.909,True,False,False,,2.291,4.5
Policy_C_SharedControl,8,8,0,0,0.9883,False,True,False,GRASP_OPEN,2.279,4.5
Policy_C_SharedControl,8,9,1,0,0.8851,True,False,False,,2.275,4.5
Policy_C_SharedControl,8,10,1,1,0.9554,True,False,False,,2.418,4.5
Policy_C_SharedControl,8,11,0,0,0.7579,True,False,False,,2.576,4.5
Policy_C_SharedControl,8,12,0,1,0.6371,True,False,False,,2.56,4.5
Policy_C_SharedControl,8,13,0,1,0.6803,True,False,False,,2.513,4.5
Policy_C_SharedControl,8,14,1,1,0.9949,True,False,False,,2.275,4.5
Policy_C_SharedControl,8,15,1,1,0.611,True,False,False,,2.261,4.5
Policy_C_SharedControl,8,16,1,1,0.9876,True,False,False,,2.261,4.5
Policy_C_SharedControl,8,17,0,0,0.9278,True,False,False,,2.872,4.5
Policy_C_SharedControl,8,18,0,0,0.8904,False,True,False,GRASP_OPEN,2.633,4.5
Policy_C_SharedControl,8,19,0,0,0.7344,True,False,False,,2.583,4.5
Policy_C_SharedControl,8,20,0,0,0.8285,True,False,False,,2.603,4.5
Policy_C_SharedControl,8,21,0,0,0.975,True,False,False,,2.662,4.5
Policy_C_SharedControl,8,22,1,1,0.9928,True,False,False,,2.684,4.5
Policy_C_SharedControl,8,23,0,0,0.522,True,False,False,,2.856,4.5
Policy_C_SharedControl,8,24,0,0,0.914,True,False,False,,2.929,4.5
Policy_C_SharedControl,8,25,1,1,0.9744,True,False,False,,2.916,4.5
Policy_C_SharedControl,8,26,0,0,0.8266,True,False,False,,2.973,4.5
Policy_C_SharedControl,8,27,1,1,0.9948,True,False,False,,2.895,4.5
Policy_C_SharedControl,8,28,0,0,0.875,True,False,False,,2.668,4.5
Policy_C_SharedControl,8,29,1,1,0.9141,True,False,False,,3.4,4.5
Policy_C_SharedControl,8,30,1,0,0.7008,True,False,False,,3.412,4.5
Policy_C_SharedControl,8,31,1,0,0.5643,True,False,False,,2.948,4.5
Policy_C_SharedControl,8,32,0,0,0.8414,True,False,False,,2.938,4.5
Policy_C_SharedControl,8,33,1,1,0.914,True,False,False,,2.914,4.5
Policy_C_SharedControl,8,34,1,1,0.9565,False,True,False,GRASP_CLOSE,3.224,4.5
Policy_C_SharedControl,8,35,0,0,0.9604,True,False,False,,3.446,4.5
Policy_C_SharedControl,8,36,0,0,0.9293,False,True,False,GRASP_OPEN,3.508,4.5
Policy_C_SharedControl,8,37,1,1,0.9989,True,False,False,,3.601,4.5
Policy_C_SharedControl,8,38,0,1,0.5152,True,False,False,,3.369,4.5
Policy_C_SharedControl,8,39,0,0,0.7189,True,False,False,,4.328,4.5
Policy_C_SharedControl,8,40,0,1,0.8181,True,False,False,,4.422,4.5
Policy_C_SharedControl,8,41,0,0,0.9395,True,False,False,,3.7,4.5
Policy_C_SharedControl,8,42,0,0,0.9621,False,True,False,GRASP_OPEN,5.226,4.5
Policy_C_SharedControl,8,43,1,1,0.9341,True,False,False,,6.751,4.5
Policy_C_SharedControl,8,44,0,0,0.9426,True,False,False,,4.962,4.5
Policy_C_SharedControl,8,45,0,0,0.9759,False,True,False,GRASP_OPEN,4.44,4.5
Policy_C_SharedControl,8,46,1,0,0.8686,True,False,False,,4.695,4.5
Policy_C_SharedControl,8,47,0,1,0.8888,True,False,False,,5.398,4.5
Policy_C_SharedControl,8,48,0,1,0.9095,False,False,True,GRASP_CLOSE,4.372,4.5
Policy_C_SharedControl,8,49,1,1,0.5147,True,False,False,,4.403,4.5
Policy_C_SharedControl,8,50,0,1,0.9761,True,False,False,,5.317,4.5
Policy_C_SharedControl,8,51,1,1,0.9953,False,True,False,GRASP_CLOSE,4.338,4.5
Policy_C_SharedControl,8,52,1,1,0.9978,True,False,False,,5.024,4.5
Policy_C_SharedControl,8,53,1,1,0.9485,False,True,False,GRASP_CLOSE,4.365,4.5
Policy_C_SharedControl,8,54,1,0,0.9354,True,False,False,,4.706,4.5
Policy_C_SharedControl,8,55,1,1,0.9933,True,False,False,,5.244,4.5
Policy_C_SharedControl,8,56,0,0,0.6876,True,False,False,,4.785,4.5
Policy_C_SharedControl,8,57,1,1,0.8897,True,False,False,,4.983,4.5
Policy_C_SharedControl,8,58,1,0,0.7041,True,False,False,,4.858,4.5
Policy_C_SharedControl,8,59,1,1,0.9774,True,False,False,,4.552,4.5
Policy_C_SharedControl,8,60,1,1,0.9491,False,True,False,GRASP_CLOSE,4.943,4.5
Policy_C_SharedControl,8,61,0,0,0.8957,True,False,False,,5.185,4.5
Policy_C_SharedControl,8,62,0,0,0.9635,False,True,False,GRASP_OPEN,5.064,4.5
Policy_C_SharedControl,8,63,1,1,0.9691,True,False,False,,5.003,4.5
Policy_C_SharedControl,8,64,0,0,0.8791,True,False,False,,4.934,4.5
Policy_C_SharedControl,8,65,0,0,0.9825,False,True,False,GRASP_OPEN,4.56,4.5
Policy_C_SharedControl,8,66,1,1,0.9268,True,False,False,,4.703,4.5
Policy_C_SharedControl,8,67,0,0,0.9703,True,False,False,,5.178,4.5
Policy_C_SharedControl,8,68,0,0,0.7349,True,False,False,,4.821,4.5
Policy_C_SharedControl,8,69,1,1,0.7171,True,False,False,,4.782,4.5
Policy_C_SharedControl,8,70,1,1,0.7867,True,False,False,,4.647,4.5
Policy_C_SharedControl,8,71,1,0,0.9274,True,False,False,,4.799,4.5
Policy_C_SharedControl,8,72,1,1,0.5673,True,False,False,,5.19,4.5
Policy_C_SharedControl,8,73,0,0,0.931,True,False,False,,5.194,4.5
Policy_C_SharedControl,8,74,0,0,0.7881,True,False,False,,4.839,4.5
Policy_C_SharedControl,8,75,0,0,0.8052,True,False,False,,4.942,4.5
Policy_C_SharedControl,8,76,1,1,0.6499,True,False,False,,5.839,4.5
Policy_C_SharedControl,8,77,1,1,0.9782,True,False,False,,4.783,4.5
Policy_C_SharedControl,8,78,0,0,0.9492,True,False,False,,4.944,4.5
Policy_C_SharedControl,8,79,0,0,0.6591,True,False,False,,5.068,4.5
Policy_C_SharedControl,8,80,0,0,0.9722,True,False,False,,5.103,4.5
Policy_C_SharedControl,8,81,1,0,0.7718,True,False,False,,4.984,4.5
Policy_C_SharedControl,8,82,0,0,0.9626,True,False,False,,4.959,4.5
Policy_C_SharedControl,8,83,0,0,0.5343,True,False,False,,5.088,4.5
Policy_C_SharedControl,8,84,1,1,0.9481,True,False,False,,4.868,4.5
Policy_C_SharedControl,8,85,0,0,0.9088,True,False,False,,5.006,4.5
Policy_C_SharedControl,8,86,1,1,0.876,True,False,False,,4.884,4.5
Policy_C_SharedControl,8,87,0,0,0.8134,True,False,False,,4.74,4.5
Policy_C_SharedControl,8,88,1,1,0.9487,True,False,False,,4.868,4.5
Policy_C_SharedControl,8,89,0,0,0.9737,True,False,False,,5.216,4.5
Policy_C_SharedControl,8,90,1,1,0.5778,True,False,False,,4.919,4.5
Policy_C_SharedControl,8,91,0,0,0.9916,True,False,False,,4.843,4.5
Policy_C_SharedControl,8,92,0,1,0.5489,True,False,False,,4.994,4.5
Policy_C_SharedControl,8,93,1,0,0.6707,True,False,False,,5.107,4.5
Policy_C_SharedControl,8,94,0,0,0.9391,True,False,False,,5.066,4.5
Policy_C_SharedControl,8,95,1,1,0.9802,True,False,False,,4.909,4.5
Policy_C_SharedControl,8,96,0,0,0.8581,True,False,False,,4.978,4.5
Policy_C_SharedControl,8,97,1,1,0.9506,True,False,False,,4.925,4.5
Policy_C_SharedControl,8,98,0,0,0.9793,True,False,False,,4.878,4.5
Policy_C_SharedControl,8,99,1,1,0.9821,True,False,False,,5.209,4.5
Policy_C_SharedControl,8,100,0,0,0.6073,True,False,False,,6.007,4.5
Policy_C_SharedControl,8,101,0,1,0.6941,True,False,False,,5.121,4.5
Policy_C_SharedControl,8,102,0,0,0.9565,True,False,False,,4.949,4.5
Policy_C_SharedControl,8,103,1,0,0.7636,True,False,False,,5.133,4.5
Policy_C_SharedControl,8,104,1,1,0.6436,True,False,False,,4.999,4.5
Policy_C_SharedControl,8,105,0,0,0.8219,True,False,False,,5.079,4.5
Policy_C_SharedControl,8,106,0,0,0.751,True,False,False,,4.862,4.5
Policy_C_SharedControl,8,107,1,1,0.9635,True,False,False,,4.874,4.5
Policy_C_SharedControl,8,108,0,0,0.8448,True,False,False,,4.814,4.5
Policy_C_SharedControl,8,109,1,1,0.9771,True,False,False,,4.822,4.5
Policy_C_SharedControl,8,110,0,0,0.9721,True,False,False,,4.856,4.5
Policy_C_SharedControl,8,111,1,1,0.9994,True,False,False,,4.69,4.5
Policy_C_SharedControl,8,112,1,1,0.957,False,True,False,GRASP_CLOSE,4.993,4.5
Policy_C_SharedControl,8,113,1,1,0.9905,True,False,False,,13.869,4.5
Policy_C_SharedControl,8,114,1,1,0.9584,False,True,False,GRASP_CLOSE,6.206,4.5
Policy_C_SharedControl,8,115,1,1,0.9964,True,False,False,,4.469,4.5
Policy_C_SharedControl,8,116,0,0,0.6324,True,False,False,,4.707,4.5
Policy_C_SharedControl,8,117,1,1,0.955,True,False,False,,5.305,4.5
Policy_C_SharedControl,8,118,1,0,0.5902,True,False,False,,4.572,4.5
Policy_C_SharedControl,8,119,0,0,0.985,True,False,False,,4.896,4.5
Policy_C_SharedControl,8,120,0,1,0.5302,True,False,False,,5.378,4.5
Policy_C_SharedControl,8,121,1,1,0.7648,True,False,False,,4.643,4.5
Policy_C_SharedControl,8,122,0,0,0.993,True,False,False,,4.864,4.5
Policy_C_SharedControl,8,123,1,1,0.8972,True,False,False,,5.409,4.5
Policy_C_SharedControl,8,124,1,0,0.696,True,False,False,,33.933,4.5
Policy_C_SharedControl,8,125,0,0,0.9502,True,False,False,,5.094,4.5
Policy_C_SharedControl,8,126,1,0,0.5154,True,False,False,,5.208,4.5
Policy_C_SharedControl,8,127,0,1,0.7184,True,False,False,,5.321,4.5
Policy_C_SharedControl,8,128,0,0,0.9996,True,False,False,,5.327,4.5
Policy_C_SharedControl,8,129,1,1,0.9752,True,False,False,,5.048,4.5
Policy_C_SharedControl,8,130,0,0,0.9632,True,False,False,,5.391,4.5
Policy_C_SharedControl,8,131,0,0,0.7732,True,False,False,,5.562,4.5
Policy_C_SharedControl,8,132,1,1,0.7763,True,False,False,,5.189,4.5
Policy_C_SharedControl,8,133,1,1,0.9509,True,False,False,,5.136,4.5
Policy_C_SharedControl,8,134,1,1,0.8155,True,False,False,,5.203,4.5
Policy_C_SharedControl,8,135,0,0,0.8567,True,False,False,,5.007,4.5
Policy_C_SharedControl,8,136,1,1,0.9107,True,False,False,,5.086,4.5
Policy_C_SharedControl,8,137,1,1,0.9547,False,True,False,GRASP_CLOSE,5.338,4.5
Policy_C_SharedControl,8,138,0,0,0.9633,True,False,False,,5.513,4.5
Policy_C_SharedControl,8,139,0,0,0.9218,False,True,False,GRASP_OPEN,4.982,4.5
Policy_C_SharedControl,8,140,0,0,0.8182,True,False,False,,5.144,4.5
Policy_C_SharedControl,8,141,0,0,0.9941,True,False,False,,5.27,4.5
Policy_C_SharedControl,8,142,0,0,0.8456,False,True,False,GRASP_OPEN,5.021,4.5
Policy_C_SharedControl,8,143,1,1,0.815,True,False,False,,5.145,4.5
Policy_C_SharedControl,8,144,0,0,0.9422,True,False,False,,5.308,4.5
Policy_C_SharedControl,8,145,1,1,0.9899,True,False,False,,4.95,4.5
Policy_C_SharedControl,8,146,0,0,0.8428,True,False,False,,5.308,4.5
Policy_C_SharedControl,8,147,1,1,0.9559,True,False,False,,5.223,4.5
Policy_C_SharedControl,8,148,0,1,0.6539,True,False,False,,5.294,4.5
Policy_C_SharedControl,8,149,1,1,0.9719,True,False,False,,5.206,4.5
Policy_C_SharedControl,8,150,0,0,0.8143,True,False,False,,5.209,4.5
Policy_C_SharedControl,8,151,1,1,0.5884,True,False,False,,5.099,4.5
Policy_C_SharedControl,8,152,0,0,0.9973,True,False,False,,5.115,4.5
Policy_C_SharedControl,8,153,0,0,0.7362,True,False,False,,14.47,4.5
Policy_C_SharedControl,8,154,0,0,0.6584,True,False,False,,4.736,4.5
Policy_C_SharedControl,8,155,1,1,0.9898,True,False,False,,4.547,4.5
Policy_C_SharedControl,8,156,1,1,0.9141,False,True,False,GRASP_CLOSE,4.695,4.5
Policy_C_SharedControl,8,157,1,1,0.9363,True,False,False,,4.772,4.5
Policy_C_SharedControl,8,158,0,0,0.9968,True,False,False,,6.923,4.5
Policy_C_SharedControl,8,159,1,1,0.9449,True,False,False,,5.288,4.5
Policy_C_SharedControl,8,160,1,1,0.9838,False,True,False,GRASP_CLOSE,5.817,4.5
Policy_A_Direct,9,1,1,1,0.9881,False,True,False,CLASS_1,153.612,4.5
Policy_A_Direct,9,2,0,1,0.9378,False,False,True,CLASS_1,1.799,4.5
Policy_A_Direct,9,3,0,1,0.6941,False,False,True,CLASS_1,1.785,4.5
Policy_A_Direct,9,4,1,1,0.9673,False,True,False,CLASS_1,1.744,4.5
Policy_A_Direct,9,5,0,0,0.7087,False,True,False,CLASS_0,1.671,4.5
Policy_A_Direct,9,6,0,1,0.9534,False,False,True,CLASS_1,1.667,4.5
Policy_A_Direct,9,7,0,0,0.625,False,True,False,CLASS_0,1.671,4.5
Policy_A_Direct,9,8,1,1,0.9856,False,True,False,CLASS_1,1.694,4.5
Policy_A_Direct,9,9,0,0,0.7345,False,True,False,CLASS_0,1.644,4.5
Policy_A_Direct,9,10,0,1,0.5386,False,False,True,CLASS_1,1.672,4.5
Policy_A_Direct,9,11,1,1,0.8064,False,True,False,CLASS_1,1.655,4.5
Policy_A_Direct,9,12,1,1,0.7484,False,True,False,CLASS_1,1.676,4.5
Policy_A_Direct,9,13,1,1,0.8019,False,True,False,CLASS_1,1.645,4.5
Policy_A_Direct,9,14,0,0,0.8833,False,True,False,CLASS_0,1.706,4.5
Policy_A_Direct,9,15,1,1,0.9299,False,True,False,CLASS_1,1.691,4.5
Policy_A_Direct,9,16,1,1,0.9549,False,True,False,CLASS_1,1.692,4.5
Policy_A_Direct,9,17,1,1,0.9888,False,True,False,CLASS_1,1.682,4.5
Policy_A_Direct,9,18,0,1,0.9378,False,False,True,CLASS_1,1.684,4.5
Policy_A_Direct,9,19,1,1,0.8689,False,True,False,CLASS_1,1.678,4.5
Policy_A_Direct,9,20,0,1,0.6296,False,False,True,CLASS_1,1.682,4.5
Policy_A_Direct,9,21,1,0,0.6512,False,False,True,CLASS_0,1.675,4.5
Policy_A_Direct,9,22,0,0,0.7813,False,True,False,CLASS_0,1.682,4.5
Policy_A_Direct,9,23,1,1,0.9593,False,True,False,CLASS_1,1.687,4.5
Policy_A_Direct,9,24,1,1,0.9558,False,True,False,CLASS_1,1.717,4.5
Policy_A_Direct,9,25,1,0,0.5782,False,False,True,CLASS_0,1.659,4.5
Policy_A_Direct,9,26,0,0,0.9465,False,True,False,CLASS_0,1.7,4.5
Policy_A_Direct,9,27,0,0,0.6044,False,True,False,CLASS_0,1.684,4.5
Policy_A_Direct,9,28,0,1,0.7037,False,False,True,CLASS_1,1.664,4.5
Policy_A_Direct,9,29,0,1,0.5338,False,False,True,CLASS_1,1.691,4.5
Policy_A_Direct,9,30,0,1,0.6005,False,False,True,CLASS_1,1.675,4.5
Policy_A_Direct,9,31,1,1,0.9729,False,True,False,CLASS_1,1.695,4.5
Policy_A_Direct,9,32,1,1,0.9702,False,True,False,CLASS_1,1.691,4.5
Policy_A_Direct,9,33,1,1,0.9082,False,True,False,CLASS_1,1.729,4.5
Policy_A_Direct,9,34,0,1,0.6239,False,False,True,CLASS_1,1.729,4.5
Policy_A_Direct,9,35,0,0,0.9087,False,True,False,CLASS_0,1.766,4.5
Policy_A_Direct,9,36,1,1,0.9858,False,True,False,CLASS_1,1.672,4.5
Policy_A_Direct,9,37,1,1,0.9835,False,True,False,CLASS_1,1.659,4.5
Policy_A_Direct,9,38,0,1,0.7764,False,False,True,CLASS_1,1.698,4.5
Policy_A_Direct,9,39,0,0,0.7289,False,True,False,CLASS_0,1.709,4.5
Policy_A_Direct,9,40,1,1,0.6724,False,True,False,CLASS_1,1.672,4.5
Policy_A_Direct,9,41,1,1,0.9357,False,True,False,CLASS_1,1.681,4.5
Policy_A_Direct,9,42,1,1,0.8592,False,True,False,CLASS_1,1.694,4.5
Policy_A_Direct,9,43,1,1,0.9061,False,True,False,CLASS_1,1.692,4.5
Policy_A_Direct,9,44,0,1,0.9606,False,False,True,CLASS_1,1.709,4.5
Policy_A_Direct,9,45,1,1,0.842,False,True,False,CLASS_1,1.755,4.5
Policy_A_Direct,9,46,0,0,0.6293,False,True,False,CLASS_0,1.687,4.5
Policy_A_Direct,9,47,0,1,0.7421,False,False,True,CLASS_1,1.667,4.5
Policy_A_Direct,9,48,1,1,0.9873,False,True,False,CLASS_1,1.707,4.5
Policy_A_Direct,9,49,1,1,0.9049,False,True,False,CLASS_1,1.678,4.5
Policy_A_Direct,9,50,0,1,0.863,False,False,True,CLASS_1,1.641,4.5
Policy_A_Direct,9,51,0,0,0.5839,False,True,False,CLASS_0,1.662,4.5
Policy_A_Direct,9,52,0,1,0.8591,False,False,True,CLASS_1,1.67,4.5
Policy_A_Direct,9,53,0,0,0.9076,False,True,False,CLASS_0,1.719,4.5
Policy_A_Direct,9,54,0,1,0.5744,False,False,True,CLASS_1,1.725,4.5
Policy_A_Direct,9,55,0,0,0.5365,False,True,False,CLASS_0,1.704,4.5
Policy_A_Direct,9,56,0,1,0.7871,False,False,True,CLASS_1,1.679,4.5
Policy_A_Direct,9,57,1,1,0.9464,False,True,False,CLASS_1,1.677,4.5
Policy_A_Direct,9,58,1,1,0.9887,False,True,False,CLASS_1,1.658,4.5
Policy_A_Direct,9,59,1,1,0.8503,False,True,False,CLASS_1,1.671,4.5
Policy_A_Direct,9,60,1,1,0.9965,False,True,False,CLASS_1,1.649,4.5
Policy_A_Direct,9,61,1,1,0.7611,False,True,False,CLASS_1,1.683,4.5
Policy_A_Direct,9,62,0,1,0.8471,False,False,True,CLASS_1,1.651,4.5
Policy_A_Direct,9,63,0,0,0.5025,False,True,False,CLASS_0,1.773,4.5
Policy_A_Direct,9,64,1,1,0.9739,False,True,False,CLASS_1,1.719,4.5
Policy_A_Direct,9,65,0,0,0.6087,False,True,False,CLASS_0,1.759,4.5
Policy_A_Direct,9,66,0,0,0.8127,False,True,False,CLASS_0,1.76,4.5
Policy_A_Direct,9,67,1,1,0.9839,False,True,False,CLASS_1,1.731,4.5
Policy_A_Direct,9,68,0,0,0.7863,False,True,False,CLASS_0,1.756,4.5
Policy_A_Direct,9,69,0,0,0.9293,False,True,False,CLASS_0,1.789,4.5
Policy_A_Direct,9,70,0,0,0.7514,False,True,False,CLASS_0,1.74,4.5
Policy_A_Direct,9,71,0,0,0.775,False,True,False,CLASS_0,1.783,4.5
Policy_A_Direct,9,72,1,1,0.9113,False,True,False,CLASS_1,1.838,4.5
Policy_A_Direct,9,73,1,1,0.9859,False,True,False,CLASS_1,1.834,4.5
Policy_A_Direct,9,74,1,1,0.9908,False,True,False,CLASS_1,1.84,4.5
Policy_A_Direct,9,75,1,1,0.9867,False,True,False,CLASS_1,1.841,4.5
Policy_A_Direct,9,76,1,1,0.9881,False,True,False,CLASS_1,1.795,4.5
Policy_A_Direct,9,77,0,0,0.9523,False,True,False,CLASS_0,1.85,4.5
Policy_A_Direct,9,78,1,1,0.9655,False,True,False,CLASS_1,1.836,4.5
Policy_A_Direct,9,79,1,1,0.9906,False,True,False,CLASS_1,1.819,4.5
Policy_A_Direct,9,80,0,0,0.9608,False,True,False,CLASS_0,1.835,4.5
Policy_A_Direct,9,81,0,1,0.9697,False,False,True,CLASS_1,1.906,4.5
Policy_A_Direct,9,82,0,1,0.814,False,False,True,CLASS_1,1.924,4.5
Policy_A_Direct,9,83,0,0,0.9188,False,True,False,CLASS_0,1.898,4.5
Policy_A_Direct,9,84,0,0,0.8116,False,True,False,CLASS_0,1.847,4.5
Policy_A_Direct,9,85,0,0,0.7158,False,True,False,CLASS_0,1.894,4.5
Policy_A_Direct,9,86,0,0,0.8151,False,True,False,CLASS_0,1.864,4.5
Policy_A_Direct,9,87,1,1,0.9557,False,True,False,CLASS_1,1.878,4.5
Policy_A_Direct,9,88,0,0,0.989,False,True,False,CLASS_0,1.91,4.5
Policy_A_Direct,9,89,1,1,0.9931,False,True,False,CLASS_1,1.958,4.5
Policy_A_Direct,9,90,0,0,0.8205,False,True,False,CLASS_0,1.932,4.5
Policy_A_Direct,9,91,1,1,0.924,False,True,False,CLASS_1,1.953,4.5
Policy_A_Direct,9,92,1,1,0.984,False,True,False,CLASS_1,1.957,4.5
Policy_A_Direct,9,93,0,1,0.9579,False,False,True,CLASS_1,1.939,4.5
Policy_A_Direct,9,94,0,0,0.5091,False,True,False,CLASS_0,1.93,4.5
Policy_A_Direct,9,95,1,1,0.9463,False,True,False,CLASS_1,1.93,4.5
Policy_A_Direct,9,96,1,1,0.959,False,True,False,CLASS_1,1.94,4.5
Policy_A_Direct,9,97,1,1,0.7791,False,True,False,CLASS_1,2.028,4.5
Policy_A_Direct,9,98,1,1,0.99,False,True,False,CLASS_1,2.026,4.5
Policy_A_Direct,9,99,0,1,0.885,False,False,True,CLASS_1,2.018,4.5
Policy_A_Direct,9,100,0,0,0.8134,False,True,False,CLASS_0,2.049,4.5
Policy_A_Direct,9,101,0,1,0.56,False,False,True,CLASS_1,2.019,4.5
Policy_A_Direct,9,102,0,0,0.9828,False,True,False,CLASS_0,2.029,4.5
Policy_A_Direct,9,103,1,1,0.9886,False,True,False,CLASS_1,2.0,4.5
Policy_A_Direct,9,104,0,1,0.9749,False,False,True,CLASS_1,2.02,4.5
Policy_A_Direct,9,105,0,1,0.5582,False,False,True,CLASS_1,2.262,4.5
Policy_A_Direct,9,106,1,1,0.9939,False,True,False,CLASS_1,3.123,4.5
Policy_A_Direct,9,107,1,1,0.8275,False,True,False,CLASS_1,2.989,4.5
Policy_A_Direct,9,108,0,0,0.9036,False,True,False,CLASS_0,2.453,4.5
Policy_A_Direct,9,109,0,1,0.8868,False,False,True,CLASS_1,2.418,4.5
Policy_A_Direct,9,110,1,1,0.9313,False,True,False,CLASS_1,2.466,4.5
Policy_A_Direct,9,111,1,0,0.6213,False,False,True,CLASS_0,3.796,4.5
Policy_A_Direct,9,112,1,1,0.5082,False,True,False,CLASS_1,3.008,4.5
Policy_A_Direct,9,113,1,1,0.8996,False,True,False,CLASS_1,2.885,4.5
Policy_A_Direct,9,114,1,1,0.9647,False,True,False,CLASS_1,3.108,4.5
Policy_A_Direct,9,115,1,1,0.968,False,True,False,CLASS_1,3.335,4.5
Policy_A_Direct,9,116,1,1,0.9106,False,True,False,CLASS_1,3.032,4.5
Policy_A_Direct,9,117,0,0,0.9375,False,True,False,CLASS_0,2.778,4.5
Policy_A_Direct,9,118,1,1,0.952,False,True,False,CLASS_1,2.606,4.5
Policy_A_Direct,9,119,1,1,0.9762,False,True,False,CLASS_1,2.803,4.5
Policy_A_Direct,9,120,0,0,0.9419,False,True,False,CLASS_0,2.46,4.5
Policy_A_Direct,9,121,1,1,0.9985,False,True,False,CLASS_1,2.512,4.5
Policy_A_Direct,9,122,0,0,0.7444,False,True,False,CLASS_0,2.475,4.5
Policy_A_Direct,9,123,1,1,0.9925,False,True,False,CLASS_1,2.381,4.5
Policy_A_Direct,9,124,1,1,0.7977,False,True,False,CLASS_1,2.403,4.5
Policy_A_Direct,9,125,0,0,0.7074,False,True,False,CLASS_0,2.395,4.5
Policy_A_Direct,9,126,1,1,0.9894,False,True,False,CLASS_1,2.382,4.5
Policy_A_Direct,9,127,0,0,0.9898,False,True,False,CLASS_0,2.401,4.5
Policy_A_Direct,9,128,1,1,0.6626,False,True,False,CLASS_1,2.479,4.5
Policy_A_Direct,9,129,1,1,0.9451,False,True,False,CLASS_1,2.399,4.5
Policy_A_Direct,9,130,1,1,0.71,False,True,False,CLASS_1,2.421,4.5
Policy_A_Direct,9,131,0,1,0.8883,False,False,True,CLASS_1,2.412,4.5
Policy_A_Direct,9,132,1,1,0.8466,False,True,False,CLASS_1,2.351,4.5
Policy_A_Direct,9,133,0,0,0.7425,False,True,False,CLASS_0,2.456,4.5
Policy_A_Direct,9,134,0,1,0.6176,False,False,True,CLASS_1,2.398,4.5
Policy_A_Direct,9,135,0,0,0.6157,False,True,False,CLASS_0,2.421,4.5
Policy_A_Direct,9,136,1,1,0.9931,False,True,False,CLASS_1,2.365,4.5
Policy_A_Direct,9,137,0,0,0.8942,False,True,False,CLASS_0,2.43,4.5
Policy_A_Direct,9,138,0,0,0.8067,False,True,False,CLASS_0,2.441,4.5
Policy_A_Direct,9,139,0,0,0.7909,False,True,False,CLASS_0,2.416,4.5
Policy_A_Direct,9,140,0,1,0.704,False,False,True,CLASS_1,2.373,4.5
Policy_A_Direct,9,141,1,1,0.9876,False,True,False,CLASS_1,2.397,4.5
Policy_A_Direct,9,142,1,1,0.8529,False,True,False,CLASS_1,2.404,4.5
Policy_A_Direct,9,143,1,1,0.8943,False,True,False,CLASS_1,2.428,4.5
Policy_A_Direct,9,144,0,1,0.9486,False,False,True,CLASS_1,2.346,4.5
Policy_A_Direct,9,145,0,0,0.9827,False,True,False,CLASS_0,2.383,4.5
Policy_A_Direct,9,146,0,0,0.6544,False,True,False,CLASS_0,2.342,4.5
Policy_A_Direct,9,147,1,1,0.9906,False,True,False,CLASS_1,2.339,4.5
Policy_A_Direct,9,148,0,1,0.8052,False,False,True,CLASS_1,2.345,4.5
Policy_A_Direct,9,149,1,1,0.9686,False,True,False,CLASS_1,2.407,4.5
Policy_A_Direct,9,150,1,1,0.9392,False,True,False,CLASS_1,2.367,4.5
Policy_A_Direct,9,151,1,1,0.9615,False,True,False,CLASS_1,2.376,4.5
Policy_A_Direct,9,152,1,1,0.6919,False,True,False,CLASS_1,2.418,4.5
Policy_A_Direct,9,153,0,1,0.7793,False,False,True,CLASS_1,2.387,4.5
Policy_A_Direct,9,154,1,1,0.5083,False,True,False,CLASS_1,2.378,4.5
Policy_A_Direct,9,155,0,0,0.9903,False,True,False,CLASS_0,2.381,4.5
Policy_A_Direct,9,156,0,0,0.8374,False,True,False,CLASS_0,2.417,4.5
Policy_A_Direct,9,157,1,1,0.9934,False,True,False,CLASS_1,2.391,4.5
Policy_A_Direct,9,158,1,1,0.9156,False,True,False,CLASS_1,2.422,4.5
Policy_A_Direct,9,159,0,0,0.9342,False,True,False,CLASS_0,2.396,4.5
Policy_A_Direct,9,160,0,0,0.7469,False,True,False,CLASS_0,2.172,4.5
Policy_B_ConfidenceGated,9,1,1,1,0.9881,True,False,False,ABSTAIN,2.64,4.5
Policy_B_ConfidenceGated,9,2,0,1,0.9378,False,False,True,CLASS_1,2.102,4.5
Policy_B_ConfidenceGated,9,3,0,1,0.6941,True,False,False,ABSTAIN,2.072,4.5
Policy_B_ConfidenceGated,9,4,1,1,0.9673,True,False,False,ABSTAIN,2.082,4.5
Policy_B_ConfidenceGated,9,5,0,0,0.7087,True,False,False,ABSTAIN,2.046,4.5
Policy_B_ConfidenceGated,9,6,0,1,0.9534,True,False,False,ABSTAIN,2.039,4.5
Policy_B_ConfidenceGated,9,7,0,0,0.625,True,False,False,ABSTAIN,2.096,4.5
Policy_B_ConfidenceGated,9,8,1,1,0.9856,True,False,False,ABSTAIN,2.076,4.5
Policy_B_ConfidenceGated,9,9,0,0,0.7345,True,False,False,ABSTAIN,2.094,4.5
Policy_B_ConfidenceGated,9,10,0,1,0.5386,True,False,False,ABSTAIN,2.085,4.5
Policy_B_ConfidenceGated,9,11,1,1,0.8064,True,False,False,ABSTAIN,2.085,4.5
Policy_B_ConfidenceGated,9,12,1,1,0.7484,True,False,False,ABSTAIN,2.11,4.5
Policy_B_ConfidenceGated,9,13,1,1,0.8019,True,False,False,ABSTAIN,2.08,4.5
Policy_B_ConfidenceGated,9,14,0,0,0.8833,True,False,False,ABSTAIN,2.072,4.5
Policy_B_ConfidenceGated,9,15,1,1,0.9299,True,False,False,ABSTAIN,2.076,4.5
Policy_B_ConfidenceGated,9,16,1,1,0.9549,False,True,False,CLASS_1,2.087,4.5
Policy_B_ConfidenceGated,9,17,1,1,0.9888,True,False,False,ABSTAIN,2.137,4.5
Policy_B_ConfidenceGated,9,18,0,1,0.9378,False,False,True,CLASS_1,2.091,4.5
Policy_B_ConfidenceGated,9,19,1,1,0.8689,True,False,False,ABSTAIN,2.08,4.5
Policy_B_ConfidenceGated,9,20,0,1,0.6296,True,False,False,ABSTAIN,2.083,4.5
Policy_B_ConfidenceGated,9,21,1,0,0.6512,True,False,False,ABSTAIN,2.048,4.5
Policy_B_ConfidenceGated,9,22,0,0,0.7813,True,False,False,ABSTAIN,2.074,4.5
Policy_B_ConfidenceGated,9,23,1,1,0.9593,True,False,False,ABSTAIN,2.082,4.5
Policy_B_ConfidenceGated,9,24,1,1,0.9558,False,True,False,CLASS_1,2.103,4.5
Policy_B_ConfidenceGated,9,25,1,0,0.5782,True,False,False,ABSTAIN,2.155,4.5
Policy_B_ConfidenceGated,9,26,0,0,0.9465,True,False,False,ABSTAIN,2.053,4.5
Policy_B_ConfidenceGated,9,27,0,0,0.6044,True,False,False,ABSTAIN,2.103,4.5
Policy_B_ConfidenceGated,9,28,0,1,0.7037,True,False,False,ABSTAIN,2.169,4.5
Policy_B_ConfidenceGated,9,29,0,1,0.5338,True,False,False,ABSTAIN,2.119,4.5
Policy_B_ConfidenceGated,9,30,0,1,0.6005,True,False,False,ABSTAIN,2.207,4.5
Policy_B_ConfidenceGated,9,31,1,1,0.9729,True,False,False,ABSTAIN,2.176,4.5
Policy_B_ConfidenceGated,9,32,1,1,0.9702,False,True,False,CLASS_1,2.231,4.5
Policy_B_ConfidenceGated,9,33,1,1,0.9082,True,False,False,ABSTAIN,2.153,4.5
Policy_B_ConfidenceGated,9,34,0,1,0.6239,True,False,False,ABSTAIN,2.187,4.5
Policy_B_ConfidenceGated,9,35,0,0,0.9087,True,False,False,ABSTAIN,2.196,4.5
Policy_B_ConfidenceGated,9,36,1,1,0.9858,True,False,False,ABSTAIN,2.201,4.5
Policy_B_ConfidenceGated,9,37,1,1,0.9835,False,True,False,CLASS_1,2.176,4.5
Policy_B_ConfidenceGated,9,38,0,1,0.7764,True,False,False,ABSTAIN,2.216,4.5
Policy_B_ConfidenceGated,9,39,0,0,0.7289,True,False,False,ABSTAIN,2.213,4.5
Policy_B_ConfidenceGated,9,40,1,1,0.6724,True,False,False,ABSTAIN,2.203,4.5
Policy_B_ConfidenceGated,9,41,1,1,0.9357,True,False,False,ABSTAIN,2.195,4.5
Policy_B_ConfidenceGated,9,42,1,1,0.8592,False,True,False,CLASS_1,2.215,4.5
Policy_B_ConfidenceGated,9,43,1,1,0.9061,True,False,False,ABSTAIN,2.199,4.5
Policy_B_ConfidenceGated,9,44,0,1,0.9606,False,False,True,CLASS_1,2.217,4.5
Policy_B_ConfidenceGated,9,45,1,1,0.842,True,False,False,ABSTAIN,2.241,4.5
Policy_B_ConfidenceGated,9,46,0,0,0.6293,True,False,False,ABSTAIN,2.201,4.5
Policy_B_ConfidenceGated,9,47,0,1,0.7421,True,False,False,ABSTAIN,2.172,4.5
Policy_B_ConfidenceGated,9,48,1,1,0.9873,True,False,False,ABSTAIN,2.209,4.5
Policy_B_ConfidenceGated,9,49,1,1,0.9049,False,True,False,CLASS_1,2.217,4.5
Policy_B_ConfidenceGated,9,50,0,1,0.863,True,False,False,ABSTAIN,2.216,4.5
Policy_B_ConfidenceGated,9,51,0,0,0.5839,True,False,False,ABSTAIN,2.235,4.5
Policy_B_ConfidenceGated,9,52,0,1,0.8591,True,False,False,ABSTAIN,2.203,4.5
Policy_B_ConfidenceGated,9,53,0,0,0.9076,True,False,False,ABSTAIN,2.212,4.5
Policy_B_ConfidenceGated,9,54,0,1,0.5744,True,False,False,ABSTAIN,2.246,4.5
Policy_B_ConfidenceGated,9,55,0,0,0.5365,True,False,False,ABSTAIN,2.228,4.5
Policy_B_ConfidenceGated,9,56,0,1,0.7871,True,False,False,ABSTAIN,2.208,4.5
Policy_B_ConfidenceGated,9,57,1,1,0.9464,True,False,False,ABSTAIN,2.207,4.5
Policy_B_ConfidenceGated,9,58,1,1,0.9887,False,True,False,CLASS_1,2.192,4.5
Policy_B_ConfidenceGated,9,59,1,1,0.8503,True,False,False,ABSTAIN,2.247,4.5
Policy_B_ConfidenceGated,9,60,1,1,0.9965,False,True,False,CLASS_1,2.219,4.5
Policy_B_ConfidenceGated,9,61,1,1,0.7611,True,False,False,ABSTAIN,2.197,4.5
Policy_B_ConfidenceGated,9,62,0,1,0.8471,True,False,False,ABSTAIN,2.248,4.5
Policy_B_ConfidenceGated,9,63,0,0,0.5025,True,False,False,ABSTAIN,2.256,4.5
Policy_B_ConfidenceGated,9,64,1,1,0.9739,True,False,False,ABSTAIN,2.228,4.5
Policy_B_ConfidenceGated,9,65,0,0,0.6087,True,False,False,ABSTAIN,2.388,4.5
Policy_B_ConfidenceGated,9,66,0,0,0.8127,True,False,False,ABSTAIN,2.156,4.5
Policy_B_ConfidenceGated,9,67,1,1,0.9839,True,False,False,ABSTAIN,2.228,4.5
Policy_B_ConfidenceGated,9,68,0,0,0.7863,True,False,False,ABSTAIN,2.189,4.5
Policy_B_ConfidenceGated,9,69,0,0,0.9293,True,False,False,ABSTAIN,2.191,4.5
Policy_B_ConfidenceGated,9,70,0,0,0.7514,True,False,False,ABSTAIN,2.203,4.5
Policy_B_ConfidenceGated,9,71,0,0,0.775,True,False,False,ABSTAIN,2.212,4.5
Policy_B_ConfidenceGated,9,72,1,1,0.9113,True,False,False,ABSTAIN,2.225,4.5
Policy_B_ConfidenceGated,9,73,1,1,0.9859,False,True,False,CLASS_1,2.198,4.5
Policy_B_ConfidenceGated,9,74,1,1,0.9908,True,False,False,ABSTAIN,2.149,4.5
Policy_B_ConfidenceGated,9,75,1,1,0.9867,False,True,False,CLASS_1,2.209,4.5
Policy_B_ConfidenceGated,9,76,1,1,0.9881,True,False,False,ABSTAIN,2.217,4.5
Policy_B_ConfidenceGated,9,77,0,0,0.9523,True,False,False,ABSTAIN,2.154,4.5
Policy_B_ConfidenceGated,9,78,1,1,0.9655,True,False,False,ABSTAIN,2.166,4.5
Policy_B_ConfidenceGated,9,79,1,1,0.9906,False,True,False,CLASS_1,2.34,4.5
Policy_B_ConfidenceGated,9,80,0,0,0.9608,True,False,False,ABSTAIN,2.366,4.5
Policy_B_ConfidenceGated,9,81,0,1,0.9697,True,False,False,ABSTAIN,2.323,4.5
Policy_B_ConfidenceGated,9,82,0,1,0.814,True,False,False,ABSTAIN,2.161,4.5
Policy_B_ConfidenceGated,9,83,0,0,0.9188,True,False,False,ABSTAIN,2.164,4.5
Policy_B_ConfidenceGated,9,84,0,0,0.8116,True,False,False,ABSTAIN,2.238,4.5
Policy_B_ConfidenceGated,9,85,0,0,0.7158,True,False,False,ABSTAIN,2.236,4.5
Policy_B_ConfidenceGated,9,86,0,0,0.8151,True,False,False,ABSTAIN,2.199,4.5
Policy_B_ConfidenceGated,9,87,1,1,0.9557,True,False,False,ABSTAIN,2.196,4.5
Policy_B_ConfidenceGated,9,88,0,0,0.989,True,False,False,ABSTAIN,2.221,4.5
Policy_B_ConfidenceGated,9,89,1,1,0.9931,True,False,False,ABSTAIN,2.191,4.5
Policy_B_ConfidenceGated,9,90,0,0,0.8205,True,False,False,ABSTAIN,2.173,4.5
Policy_B_ConfidenceGated,9,91,1,1,0.924,True,False,False,ABSTAIN,2.191,4.5
Policy_B_ConfidenceGated,9,92,1,1,0.984,False,True,False,CLASS_1,2.397,4.5
Policy_B_ConfidenceGated,9,93,0,1,0.9579,True,False,False,ABSTAIN,2.582,4.5
Policy_B_ConfidenceGated,9,94,0,0,0.5091,True,False,False,ABSTAIN,2.428,4.5
Policy_B_ConfidenceGated,9,95,1,1,0.9463,True,False,False,ABSTAIN,2.354,4.5
Policy_B_ConfidenceGated,9,96,1,1,0.959,False,True,False,CLASS_1,2.354,4.5
Policy_B_ConfidenceGated,9,97,1,1,0.7791,True,False,False,ABSTAIN,2.401,4.5
Policy_B_ConfidenceGated,9,98,1,1,0.99,True,False,False,ABSTAIN,2.347,4.5
Policy_B_ConfidenceGated,9,99,0,1,0.885,False,False,True,CLASS_1,2.478,4.5
Policy_B_ConfidenceGated,9,100,0,0,0.8134,True,False,False,ABSTAIN,2.377,4.5
Policy_B_ConfidenceGated,9,101,0,1,0.56,True,False,False,ABSTAIN,2.307,4.5
Policy_B_ConfidenceGated,9,102,0,0,0.9828,True,False,False,ABSTAIN,2.36,4.5
Policy_B_ConfidenceGated,9,103,1,1,0.9886,True,False,False,ABSTAIN,2.472,4.5
Policy_B_ConfidenceGated,9,104,0,1,0.9749,False,False,True,CLASS_1,2.378,4.5
Policy_B_ConfidenceGated,9,105,0,1,0.5582,True,False,False,ABSTAIN,2.208,4.5
Policy_B_ConfidenceGated,9,106,1,1,0.9939,True,False,False,ABSTAIN,2.222,4.5
Policy_B_ConfidenceGated,9,107,1,1,0.8275,True,False,False,ABSTAIN,2.345,4.5
Policy_B_ConfidenceGated,9,108,0,0,0.9036,True,False,False,ABSTAIN,2.359,4.5
Policy_B_ConfidenceGated,9,109,0,1,0.8868,True,False,False,ABSTAIN,2.33,4.5
Policy_B_ConfidenceGated,9,110,1,1,0.9313,False,True,False,CLASS_1,2.367,4.5
Policy_B_ConfidenceGated,9,111,1,0,0.6213,True,False,False,ABSTAIN,2.424,4.5
Policy_B_ConfidenceGated,9,112,1,1,0.5082,True,False,False,ABSTAIN,2.408,4.5
Policy_B_ConfidenceGated,9,113,1,1,0.8996,True,False,False,ABSTAIN,2.334,4.5
Policy_B_ConfidenceGated,9,114,1,1,0.9647,False,True,False,CLASS_1,2.39,4.5
Policy_B_ConfidenceGated,9,115,1,1,0.968,True,False,False,ABSTAIN,2.375,4.5
Policy_B_ConfidenceGated,9,116,1,1,0.9106,False,True,False,CLASS_1,2.383,4.5
Policy_B_ConfidenceGated,9,117,0,0,0.9375,True,False,False,ABSTAIN,2.351,4.5
Policy_B_ConfidenceGated,9,118,1,1,0.952,True,False,False,ABSTAIN,2.383,4.5
Policy_B_ConfidenceGated,9,119,1,1,0.9762,False,True,False,CLASS_1,2.359,4.5
Policy_B_ConfidenceGated,9,120,0,0,0.9419,True,False,False,ABSTAIN,2.345,4.5
Policy_B_ConfidenceGated,9,121,1,1,0.9985,True,False,False,ABSTAIN,2.409,4.5
Policy_B_ConfidenceGated,9,122,0,0,0.7444,True,False,False,ABSTAIN,2.375,4.5
Policy_B_ConfidenceGated,9,123,1,1,0.9925,True,False,False,ABSTAIN,2.381,4.5
Policy_B_ConfidenceGated,9,124,1,1,0.7977,True,False,False,ABSTAIN,2.402,4.5
Policy_B_ConfidenceGated,9,125,0,0,0.7074,True,False,False,ABSTAIN,2.372,4.5
Policy_B_ConfidenceGated,9,126,1,1,0.9894,True,False,False,ABSTAIN,2.346,4.5
Policy_B_ConfidenceGated,9,127,0,0,0.9898,True,False,False,ABSTAIN,2.406,4.5
Policy_B_ConfidenceGated,9,128,1,1,0.6626,True,False,False,ABSTAIN,2.35,4.5
Policy_B_ConfidenceGated,9,129,1,1,0.9451,True,False,False,ABSTAIN,2.467,4.5
Policy_B_ConfidenceGated,9,130,1,1,0.71,True,False,False,ABSTAIN,2.396,4.5
Policy_B_ConfidenceGated,9,131,0,1,0.8883,True,False,False,ABSTAIN,2.345,4.5
Policy_B_ConfidenceGated,9,132,1,1,0.8466,False,True,False,CLASS_1,2.351,4.5
Policy_B_ConfidenceGated,9,133,0,0,0.7425,True,False,False,ABSTAIN,2.289,4.5
Policy_B_ConfidenceGated,9,134,0,1,0.6176,True,False,False,ABSTAIN,2.287,4.5
Policy_B_ConfidenceGated,9,135,0,0,0.6157,True,False,False,ABSTAIN,2.289,4.5
Policy_B_ConfidenceGated,9,136,1,1,0.9931,True,False,False,ABSTAIN,2.28,4.5
Policy_B_ConfidenceGated,9,137,0,0,0.8942,True,False,False,ABSTAIN,2.28,4.5
Policy_B_ConfidenceGated,9,138,0,0,0.8067,True,False,False,ABSTAIN,2.277,4.5
Policy_B_ConfidenceGated,9,139,0,0,0.7909,True,False,False,ABSTAIN,2.254,4.5
Policy_B_ConfidenceGated,9,140,0,1,0.704,True,False,False,ABSTAIN,2.264,4.5
Policy_B_ConfidenceGated,9,141,1,1,0.9876,True,False,False,ABSTAIN,2.328,4.5
Policy_B_ConfidenceGated,9,142,1,1,0.8529,False,True,False,CLASS_1,2.268,4.5
Policy_B_ConfidenceGated,9,143,1,1,0.8943,True,False,False,ABSTAIN,2.263,4.5
Policy_B_ConfidenceGated,9,144,0,1,0.9486,False,False,True,CLASS_1,2.262,4.5
Policy_B_ConfidenceGated,9,145,0,0,0.9827,True,False,False,ABSTAIN,2.236,4.5
Policy_B_ConfidenceGated,9,146,0,0,0.6544,True,False,False,ABSTAIN,2.262,4.5
Policy_B_ConfidenceGated,9,147,1,1,0.9906,True,False,False,ABSTAIN,2.365,4.5
Policy_B_ConfidenceGated,9,148,0,1,0.8052,True,False,False,ABSTAIN,2.391,4.5
Policy_B_ConfidenceGated,9,149,1,1,0.9686,True,False,False,ABSTAIN,2.415,4.5
Policy_B_ConfidenceGated,9,150,1,1,0.9392,False,True,False,CLASS_1,2.354,4.5
Policy_B_ConfidenceGated,9,151,1,1,0.9615,True,False,False,ABSTAIN,2.467,4.5
Policy_B_ConfidenceGated,9,152,1,1,0.6919,True,False,False,ABSTAIN,2.361,4.5
Policy_B_ConfidenceGated,9,153,0,1,0.7793,True,False,False,ABSTAIN,2.431,4.5
Policy_B_ConfidenceGated,9,154,1,1,0.5083,True,False,False,ABSTAIN,2.398,4.5
Policy_B_ConfidenceGated,9,155,0,0,0.9903,True,False,False,ABSTAIN,2.343,4.5
Policy_B_ConfidenceGated,9,156,0,0,0.8374,False,True,False,CLASS_0,2.384,4.5
Policy_B_ConfidenceGated,9,157,1,1,0.9934,True,False,False,ABSTAIN,2.424,4.5
Policy_B_ConfidenceGated,9,158,1,1,0.9156,False,True,False,CLASS_1,2.428,4.5
Policy_B_ConfidenceGated,9,159,0,0,0.9342,True,False,False,ABSTAIN,2.358,4.5
Policy_B_ConfidenceGated,9,160,0,0,0.7469,True,False,False,ABSTAIN,2.376,4.5
Policy_C_SharedControl,9,1,1,1,0.9881,True,False,False,,2.696,4.5
Policy_C_SharedControl,9,2,0,1,0.9378,False,False,True,SELECT_RIGHT,2.176,4.5
Policy_C_SharedControl,9,3,0,1,0.6941,True,False,False,,2.309,4.5
Policy_C_SharedControl,9,4,1,1,0.9673,True,False,False,,2.377,4.5
Policy_C_SharedControl,9,5,0,0,0.7087,True,False,False,,2.324,4.5
Policy_C_SharedControl,9,6,0,1,0.9534,True,False,False,,2.244,4.5
Policy_C_SharedControl,9,7,0,0,0.625,True,False,False,,2.188,4.5
Policy_C_SharedControl,9,8,1,1,0.9856,True,False,False,,2.208,4.5
Policy_C_SharedControl,9,9,0,0,0.7345,True,False,False,,2.218,4.5
Policy_C_SharedControl,9,10,0,1,0.5386,True,False,False,,2.273,4.5
Policy_C_SharedControl,9,11,1,1,0.8064,True,False,False,,2.312,4.5
Policy_C_SharedControl,9,12,1,1,0.7484,True,False,False,,2.388,4.5
Policy_C_SharedControl,9,13,1,1,0.8019,True,False,False,,2.463,4.5
Policy_C_SharedControl,9,14,0,0,0.8833,True,False,False,,2.457,4.5
Policy_C_SharedControl,9,15,1,1,0.9299,True,False,False,,2.414,4.5
Policy_C_SharedControl,9,16,1,1,0.9549,False,True,False,REACH_FORWARD,2.316,4.5
Policy_C_SharedControl,9,17,1,1,0.9888,True,False,False,,2.349,4.5
Policy_C_SharedControl,9,18,0,1,0.9378,False,False,True,GRASP_CLOSE,2.726,4.5
Policy_C_SharedControl,9,19,1,1,0.8689,True,False,False,,2.711,4.5
Policy_C_SharedControl,9,20,0,1,0.6296,True,False,False,,2.458,4.5
Policy_C_SharedControl,9,21,1,0,0.6512,True,False,False,,2.419,4.5
Policy_C_SharedControl,9,22,0,0,0.7813,True,False,False,,2.441,4.5
Policy_C_SharedControl,9,23,1,1,0.9593,True,False,False,,2.395,4.5
Policy_C_SharedControl,9,24,1,1,0.9558,False,True,False,GRASP_CLOSE,2.754,4.5
Policy_C_SharedControl,9,25,1,0,0.5782,True,False,False,,2.741,4.5
Policy_C_SharedControl,9,26,0,0,0.9465,True,False,False,,2.741,4.5
Policy_C_SharedControl,9,27,0,0,0.6044,True,False,False,,2.701,4.5
Policy_C_SharedControl,9,28,0,1,0.7037,True,False,False,,2.7,4.5
Policy_C_SharedControl,9,29,0,1,0.5338,True,False,False,,2.737,4.5
Policy_C_SharedControl,9,30,0,1,0.6005,True,False,False,,2.944,4.5
Policy_C_SharedControl,9,31,1,1,0.9729,True,False,False,,2.959,4.5
Policy_C_SharedControl,9,32,1,1,0.9702,False,True,False,GRASP_CLOSE,2.985,4.5
Policy_C_SharedControl,9,33,1,1,0.9082,True,False,False,,2.855,4.5
Policy_C_SharedControl,9,34,0,1,0.6239,True,False,False,,2.739,4.5
Policy_C_SharedControl,9,35,0,0,0.9087,True,False,False,,2.812,4.5
Policy_C_SharedControl,9,36,1,1,0.9858,True,False,False,,3.644,4.5
Policy_C_SharedControl,9,37,1,1,0.9835,False,True,False,GRASP_CLOSE,3.036,4.5
Policy_C_SharedControl,9,38,0,1,0.7764,True,False,False,,2.999,4.5
Policy_C_SharedControl,9,39,0,0,0.7289,True,False,False,,2.977,4.5
Policy_C_SharedControl,9,40,1,1,0.6724,True,False,False,,3.007,4.5
Policy_C_SharedControl,9,41,1,1,0.9357,True,False,False,,3.572,4.5
Policy_C_SharedControl,9,42,1,1,0.8592,False,True,False,GRASP_CLOSE,3.516,4.5
Policy_C_SharedControl,9,43,1,1,0.9061,True,False,False,,3.529,4.5
Policy_C_SharedControl,9,44,0,1,0.9606,False,False,True,GRASP_CLOSE,3.689,4.5
Policy_C_SharedControl,9,45,1,1,0.842,True,False,False,,3.246,4.5
Policy_C_SharedControl,9,46,0,0,0.6293,True,False,False,,4.579,4.5
Policy_C_SharedControl,9,47,0,1,0.7421,True,False,False,,3.886,4.5
Policy_C_SharedControl,9,48,1,1,0.9873,True,False,False,,3.68,4.5
Policy_C_SharedControl,9,49,1,1,0.9049,False,True,False,GRASP_CLOSE,3.661,4.5
Policy_C_SharedControl,9,50,0,1,0.863,True,False,False,,4.379,4.5
Policy_C_SharedControl,9,51,0,0,0.5839,True,False,False,,4.441,4.5
Policy_C_SharedControl,9,52,0,1,0.8591,True,False,False,,4.569,4.5
Policy_C_SharedControl,9,53,0,0,0.9076,True,False,False,,4.45,4.5
Policy_C_SharedControl,9,54,0,1,0.5744,True,False,False,,4.881,4.5
Policy_C_SharedControl,9,55,0,0,0.5365,True,False,False,,4.961,4.5
Policy_C_SharedControl,9,56,0,1,0.7871,True,False,False,,5.879,4.5
Policy_C_SharedControl,9,57,1,1,0.9464,True,False,False,,5.3,4.5
Policy_C_SharedControl,9,58,1,1,0.9887,False,True,False,GRASP_CLOSE,4.93,4.5
Policy_C_SharedControl,9,59,1,1,0.8503,True,False,False,,4.915,4.5
Policy_C_SharedControl,9,60,1,1,0.9965,False,True,False,GRASP_CLOSE,4.88,4.5
Policy_C_SharedControl,9,61,1,1,0.7611,True,False,False,,4.78,4.5
Policy_C_SharedControl,9,62,0,1,0.8471,True,False,False,,4.869,4.5
Policy_C_SharedControl,9,63,0,0,0.5025,True,False,False,,4.909,4.5
Policy_C_SharedControl,9,64,1,1,0.9739,True,False,False,,4.884,4.5
Policy_C_SharedControl,9,65,0,0,0.6087,True,False,False,,4.815,4.5
Policy_C_SharedControl,9,66,0,0,0.8127,True,False,False,,4.926,4.5
Policy_C_SharedControl,9,67,1,1,0.9839,True,False,False,,5.189,4.5
Policy_C_SharedControl,9,68,0,0,0.7863,True,False,False,,4.95,4.5
Policy_C_SharedControl,9,69,0,0,0.9293,True,False,False,,4.991,4.5
Policy_C_SharedControl,9,70,0,0,0.7514,True,False,False,,4.775,4.5
Policy_C_SharedControl,9,71,0,0,0.775,True,False,False,,4.827,4.5
Policy_C_SharedControl,9,72,1,1,0.9113,True,False,False,,4.837,4.5
Policy_C_SharedControl,9,73,1,1,0.9859,False,True,False,GRASP_CLOSE,4.858,4.5
Policy_C_SharedControl,9,74,1,1,0.9908,True,False,False,,5.034,4.5
Policy_C_SharedControl,9,75,1,1,0.9867,False,True,False,GRASP_CLOSE,4.956,4.5
Policy_C_SharedControl,9,76,1,1,0.9881,True,False,False,,5.008,4.5
Policy_C_SharedControl,9,77,0,0,0.9523,True,False,False,,4.607,4.5
Policy_C_SharedControl,9,78,1,1,0.9655,True,False,False,,4.865,4.5
Policy_C_SharedControl,9,79,1,1,0.9906,False,True,False,GRASP_CLOSE,5.304,4.5
Policy_C_SharedControl,9,80,0,0,0.9608,True,False,False,,4.885,4.5
Policy_C_SharedControl,9,81,0,1,0.9697,True,False,False,,4.763,4.5
Policy_C_SharedControl,9,82,0,1,0.814,True,False,False,,4.77,4.5
Policy_C_SharedControl,9,83,0,0,0.9188,True,False,False,,31.673,4.5
Policy_C_SharedControl,9,84,0,0,0.8116,True,False,False,,7.188,4.5
Policy_C_SharedControl,9,85,0,0,0.7158,True,False,False,,5.485,4.5
Policy_C_SharedControl,9,86,0,0,0.8151,True,False,False,,5.733,4.5
Policy_C_SharedControl,9,87,1,1,0.9557,True,False,False,,5.199,4.5
Policy_C_SharedControl,9,88,0,0,0.989,True,False,False,,5.089,4.5
Policy_C_SharedControl,9,89,1,1,0.9931,True,False,False,,5.046,4.5
Policy_C_SharedControl,9,90,0,0,0.8205,True,False,False,,5.428,4.5
Policy_C_SharedControl,9,91,1,1,0.924,True,False,False,,5.19,4.5
Policy_C_SharedControl,9,92,1,1,0.984,False,True,False,GRASP_CLOSE,5.148,4.5
Policy_C_SharedControl,9,93,0,1,0.9579,True,False,False,,5.128,4.5
Policy_C_SharedControl,9,94,0,0,0.5091,True,False,False,,5.635,4.5
Policy_C_SharedControl,9,95,1,1,0.9463,True,False,False,,5.579,4.5
Policy_C_SharedControl,9,96,1,1,0.959,False,True,False,GRASP_CLOSE,4.731,4.5
Policy_C_SharedControl,9,97,1,1,0.7791,True,False,False,,4.862,4.5
Policy_C_SharedControl,9,98,1,1,0.99,True,False,False,,5.034,4.5
Policy_C_SharedControl,9,99,0,1,0.885,False,False,True,GRASP_CLOSE,5.025,4.5
Policy_C_SharedControl,9,100,0,0,0.8134,True,False,False,,5.451,4.5
Policy_C_SharedControl,9,101,0,1,0.56,True,False,False,,5.073,4.5
Policy_C_SharedControl,9,102,0,0,0.9828,True,False,False,,5.11,4.5
Policy_C_SharedControl,9,103,1,1,0.9886,True,False,False,,5.201,4.5
Policy_C_SharedControl,9,104,0,1,0.9749,False,False,True,GRASP_CLOSE,5.109,4.5
Policy_C_SharedControl,9,105,0,1,0.5582,True,False,False,,5.061,4.5
Policy_C_SharedControl,9,106,1,1,0.9939,True,False,False,,5.314,4.5
Policy_C_SharedControl,9,107,1,1,0.8275,True,False,False,,5.125,4.5
Policy_C_SharedControl,9,108,0,0,0.9036,True,False,False,,5.044,4.5
Policy_C_SharedControl,9,109,0,1,0.8868,True,False,False,,5.561,4.5
Policy_C_SharedControl,9,110,1,1,0.9313,False,True,False,GRASP_CLOSE,5.427,4.5
Policy_C_SharedControl,9,111,1,0,0.6213,True,False,False,,5.295,4.5
Policy_C_SharedControl,9,112,1,1,0.5082,True,False,False,,5.442,4.5
Policy_C_SharedControl,9,113,1,1,0.8996,True,False,False,,5.222,4.5
Policy_C_SharedControl,9,114,1,1,0.9647,False,True,False,GRASP_CLOSE,5.195,4.5
Policy_C_SharedControl,9,115,1,1,0.968,True,False,False,,5.057,4.5
Policy_C_SharedControl,9,116,1,1,0.9106,False,True,False,GRASP_CLOSE,5.413,4.5
Policy_C_SharedControl,9,117,0,0,0.9375,True,False,False,,5.52,4.5
Policy_C_SharedControl,9,118,1,1,0.952,True,False,False,,5.215,4.5
Policy_C_SharedControl,9,119,1,1,0.9762,False,True,False,GRASP_CLOSE,5.174,4.5
Policy_C_SharedControl,9,120,0,0,0.9419,True,False,False,,5.135,4.5
Policy_C_SharedControl,9,121,1,1,0.9985,True,False,False,,4.994,4.5
Policy_C_SharedControl,9,122,0,0,0.7444,True,False,False,,5.098,4.5
Policy_C_SharedControl,9,123,1,1,0.9925,True,False,False,,5.269,4.5
Policy_C_SharedControl,9,124,1,1,0.7977,True,False,False,,5.067,4.5
Policy_C_SharedControl,9,125,0,0,0.7074,True,False,False,,5.314,4.5
Policy_C_SharedControl,9,126,1,1,0.9894,True,False,False,,5.074,4.5
Policy_C_SharedControl,9,127,0,0,0.9898,True,False,False,,5.003,4.5
Policy_C_SharedControl,9,128,1,1,0.6626,True,False,False,,5.265,4.5
Policy_C_SharedControl,9,129,1,1,0.9451,True,False,False,,5.029,4.5
Policy_C_SharedControl,9,130,1,1,0.71,True,False,False,,5.165,4.5
Policy_C_SharedControl,9,131,0,1,0.8883,True,False,False,,5.103,4.5
Policy_C_SharedControl,9,132,1,1,0.8466,False,True,False,GRASP_CLOSE,5.146,4.5
Policy_C_SharedControl,9,133,0,0,0.7425,True,False,False,,5.318,4.5
Policy_C_SharedControl,9,134,0,1,0.6176,True,False,False,,5.08,4.5
Policy_C_SharedControl,9,135,0,0,0.6157,True,False,False,,5.082,4.5
Policy_C_SharedControl,9,136,1,1,0.9931,True,False,False,,5.251,4.5
Policy_C_SharedControl,9,137,0,0,0.8942,True,False,False,,5.171,4.5
Policy_C_SharedControl,9,138,0,0,0.8067,True,False,False,,5.184,4.5
Policy_C_SharedControl,9,139,0,0,0.7909,True,False,False,,5.092,4.5
Policy_C_SharedControl,9,140,0,1,0.704,True,False,False,,5.08,4.5
Policy_C_SharedControl,9,141,1,1,0.9876,True,False,False,,5.09,4.5
Policy_C_SharedControl,9,142,1,1,0.8529,False,True,False,GRASP_CLOSE,5.082,4.5
Policy_C_SharedControl,9,143,1,1,0.8943,True,False,False,,5.066,4.5
Policy_C_SharedControl,9,144,0,1,0.9486,False,False,True,GRASP_CLOSE,5.059,4.5
Policy_C_SharedControl,9,145,0,0,0.9827,True,False,False,,5.201,4.5
Policy_C_SharedControl,9,146,0,0,0.6544,True,False,False,,5.088,4.5
Policy_C_SharedControl,9,147,1,1,0.9906,True,False,False,,5.129,4.5
Policy_C_SharedControl,9,148,0,1,0.8052,True,False,False,,5.265,4.5
Policy_C_SharedControl,9,149,1,1,0.9686,True,False,False,,5.071,4.5
Policy_C_SharedControl,9,150,1,1,0.9392,False,True,False,GRASP_CLOSE,5.146,4.5
Policy_C_SharedControl,9,151,1,1,0.9615,True,False,False,,5.22,4.5
Policy_C_SharedControl,9,152,1,1,0.6919,True,False,False,,5.162,4.5
Policy_C_SharedControl,9,153,0,1,0.7793,True,False,False,,5.154,4.5
Policy_C_SharedControl,9,154,1,1,0.5083,True,False,False,,5.12,4.5
Policy_C_SharedControl,9,155,0,0,0.9903,True,False,False,,5.509,4.5
Policy_C_SharedControl,9,156,0,0,0.8374,False,True,False,GRASP_OPEN,5.184,4.5
Policy_C_SharedControl,9,157,1,1,0.9934,True,False,False,,5.247,4.5
Policy_C_SharedControl,9,158,1,1,0.9156,False,True,False,GRASP_CLOSE,5.123,4.5
Policy_C_SharedControl,9,159,0,0,0.9342,True,False,False,,5.175,4.5
Policy_C_SharedControl,9,160,0,0,0.7469,True,False,False,,5.169,4.5
