policy,subject,trial,true_label,decoded,confidence,abstained,correct,unsafe_action,intent,latency_ms,trial_duration_s
Policy_A_Direct,1,1,1,1,0.7908211946487427,False,True,False,CLASS_1,190.579,4.5
Policy_A_Direct,1,2,0,0,0.9728135466575623,False,True,False,CLASS_0,2.07,4.5
Policy_A_Direct,1,3,1,1,0.6677310466766357,False,True,False,CLASS_1,1.736,4.5
Policy_A_Direct,1,4,0,0,0.9529657959938049,False,True,False,CLASS_0,1.71,4.5
Policy_A_Direct,1,5,0,0,0.6686614155769348,False,True,False,CLASS_0,1.679,4.5
Policy_A_Direct,1,6,0,1,0.7300199270248413,False,False,True,CLASS_1,1.596,4.5
Policy_A_Direct,1,7,1,0,0.5170305967330933,False,False,True,CLASS_0,1.673,4.5
Policy_A_Direct,1,8,0,1,0.6927056908607483,False,False,True,CLASS_1,1.664,4.5
Policy_A_Direct,1,9,0,1,0.7141453623771667,False,False,True,CLASS_1,1.809,4.5
Policy_A_Direct,1,10,0,0,0.7862574458122253,False,True,False,CLASS_0,1.741,4.5
Policy_A_Direct,1,11,1,1,0.9652962684631348,False,True,False,CLASS_1,1.722,4.5
Policy_A_Direct,1,12,0,1,0.9406419396400452,False,False,True,CLASS_1,1.729,4.5
Policy_A_Direct,1,13,1,1,0.9663243889808655,False,True,False,CLASS_1,1.721,4.5
Policy_A_Direct,1,14,0,0,0.6689632534980774,False,True,False,CLASS_0,1.658,4.5
Policy_A_Direct,1,15,1,1,0.9188159704208374,False,True,False,CLASS_1,1.702,4.5
Policy_A_Direct,1,16,0,0,0.9963777661323547,False,True,False,CLASS_0,1.677,4.5
Policy_A_Direct,1,17,0,0,0.8789838552474976,False,True,False,CLASS_0,1.692,4.5
Policy_A_Direct,1,18,0,0,0.7072550654411316,False,True,False,CLASS_0,1.697,4.5
Policy_A_Direct,1,19,0,1,0.899572491645813,False,False,True,CLASS_1,1.698,4.5
Policy_A_Direct,1,20,0,0,0.921517014503479,False,True,False,CLASS_0,1.711,4.5
Policy_A_Direct,1,21,1,1,0.8966516256332397,False,True,False,CLASS_1,1.739,4.5
Policy_A_Direct,1,22,1,1,0.9867638945579529,False,True,False,CLASS_1,1.761,4.5
Policy_A_Direct,1,23,1,1,0.8604635000228882,False,True,False,CLASS_1,1.702,4.5
Policy_A_Direct,1,24,0,1,0.8295392394065857,False,False,True,CLASS_1,1.707,4.5
Policy_A_Direct,1,25,1,1,0.9796110391616821,False,True,False,CLASS_1,1.787,4.5
Policy_A_Direct,1,26,1,1,0.9273943305015564,False,True,False,CLASS_1,1.742,4.5
Policy_A_Direct,1,27,1,1,0.8480510711669922,False,True,False,CLASS_1,1.845,4.5
Policy_A_Direct,1,28,1,1,0.9871877431869507,False,True,False,CLASS_1,1.812,4.5
Policy_A_Direct,1,29,0,0,0.8687261343002319,False,True,False,CLASS_0,1.813,4.5
Policy_A_Direct,1,30,1,0,0.8832003474235535,False,False,True,CLASS_0,1.88,4.5
Policy_A_Direct,1,31,1,1,0.9461458921432495,False,True,False,CLASS_1,1.867,4.5
Policy_A_Direct,1,32,1,1,0.8058123588562012,False,True,False,CLASS_1,1.831,4.5
Policy_A_Direct,1,33,0,0,0.9427645802497864,False,True,False,CLASS_0,1.804,4.5
Policy_A_Direct,1,34,0,0,0.9306565523147583,False,True,False,CLASS_0,1.871,4.5
Policy_A_Direct,1,35,1,1,0.9725767970085144,False,True,False,CLASS_1,1.873,4.5
Policy_A_Direct,1,36,1,1,0.9137798547744751,False,True,False,CLASS_1,1.909,4.5
Policy_A_Direct,1,37,0,0,0.6186552047729492,False,True,False,CLASS_0,1.877,4.5
Policy_A_Direct,1,38,1,1,0.8927064538002014,False,True,False,CLASS_1,1.846,4.5
Policy_A_Direct,1,39,0,0,0.5684725046157837,False,True,False,CLASS_0,1.854,4.5
Policy_A_Direct,1,40,1,1,0.993868887424469,False,True,False,CLASS_1,1.899,4.5
Policy_A_Direct,1,41,1,1,0.9338416457176208,False,True,False,CLASS_1,1.873,4.5
Policy_A_Direct,1,42,0,1,0.950896680355072,False,False,True,CLASS_1,1.884,4.5
Policy_A_Direct,1,43,0,1,0.6215922832489014,False,False,True,CLASS_1,1.97,4.5
Policy_A_Direct,1,44,1,0,0.7744717001914978,False,False,True,CLASS_0,1.983,4.5
Policy_A_Direct,1,45,0,1,0.6380831003189087,False,False,True,CLASS_1,1.971,4.5
Policy_A_Direct,1,46,0,0,0.6172513365745544,False,True,False,CLASS_0,1.993,4.5
Policy_A_Direct,1,47,0,0,0.6234208941459656,False,True,False,CLASS_0,1.968,4.5
Policy_A_Direct,1,48,1,1,0.8234827518463135,False,True,False,CLASS_1,1.946,4.5
Policy_A_Direct,1,49,0,1,0.7477593421936035,False,False,True,CLASS_1,1.936,4.5
Policy_A_Direct,1,50,0,0,0.9733074307441711,False,True,False,CLASS_0,1.929,4.5
Policy_A_Direct,1,51,1,1,0.6755869388580322,False,True,False,CLASS_1,2.062,4.5
Policy_A_Direct,1,52,1,1,0.9916437268257141,False,True,False,CLASS_1,2.05,4.5
Policy_A_Direct,1,53,1,1,0.9215519428253174,False,True,False,CLASS_1,2.089,4.5
Policy_A_Direct,1,54,0,0,0.6203435659408569,False,True,False,CLASS_0,2.026,4.5
Policy_A_Direct,1,55,1,0,0.5153688192367554,False,False,True,CLASS_0,2.185,4.5
Policy_A_Direct,1,56,1,0,0.5101109147071838,False,False,True,CLASS_0,2.057,4.5
Policy_A_Direct,1,57,1,1,0.9161600470542908,False,True,False,CLASS_1,2.121,4.5
Policy_A_Direct,1,58,0,1,0.8283095359802246,False,False,True,CLASS_1,2.362,4.5
Policy_A_Direct,1,59,1,1,0.750865638256073,False,True,False,CLASS_1,2.418,4.5
Policy_A_Direct,1,60,0,1,0.9509005546569824,False,False,True,CLASS_1,2.301,4.5
Policy_A_Direct,1,61,1,1,0.8864038586616516,False,True,False,CLASS_1,2.529,4.5
Policy_A_Direct,1,62,0,0,0.8737074732780457,False,True,False,CLASS_0,2.384,4.5
Policy_A_Direct,1,63,1,1,0.9459472298622131,False,True,False,CLASS_1,2.453,4.5
Policy_A_Direct,1,64,1,1,0.6641318202018738,False,True,False,CLASS_1,2.414,4.5
Policy_A_Direct,1,65,1,0,0.5745720863342285,False,False,True,CLASS_0,2.734,4.5
Policy_A_Direct,1,66,0,0,0.7294442653656006,False,True,False,CLASS_0,2.658,4.5
Policy_A_Direct,1,67,0,0,0.8593921661376953,False,True,False,CLASS_0,2.705,4.5
Policy_A_Direct,1,68,0,0,0.919308066368103,False,True,False,CLASS_0,2.714,4.5
Policy_A_Direct,1,69,0,0,0.9869428873062134,False,True,False,CLASS_0,2.671,4.5
Policy_A_Direct,1,70,0,1,0.5663244128227234,False,False,True,CLASS_1,3.471,4.5
Policy_A_Direct,1,71,1,0,0.7267612218856812,False,False,True,CLASS_0,2.697,4.5
Policy_A_Direct,1,72,1,1,0.9625755548477173,False,True,False,CLASS_1,2.648,4.5
Policy_A_Direct,1,73,1,1,0.9632573127746582,False,True,False,CLASS_1,2.603,4.5
Policy_A_Direct,1,74,0,0,0.9094752669334412,False,True,False,CLASS_0,2.631,4.5
Policy_A_Direct,1,75,0,0,0.7292727828025818,False,True,False,CLASS_0,2.7,4.5
Policy_A_Direct,1,76,1,0,0.5682398080825806,False,False,True,CLASS_0,2.693,4.5
Policy_A_Direct,1,77,1,0,0.5798333883285522,False,False,True,CLASS_0,2.494,4.5
Policy_A_Direct,1,78,0,0,0.7337201833724976,False,True,False,CLASS_0,2.53,4.5
Policy_A_Direct,1,79,0,0,0.9847502708435059,False,True,False,CLASS_0,2.664,4.5
Policy_A_Direct,1,80,1,1,0.9110186696052551,False,True,False,CLASS_1,2.561,4.5
Policy_A_Direct,1,81,1,1,0.9730628132820129,False,True,False,CLASS_1,2.582,4.5
Policy_A_Direct,1,82,1,1,0.8257232904434204,False,True,False,CLASS_1,2.767,4.5
Policy_A_Direct,1,83,1,1,0.672974169254303,False,True,False,CLASS_1,2.485,4.5
Policy_A_Direct,1,84,0,0,0.9928653240203857,False,True,False,CLASS_0,2.522,4.5
Policy_A_Direct,1,85,1,1,0.7664133310317993,False,True,False,CLASS_1,2.643,4.5
Policy_A_Direct,1,86,0,0,0.6550378203392029,False,True,False,CLASS_0,2.552,4.5
Policy_A_Direct,1,87,0,0,0.9238380193710327,False,True,False,CLASS_0,2.563,4.5
Policy_A_Direct,1,88,1,0,0.6620581746101379,False,False,True,CLASS_0,2.552,4.5
Policy_A_Direct,1,89,1,1,0.9862594604492188,False,True,False,CLASS_1,2.681,4.5
Policy_A_Direct,1,90,0,1,0.7888281345367432,False,False,True,CLASS_1,2.64,4.5
Policy_A_Direct,1,91,0,0,0.860025942325592,False,True,False,CLASS_0,2.523,4.5
Policy_A_Direct,1,92,0,1,0.6698015332221985,False,False,True,CLASS_1,2.585,4.5
Policy_A_Direct,1,93,0,0,0.8659511208534241,False,True,False,CLASS_0,2.519,4.5
Policy_A_Direct,1,94,0,1,0.7261887192726135,False,False,True,CLASS_1,2.493,4.5
Policy_A_Direct,1,95,0,0,0.8412728905677795,False,True,False,CLASS_0,2.622,4.5
Policy_A_Direct,1,96,0,0,0.8979654312133789,False,True,False,CLASS_0,2.675,4.5
Policy_A_Direct,1,97,1,1,0.9467463493347168,False,True,False,CLASS_1,2.657,4.5
Policy_A_Direct,1,98,1,1,0.9793492555618286,False,True,False,CLASS_1,2.819,4.5
Policy_A_Direct,1,99,1,0,0.7058499455451965,False,False,True,CLASS_0,2.734,4.5
Policy_A_Direct,1,100,1,1,0.8233776092529297,False,True,False,CLASS_1,2.673,4.5
Policy_A_Direct,1,101,1,1,0.7196122407913208,False,True,False,CLASS_1,2.922,4.5
Policy_A_Direct,1,102,0,0,0.5081530809402466,False,True,False,CLASS_0,2.67,4.5
Policy_A_Direct,1,103,0,1,0.8003370761871338,False,False,True,CLASS_1,2.653,4.5
Policy_A_Direct,1,104,1,1,0.9701067209243774,False,True,False,CLASS_1,2.799,4.5
Policy_A_Direct,1,105,0,1,0.6023977398872375,False,False,True,CLASS_1,2.75,4.5
Policy_A_Direct,1,106,0,0,0.8675782680511475,False,True,False,CLASS_0,2.672,4.5
Policy_A_Direct,1,107,1,1,0.9706293940544128,False,True,False,CLASS_1,2.766,4.5
Policy_A_Direct,1,108,0,0,0.9096790552139282,False,True,False,CLASS_0,2.814,4.5
Policy_A_Direct,1,109,0,0,0.5006074905395508,False,True,False,CLASS_0,2.62,4.5
Policy_A_Direct,1,110,0,0,0.8253011107444763,False,True,False,CLASS_0,2.755,4.5
Policy_A_Direct,1,111,0,0,0.8405044674873352,False,True,False,CLASS_0,2.627,4.5
Policy_A_Direct,1,112,1,1,0.8378527760505676,False,True,False,CLASS_1,2.682,4.5
Policy_A_Direct,1,113,1,1,0.9838617444038391,False,True,False,CLASS_1,2.761,4.5
Policy_A_Direct,1,114,1,0,0.6001850962638855,False,False,True,CLASS_0,2.673,4.5
Policy_A_Direct,1,115,1,1,0.9285149574279785,False,True,False,CLASS_1,2.602,4.5
Policy_A_Direct,1,116,1,1,0.7553414702415466,False,True,False,CLASS_1,2.767,4.5
Policy_A_Direct,1,117,0,0,0.7484830021858215,False,True,False,CLASS_0,2.735,4.5
Policy_A_Direct,1,118,1,1,0.9950183629989624,False,True,False,CLASS_1,2.646,4.5
Policy_A_Direct,1,119,1,1,0.5158164501190186,False,True,False,CLASS_1,2.809,4.5
Policy_A_Direct,1,120,0,0,0.6309618949890137,False,True,False,CLASS_0,2.745,4.5
Policy_A_Direct,1,121,0,0,0.9905866980552673,False,True,False,CLASS_0,2.656,4.5
Policy_A_Direct,1,122,0,1,0.6252418160438538,False,False,True,CLASS_1,2.674,4.5
Policy_A_Direct,1,123,0,0,0.8042682409286499,False,True,False,CLASS_0,2.652,4.5
Policy_A_Direct,1,124,0,0,0.9812988638877869,False,True,False,CLASS_0,2.668,4.5
Policy_A_Direct,1,125,0,0,0.6860059499740601,False,True,False,CLASS_0,2.827,4.5
Policy_A_Direct,1,126,0,0,0.990038275718689,False,True,False,CLASS_0,2.791,4.5
Policy_A_Direct,1,127,1,1,0.7969121932983398,False,True,False,CLASS_1,2.624,4.5
Policy_A_Direct,1,128,0,1,0.7142241597175598,False,False,True,CLASS_1,2.801,4.5
Policy_A_Direct,1,129,1,0,0.574312150478363,False,False,True,CLASS_0,2.841,4.5
Policy_A_Direct,1,130,0,1,0.8501803278923035,False,False,True,CLASS_1,2.728,4.5
Policy_A_Direct,1,131,1,1,0.8530604243278503,False,True,False,CLASS_1,2.786,4.5
Policy_A_Direct,1,132,1,0,0.9127954840660095,False,False,True,CLASS_0,2.805,4.5
Policy_A_Direct,1,133,0,0,0.96470046043396,False,True,False,CLASS_0,2.72,4.5
Policy_A_Direct,1,134,0,0,0.6824418306350708,False,True,False,CLASS_0,2.737,4.5
Policy_A_Direct,1,135,1,0,0.6830273270606995,False,False,True,CLASS_0,2.865,4.5
Policy_A_Direct,1,136,1,1,0.8495348691940308,False,True,False,CLASS_1,2.723,4.5
Policy_A_Direct,1,137,1,1,0.5209289789199829,False,True,False,CLASS_1,3.159,4.5
Policy_A_Direct,1,138,1,1,0.8363107442855835,False,True,False,CLASS_1,2.826,4.5
Policy_A_Direct,1,139,0,1,0.960615873336792,False,False,True,CLASS_1,2.612,4.5
Policy_A_Direct,1,140,0,1,0.731204092502594,False,False,True,CLASS_1,2.595,4.5
Policy_A_Direct,1,141,0,0,0.6452065110206604,False,True,False,CLASS_0,2.555,4.5
Policy_A_Direct,1,142,0,0,0.7372244000434875,False,True,False,CLASS_0,2.483,4.5
Policy_A_Direct,1,143,1,1,0.9954362511634827,False,True,False,CLASS_1,2.695,4.5
Policy_A_Direct,1,144,0,1,0.798679769039154,False,False,True,CLASS_1,2.697,4.5
Policy_A_Direct,1,145,0,1,0.909117579460144,False,False,True,CLASS_1,2.734,4.5
Policy_A_Direct,1,146,1,1,0.8579543232917786,False,True,False,CLASS_1,2.694,4.5
Policy_A_Direct,1,147,1,1,0.9997038245201111,False,True,False,CLASS_1,2.761,4.5
Policy_A_Direct,1,148,0,1,0.5526385307312012,False,False,True,CLASS_1,2.624,4.5
Policy_A_Direct,1,149,0,1,0.7633371949195862,False,False,True,CLASS_1,2.828,4.5
Policy_A_Direct,1,150,1,1,0.9262479543685913,False,True,False,CLASS_1,2.705,4.5
Policy_A_Direct,1,151,1,1,0.9118840098381042,False,True,False,CLASS_1,2.78,4.5
Policy_A_Direct,1,152,1,1,0.9135127663612366,False,True,False,CLASS_1,2.681,4.5
Policy_A_Direct,1,153,1,1,0.9300356507301331,False,True,False,CLASS_1,2.859,4.5
Policy_A_Direct,1,154,1,1,0.9056186676025391,False,True,False,CLASS_1,2.757,4.5
Policy_A_Direct,1,155,1,1,0.9999915361404419,False,True,False,CLASS_1,2.734,4.5
Policy_A_Direct,1,156,1,1,0.8874202370643616,False,True,False,CLASS_1,2.821,4.5
Policy_A_Direct,1,157,0,1,0.9804350137710571,False,False,True,CLASS_1,2.711,4.5
Policy_A_Direct,1,158,1,1,0.9932204484939575,False,True,False,CLASS_1,2.664,4.5
Policy_A_Direct,1,159,1,0,0.8159688115119934,False,False,True,CLASS_0,2.727,4.5
Policy_A_Direct,1,160,0,1,0.7998473048210144,False,False,True,CLASS_1,2.659,4.5
Policy_B_ConfidenceGated,1,1,1,1,0.7908211946487427,True,False,False,ABSTAIN,3.224,4.5
Policy_B_ConfidenceGated,1,2,0,0,0.9728135466575623,False,True,False,CLASS_0,2.255,4.5
Policy_B_ConfidenceGated,1,3,1,1,0.6677310466766357,True,False,False,ABSTAIN,2.187,4.5
Policy_B_ConfidenceGated,1,4,0,0,0.9529657959938049,False,True,False,CLASS_0,2.232,4.5
Policy_B_ConfidenceGated,1,5,0,0,0.6686614155769348,True,False,False,ABSTAIN,2.291,4.5
Policy_B_ConfidenceGated,1,6,0,1,0.7300199270248413,True,False,False,ABSTAIN,2.317,4.5
Policy_B_ConfidenceGated,1,7,1,0,0.5170305967330933,True,False,False,ABSTAIN,2.246,4.5
Policy_B_ConfidenceGated,1,8,0,1,0.6927056908607483,True,False,False,ABSTAIN,2.221,4.5
Policy_B_ConfidenceGated,1,9,0,1,0.7141453623771667,True,False,False,ABSTAIN,2.174,4.5
Policy_B_ConfidenceGated,1,10,0,0,0.7862574458122253,True,False,False,ABSTAIN,2.191,4.5
Policy_B_ConfidenceGated,1,11,1,1,0.9652962684631348,False,True,False,CLASS_1,2.208,4.5
Policy_B_ConfidenceGated,1,12,0,1,0.9406419396400452,False,False,True,CLASS_1,2.178,4.5
Policy_B_ConfidenceGated,1,13,1,1,0.9663243889808655,False,True,False,CLASS_1,2.197,4.5
Policy_B_ConfidenceGated,1,14,0,0,0.6689632534980774,True,False,False,ABSTAIN,2.146,4.5
Policy_B_ConfidenceGated,1,15,1,1,0.9188159704208374,False,True,False,CLASS_1,2.128,4.5
Policy_B_ConfidenceGated,1,16,0,0,0.9963777661323547,False,True,False,CLASS_0,2.115,4.5
Policy_B_ConfidenceGated,1,17,0,0,0.8789838552474976,False,True,False,CLASS_0,2.108,4.5
Policy_B_ConfidenceGated,1,18,0,0,0.7072550654411316,True,False,False,ABSTAIN,2.226,4.5
Policy_B_ConfidenceGated,1,19,0,1,0.899572491645813,False,False,True,CLASS_1,2.113,4.5
Policy_B_ConfidenceGated,1,20,0,0,0.921517014503479,False,True,False,CLASS_0,2.164,4.5
Policy_B_ConfidenceGated,1,21,1,1,0.8966516256332397,False,True,False,CLASS_1,2.473,4.5
Policy_B_ConfidenceGated,1,22,1,1,0.9867638945579529,False,True,False,CLASS_1,2.176,4.5
Policy_B_ConfidenceGated,1,23,1,1,0.8604635000228882,False,True,False,CLASS_1,2.509,4.5
Policy_B_ConfidenceGated,1,24,0,1,0.8295392394065857,True,False,False,ABSTAIN,2.49,4.5
Policy_B_ConfidenceGated,1,25,1,1,0.9796110391616821,False,True,False,CLASS_1,2.26,4.5
Policy_B_ConfidenceGated,1,26,1,1,0.9273943305015564,False,True,False,CLASS_1,2.313,4.5
Policy_B_ConfidenceGated,1,27,1,1,0.8480510711669922,False,True,False,CLASS_1,2.318,4.5
Policy_B_ConfidenceGated,1,28,1,1,0.9871877431869507,False,True,False,CLASS_1,2.294,4.5
Policy_B_ConfidenceGated,1,29,0,0,0.8687261343002319,False,True,False,CLASS_0,2.319,4.5
Policy_B_ConfidenceGated,1,30,1,0,0.8832003474235535,False,False,True,CLASS_0,2.242,4.5
Policy_B_ConfidenceGated,1,31,1,1,0.9461458921432495,False,True,False,CLASS_1,2.281,4.5
Policy_B_ConfidenceGated,1,32,1,1,0.8058123588562012,True,False,False,ABSTAIN,2.267,4.5
Policy_B_ConfidenceGated,1,33,0,0,0.9427645802497864,False,True,False,CLASS_0,2.267,4.5
Policy_B_ConfidenceGated,1,34,0,0,0.9306565523147583,False,True,False,CLASS_0,2.291,4.5
Policy_B_ConfidenceGated,1,35,1,1,0.9725767970085144,False,True,False,CLASS_1,2.243,4.5
Policy_B_ConfidenceGated,1,36,1,1,0.9137798547744751,False,True,False,CLASS_1,2.283,4.5
Policy_B_ConfidenceGated,1,37,0,0,0.6186552047729492,True,False,False,ABSTAIN,2.277,4.5
Policy_B_ConfidenceGated,1,38,1,1,0.8927064538002014,False,True,False,CLASS_1,2.307,4.5
Policy_B_ConfidenceGated,1,39,0,0,0.5684725046157837,True,False,False,ABSTAIN,2.486,4.5
Policy_B_ConfidenceGated,1,40,1,1,0.993868887424469,False,True,False,CLASS_1,2.336,4.5
Policy_B_ConfidenceGated,1,41,1,1,0.9338416457176208,False,True,False,CLASS_1,2.551,4.5
Policy_B_ConfidenceGated,1,42,0,1,0.950896680355072,False,False,True,CLASS_1,2.476,4.5
Policy_B_ConfidenceGated,1,43,0,1,0.6215922832489014,True,False,False,ABSTAIN,2.507,4.5
Policy_B_ConfidenceGated,1,44,1,0,0.7744717001914978,True,False,False,ABSTAIN,2.478,4.5
Policy_B_ConfidenceGated,1,45,0,1,0.6380831003189087,True,False,False,ABSTAIN,2.398,4.5
Policy_B_ConfidenceGated,1,46,0,0,0.6172513365745544,True,False,False,ABSTAIN,2.372,4.5
Policy_B_ConfidenceGated,1,47,0,0,0.6234208941459656,True,False,False,ABSTAIN,2.362,4.5
Policy_B_ConfidenceGated,1,48,1,1,0.8234827518463135,True,False,False,ABSTAIN,2.442,4.5
Policy_B_ConfidenceGated,1,49,0,1,0.7477593421936035,True,False,False,ABSTAIN,2.388,4.5
Policy_B_ConfidenceGated,1,50,0,0,0.9733074307441711,False,True,False,CLASS_0,2.37,4.5
Policy_B_ConfidenceGated,1,51,1,1,0.6755869388580322,True,False,False,ABSTAIN,2.439,4.5
Policy_B_ConfidenceGated,1,52,1,1,0.9916437268257141,False,True,False,CLASS_1,2.42,4.5
Policy_B_ConfidenceGated,1,53,1,1,0.9215519428253174,False,True,False,CLASS_1,2.398,4.5
Policy_B_ConfidenceGated,1,54,0,0,0.6203435659408569,True,False,False,ABSTAIN,2.43,4.5
Policy_B_ConfidenceGated,1,55,1,0,0.5153688192367554,True,False,False,ABSTAIN,2.433,4.5
Policy_B_ConfidenceGated,1,56,1,0,0.5101109147071838,True,False,False,ABSTAIN,2.528,4.5
Policy_B_ConfidenceGated,1,57,1,1,0.9161600470542908,False,True,False,CLASS_1,2.511,4.5
Policy_B_ConfidenceGated,1,58,0,1,0.8283095359802246,True,False,False,ABSTAIN,2.52,4.5
Policy_B_ConfidenceGated,1,59,1,1,0.750865638256073,True,False,False,ABSTAIN,2.462,4.5
Policy_B_ConfidenceGated,1,60,0,1,0.9509005546569824,False,False,True,CLASS_1,2.405,4.5
Policy_B_ConfidenceGated,1,61,1,1,0.8864038586616516,False,True,False,CLASS_1,2.43,4.5
Policy_B_ConfidenceGated,1,62,0,0,0.8737074732780457,False,True,False,CLASS_0,2.434,4.5
Policy_B_ConfidenceGated,1,63,1,1,0.9459472298622131,False,True,False,CLASS_1,2.71,4.5
Policy_B_ConfidenceGated,1,64,1,1,0.6641318202018738,True,False,False,ABSTAIN,2.511,4.5
Policy_B_ConfidenceGated,1,65,1,0,0.5745720863342285,True,False,False,ABSTAIN,2.48,4.5
Policy_B_ConfidenceGated,1,66,0,0,0.7294442653656006,True,False,False,ABSTAIN,2.477,4.5
Policy_B_ConfidenceGated,1,67,0,0,0.8593921661376953,False,True,False,CLASS_0,2.487,4.5
Policy_B_ConfidenceGated,1,68,0,0,0.919308066368103,False,True,False,CLASS_0,2.928,4.5
Policy_B_ConfidenceGated,1,69,0,0,0.9869428873062134,False,True,False,CLASS_0,3.072,4.5
Policy_B_ConfidenceGated,1,70,0,1,0.5663244128227234,True,False,False,ABSTAIN,2.901,4.5
Policy_B_ConfidenceGated,1,71,1,0,0.7267612218856812,True,False,False,ABSTAIN,2.952,4.5
Policy_B_ConfidenceGated,1,72,1,1,0.9625755548477173,False,True,False,CLASS_1,2.914,4.5
Policy_B_ConfidenceGated,1,73,1,1,0.9632573127746582,False,True,False,CLASS_1,2.809,4.5
Policy_B_ConfidenceGated,1,74,0,0,0.9094752669334412,False,True,False,CLASS_0,2.978,4.5
Policy_B_ConfidenceGated,1,75,0,0,0.7292727828025818,True,False,False,ABSTAIN,3.833,4.5
Policy_B_ConfidenceGated,1,76,1,0,0.5682398080825806,True,False,False,ABSTAIN,3.014,4.5
Policy_B_ConfidenceGated,1,77,1,0,0.5798333883285522,True,False,False,ABSTAIN,2.796,4.5
Policy_B_ConfidenceGated,1,78,0,0,0.7337201833724976,True,False,False,ABSTAIN,2.868,4.5
Policy_B_ConfidenceGated,1,79,0,0,0.9847502708435059,False,True,False,CLASS_0,2.799,4.5
Policy_B_ConfidenceGated,1,80,1,1,0.9110186696052551,False,True,False,CLASS_1,2.964,4.5
Policy_B_ConfidenceGated,1,81,1,1,0.9730628132820129,False,True,False,CLASS_1,3.301,4.5
Policy_B_ConfidenceGated,1,82,1,1,0.8257232904434204,True,False,False,ABSTAIN,3.092,4.5
Policy_B_ConfidenceGated,1,83,1,1,0.672974169254303,True,False,False,ABSTAIN,3.095,4.5
Policy_B_ConfidenceGated,1,84,0,0,0.9928653240203857,False,True,False,CLASS_0,3.22,4.5
Policy_B_ConfidenceGated,1,85,1,1,0.7664133310317993,True,False,False,ABSTAIN,3.211,4.5
Policy_B_ConfidenceGated,1,86,0,0,0.6550378203392029,True,False,False,ABSTAIN,3.668,4.5
Policy_B_ConfidenceGated,1,87,0,0,0.9238380193710327,False,True,False,CLASS_0,3.721,4.5
Policy_B_ConfidenceGated,1,88,1,0,0.6620581746101379,True,False,False,ABSTAIN,3.523,4.5
Policy_B_ConfidenceGated,1,89,1,1,0.9862594604492188,False,True,False,CLASS_1,3.32,4.5
Policy_B_ConfidenceGated,1,90,0,1,0.7888281345367432,True,False,False,ABSTAIN,4.305,4.5
Policy_B_ConfidenceGated,1,91,0,0,0.860025942325592,False,True,False,CLASS_0,4.199,4.5
Policy_B_ConfidenceGated,1,92,0,1,0.6698015332221985,True,False,False,ABSTAIN,3.594,4.5
Policy_B_ConfidenceGated,1,93,0,0,0.8659511208534241,False,True,False,CLASS_0,3.849,4.5
Policy_B_ConfidenceGated,1,94,0,1,0.7261887192726135,True,False,False,ABSTAIN,4.066,4.5
Policy_B_ConfidenceGated,1,95,0,0,0.8412728905677795,False,True,False,CLASS_0,4.398,4.5
Policy_B_ConfidenceGated,1,96,0,0,0.8979654312133789,False,True,False,CLASS_0,4.155,4.5
Policy_B_ConfidenceGated,1,97,1,1,0.9467463493347168,False,True,False,CLASS_1,4.34,4.5
Policy_B_ConfidenceGated,1,98,1,1,0.9793492555618286,False,True,False,CLASS_1,5.125,4.5
Policy_B_ConfidenceGated,1,99,1,0,0.7058499455451965,True,False,False,ABSTAIN,5.222,4.5
Policy_B_ConfidenceGated,1,100,1,1,0.8233776092529297,True,False,False,ABSTAIN,5.185,4.5
Policy_B_ConfidenceGated,1,101,1,1,0.7196122407913208,True,False,False,ABSTAIN,5.371,4.5
Policy_B_ConfidenceGated,1,102,0,0,0.5081530809402466,True,False,False,ABSTAIN,5.664,4.5
Policy_B_ConfidenceGated,1,103,0,1,0.8003370761871338,True,False,False,ABSTAIN,5.755,4.5
Policy_B_ConfidenceGated,1,104,1,1,0.9701067209243774,False,True,False,CLASS_1,5.679,4.5
Policy_B_ConfidenceGated,1,105,0,1,0.6023977398872375,True,False,False,ABSTAIN,5.787,4.5
Policy_B_ConfidenceGated,1,106,0,0,0.8675782680511475,False,True,False,CLASS_0,6.704,4.5
Policy_B_ConfidenceGated,1,107,1,1,0.9706293940544128,False,True,False,CLASS_1,6.76,4.5
Policy_B_ConfidenceGated,1,108,0,0,0.9096790552139282,False,True,False,CLASS_0,5.695,4.5
Policy_B_ConfidenceGated,1,109,0,0,0.5006074905395508,True,False,False,ABSTAIN,5.792,4.5
Policy_B_ConfidenceGated,1,110,0,0,0.8253011107444763,True,False,False,ABSTAIN,5.729,4.5
Policy_B_ConfidenceGated,1,111,0,0,0.8405044674873352,False,True,False,CLASS_0,5.955,4.5
Policy_B_ConfidenceGated,1,112,1,1,0.8378527760505676,False,True,False,CLASS_1,5.691,4.5
Policy_B_ConfidenceGated,1,113,1,1,0.9838617444038391,False,True,False,CLASS_1,5.874,4.5
Policy_B_ConfidenceGated,1,114,1,0,0.6001850962638855,True,False,False,ABSTAIN,5.644,4.5
Policy_B_ConfidenceGated,1,115,1,1,0.9285149574279785,False,True,False,CLASS_1,6.417,4.5
Policy_B_ConfidenceGated,1,116,1,1,0.7553414702415466,True,False,False,ABSTAIN,13.005,4.5
Policy_B_ConfidenceGated,1,117,0,0,0.7484830021858215,True,False,False,ABSTAIN,8.597,4.5
Policy_B_ConfidenceGated,1,118,1,1,0.9950183629989624,False,True,False,CLASS_1,6.981,4.5
Policy_B_ConfidenceGated,1,119,1,1,0.5158164501190186,True,False,False,ABSTAIN,5.607,4.5
Policy_B_ConfidenceGated,1,120,0,0,0.6309618949890137,True,False,False,ABSTAIN,5.415,4.5
Policy_B_ConfidenceGated,1,121,0,0,0.9905866980552673,False,True,False,CLASS_0,5.926,4.5
Policy_B_ConfidenceGated,1,122,0,1,0.6252418160438538,True,False,False,ABSTAIN,5.833,4.5
Policy_B_ConfidenceGated,1,123,0,0,0.8042682409286499,True,False,False,ABSTAIN,5.809,4.5
Policy_B_ConfidenceGated,1,124,0,0,0.9812988638877869,False,True,False,CLASS_0,7.17,4.5
Policy_B_ConfidenceGated,1,125,0,0,0.6860059499740601,True,False,False,ABSTAIN,5.511,4.5
Policy_B_ConfidenceGated,1,126,0,0,0.990038275718689,False,True,False,CLASS_0,5.236,4.5
Policy_B_ConfidenceGated,1,127,1,1,0.7969121932983398,True,False,False,ABSTAIN,5.302,4.5
Policy_B_ConfidenceGated,1,128,0,1,0.7142241597175598,True,False,False,ABSTAIN,5.501,4.5
Policy_B_ConfidenceGated,1,129,1,0,0.574312150478363,True,False,False,ABSTAIN,5.255,4.5
Policy_B_ConfidenceGated,1,130,0,1,0.8501803278923035,False,False,True,CLASS_1,5.427,4.5
Policy_B_ConfidenceGated,1,131,1,1,0.8530604243278503,False,True,False,CLASS_1,5.384,4.5
Policy_B_ConfidenceGated,1,132,1,0,0.9127954840660095,False,False,True,CLASS_0,4.944,4.5
Policy_B_ConfidenceGated,1,133,0,0,0.96470046043396,False,True,False,CLASS_0,5.191,4.5
Policy_B_ConfidenceGated,1,134,0,0,0.6824418306350708,True,False,False,ABSTAIN,14.019,4.5
Policy_B_ConfidenceGated,1,135,1,0,0.6830273270606995,True,False,False,ABSTAIN,20.932,4.5
Policy_B_ConfidenceGated,1,136,1,1,0.8495348691940308,False,True,False,CLASS_1,2.935,4.5
Policy_B_ConfidenceGated,1,137,1,1,0.5209289789199829,True,False,False,ABSTAIN,2.738,4.5
Policy_B_ConfidenceGated,1,138,1,1,0.8363107442855835,False,True,False,CLASS_1,2.67,4.5
Policy_B_ConfidenceGated,1,139,0,1,0.960615873336792,False,False,True,CLASS_1,3.072,4.5
Policy_B_ConfidenceGated,1,140,0,1,0.731204092502594,True,False,False,ABSTAIN,2.999,4.5
Policy_B_ConfidenceGated,1,141,0,0,0.6452065110206604,True,False,False,ABSTAIN,4.06,4.5
Policy_B_ConfidenceGated,1,142,0,0,0.7372244000434875,True,False,False,ABSTAIN,3.711,4.5
Policy_B_ConfidenceGated,1,143,1,1,0.9954362511634827,False,True,False,CLASS_1,3.353,4.5
Policy_B_ConfidenceGated,1,144,0,1,0.798679769039154,True,False,False,ABSTAIN,3.418,4.5
Policy_B_ConfidenceGated,1,145,0,1,0.909117579460144,False,False,True,CLASS_1,3.325,4.5
Policy_B_ConfidenceGated,1,146,1,1,0.8579543232917786,False,True,False,CLASS_1,3.845,4.5
Policy_B_ConfidenceGated,1,147,1,1,0.9997038245201111,False,True,False,CLASS_1,4.621,4.5
Policy_B_ConfidenceGated,1,148,0,1,0.5526385307312012,True,False,False,ABSTAIN,4.641,4.5
Policy_B_ConfidenceGated,1,149,0,1,0.7633371949195862,True,False,False,ABSTAIN,4.395,4.5
Policy_B_ConfidenceGated,1,150,1,1,0.9262479543685913,False,True,False,CLASS_1,5.579,4.5
Policy_B_ConfidenceGated,1,151,1,1,0.9118840098381042,False,True,False,CLASS_1,5.962,4.5
Policy_B_ConfidenceGated,1,152,1,1,0.9135127663612366,False,True,False,CLASS_1,5.063,4.5
Policy_B_ConfidenceGated,1,153,1,1,0.9300356507301331,False,True,False,CLASS_1,4.927,4.5
Policy_B_ConfidenceGated,1,154,1,1,0.9056186676025391,False,True,False,CLASS_1,4.079,4.5
Policy_B_ConfidenceGated,1,155,1,1,0.9999915361404419,False,True,False,CLASS_1,4.018,4.5
Policy_B_ConfidenceGated,1,156,1,1,0.8874202370643616,False,True,False,CLASS_1,4.185,4.5
Policy_B_ConfidenceGated,1,157,0,1,0.9804350137710571,False,False,True,CLASS_1,4.589,4.5
Policy_B_ConfidenceGated,1,158,1,1,0.9932204484939575,False,True,False,CLASS_1,5.315,4.5
Policy_B_ConfidenceGated,1,159,1,0,0.8159688115119934,True,False,False,ABSTAIN,5.652,4.5
Policy_B_ConfidenceGated,1,160,0,1,0.7998473048210144,True,False,False,ABSTAIN,6.739,4.5
Policy_C_SharedControl,1,1,1,1,0.7908211946487427,True,False,False,ABSTAIN,5.048,4.5
Policy_C_SharedControl,1,2,0,0,0.9728135466575623,False,True,False,SELECT_LEFT,5.338,4.5
Policy_C_SharedControl,1,3,1,1,0.6677310466766357,True,False,False,ABSTAIN,5.43,4.5
Policy_C_SharedControl,1,4,0,0,0.9529657959938049,False,True,False,REACH_FORWARD,5.562,4.5
Policy_C_SharedControl,1,5,0,0,0.6686614155769348,True,False,False,ABSTAIN,5.438,4.5
Policy_C_SharedControl,1,6,0,1,0.7300199270248413,True,False,False,ABSTAIN,5.384,4.5
Policy_C_SharedControl,1,7,1,0,0.5170305967330933,True,False,False,ABSTAIN,5.63,4.5
Policy_C_SharedControl,1,8,0,1,0.6927056908607483,True,False,False,ABSTAIN,28.561,4.5
Policy_C_SharedControl,1,9,0,1,0.7141453623771667,True,False,False,ABSTAIN,8.633,4.5
Policy_C_SharedControl,1,10,0,0,0.7862574458122253,True,False,False,ABSTAIN,6.321,4.5
Policy_C_SharedControl,1,11,1,1,0.9652962684631348,False,True,False,GRASP_CLOSE,5.75,4.5
Policy_C_SharedControl,1,12,0,1,0.9406419396400452,False,False,True,GRASP_CLOSE,5.509,4.5
Policy_C_SharedControl,1,13,1,1,0.9663243889808655,False,True,False,GRASP_CLOSE,7.196,4.5
Policy_C_SharedControl,1,14,0,0,0.6689632534980774,True,False,False,ABSTAIN,7.045,4.5
Policy_C_SharedControl,1,15,1,1,0.9188159704208374,False,True,False,GRASP_CLOSE,7.104,4.5
Policy_C_SharedControl,1,16,0,0,0.9963777661323547,False,True,False,GRASP_OPEN,7.369,4.5
Policy_C_SharedControl,1,17,0,0,0.8789838552474976,False,True,False,GRASP_OPEN,7.14,4.5
Policy_C_SharedControl,1,18,0,0,0.7072550654411316,True,False,False,ABSTAIN,5.213,4.5
Policy_C_SharedControl,1,19,0,1,0.899572491645813,False,False,True,GRASP_CLOSE,5.689,4.5
Policy_C_SharedControl,1,20,0,0,0.921517014503479,False,True,False,GRASP_OPEN,5.456,4.5
Policy_C_SharedControl,1,21,1,1,0.8966516256332397,False,True,False,GRASP_CLOSE,5.505,4.5
Policy_C_SharedControl,1,22,1,1,0.9867638945579529,False,True,False,GRASP_CLOSE,5.549,4.5
Policy_C_SharedControl,1,23,1,1,0.8604635000228882,False,True,False,GRASP_CLOSE,5.977,4.5
Policy_C_SharedControl,1,24,0,1,0.8295392394065857,True,False,False,ABSTAIN,6.203,4.5
Policy_C_SharedControl,1,25,1,1,0.9796110391616821,False,True,False,GRASP_CLOSE,6.728,4.5
Policy_C_SharedControl,1,26,1,1,0.9273943305015564,False,True,False,GRASP_CLOSE,6.798,4.5
Policy_C_SharedControl,1,27,1,1,0.8480510711669922,False,True,False,GRASP_CLOSE,6.892,4.5
Policy_C_SharedControl,1,28,1,1,0.9871877431869507,False,True,False,GRASP_CLOSE,7.465,4.5
Policy_C_SharedControl,1,29,0,0,0.8687261343002319,False,True,False,GRASP_OPEN,6.907,4.5
Policy_C_SharedControl,1,30,1,0,0.8832003474235535,False,False,True,GRASP_OPEN,6.477,4.5
Policy_C_SharedControl,1,31,1,1,0.9461458921432495,False,True,False,GRASP_CLOSE,5.945,4.5
Policy_C_SharedControl,1,32,1,1,0.8058123588562012,True,False,False,ABSTAIN,6.017,4.5
Policy_C_SharedControl,1,33,0,0,0.9427645802497864,False,True,False,GRASP_OPEN,5.83,4.5
Policy_C_SharedControl,1,34,0,0,0.9306565523147583,False,True,False,GRASP_OPEN,5.997,4.5
Policy_C_SharedControl,1,35,1,1,0.9725767970085144,False,True,False,GRASP_CLOSE,6.255,4.5
Policy_C_SharedControl,1,36,1,1,0.9137798547744751,False,True,False,GRASP_CLOSE,6.722,4.5
Policy_C_SharedControl,1,37,0,0,0.6186552047729492,True,False,False,ABSTAIN,5.861,4.5
Policy_C_SharedControl,1,38,1,1,0.8927064538002014,False,True,False,GRASP_CLOSE,5.883,4.5
Policy_C_SharedControl,1,39,0,0,0.5684725046157837,True,False,False,ABSTAIN,6.166,4.5
Policy_C_SharedControl,1,40,1,1,0.993868887424469,False,True,False,GRASP_CLOSE,6.941,4.5
Policy_C_SharedControl,1,41,1,1,0.9338416457176208,False,True,False,GRASP_CLOSE,6.568,4.5
Policy_C_SharedControl,1,42,0,1,0.950896680355072,False,False,True,GRASP_CLOSE,5.72,4.5
Policy_C_SharedControl,1,43,0,1,0.6215922832489014,True,False,False,ABSTAIN,5.931,4.5
Policy_C_SharedControl,1,44,1,0,0.7744717001914978,True,False,False,ABSTAIN,6.044,4.5
Policy_C_SharedControl,1,45,0,1,0.6380831003189087,True,False,False,ABSTAIN,6.562,4.5
Policy_C_SharedControl,1,46,0,0,0.6172513365745544,True,False,False,ABSTAIN,6.486,4.5
Policy_C_SharedControl,1,47,0,0,0.6234208941459656,True,False,False,ABSTAIN,5.969,4.5
Policy_C_SharedControl,1,48,1,1,0.8234827518463135,True,False,False,ABSTAIN,6.089,4.5
Policy_C_SharedControl,1,49,0,1,0.7477593421936035,True,False,False,ABSTAIN,5.745,4.5
Policy_C_SharedControl,1,50,0,0,0.9733074307441711,False,True,False,GRASP_OPEN,5.686,4.5
Policy_C_SharedControl,1,51,1,1,0.6755869388580322,True,False,False,ABSTAIN,5.897,4.5
Policy_C_SharedControl,1,52,1,1,0.9916437268257141,False,True,False,GRASP_CLOSE,5.697,4.5
Policy_C_SharedControl,1,53,1,1,0.9215519428253174,False,True,False,GRASP_CLOSE,5.985,4.5
Policy_C_SharedControl,1,54,0,0,0.6203435659408569,True,False,False,ABSTAIN,6.11,4.5
Policy_C_SharedControl,1,55,1,0,0.5153688192367554,True,False,False,ABSTAIN,6.213,4.5
Policy_C_SharedControl,1,56,1,0,0.5101109147071838,True,False,False,ABSTAIN,5.892,4.5
Policy_C_SharedControl,1,57,1,1,0.9161600470542908,False,True,False,GRASP_CLOSE,5.798,4.5
Policy_C_SharedControl,1,58,0,1,0.8283095359802246,True,False,False,ABSTAIN,11.628,4.5
Policy_C_SharedControl,1,59,1,1,0.750865638256073,True,False,False,ABSTAIN,6.164,4.5
Policy_C_SharedControl,1,60,0,1,0.9509005546569824,False,False,True,GRASP_CLOSE,7.139,4.5
Policy_C_SharedControl,1,61,1,1,0.8864038586616516,False,True,False,GRASP_CLOSE,6.2,4.5
Policy_C_SharedControl,1,62,0,0,0.8737074732780457,False,True,False,GRASP_OPEN,6.264,4.5
Policy_C_SharedControl,1,63,1,1,0.9459472298622131,False,True,False,GRASP_CLOSE,5.816,4.5
Policy_C_SharedControl,1,64,1,1,0.6641318202018738,True,False,False,ABSTAIN,5.821,4.5
Policy_C_SharedControl,1,65,1,0,0.5745720863342285,True,False,False,ABSTAIN,6.528,4.5
Policy_C_SharedControl,1,66,0,0,0.7294442653656006,True,False,False,ABSTAIN,5.96,4.5
Policy_C_SharedControl,1,67,0,0,0.8593921661376953,False,True,False,GRASP_OPEN,5.723,4.5
Policy_C_SharedControl,1,68,0,0,0.919308066368103,False,True,False,GRASP_OPEN,6.001,4.5
Policy_C_SharedControl,1,69,0,0,0.9869428873062134,False,True,False,GRASP_OPEN,5.811,4.5
Policy_C_SharedControl,1,70,0,1,0.5663244128227234,True,False,False,ABSTAIN,5.958,4.5
Policy_C_SharedControl,1,71,1,0,0.7267612218856812,True,False,False,ABSTAIN,7.412,4.5
Policy_C_SharedControl,1,72,1,1,0.9625755548477173,False,True,False,GRASP_CLOSE,6.098,4.5
Policy_C_SharedControl,1,73,1,1,0.9632573127746582,False,True,False,GRASP_CLOSE,7.076,4.5
Policy_C_SharedControl,1,74,0,0,0.9094752669334412,False,True,False,GRASP_OPEN,8.013,4.5
Policy_C_SharedControl,1,75,0,0,0.7292727828025818,True,False,False,ABSTAIN,7.282,4.5
Policy_C_SharedControl,1,76,1,0,0.5682398080825806,True,False,False,ABSTAIN,6.477,4.5
Policy_C_SharedControl,1,77,1,0,0.5798333883285522,True,False,False,ABSTAIN,5.707,4.5
Policy_C_SharedControl,1,78,0,0,0.7337201833724976,True,False,False,ABSTAIN,7.639,4.5
Policy_C_SharedControl,1,79,0,0,0.9847502708435059,False,True,False,GRASP_OPEN,6.222,4.5
Policy_C_SharedControl,1,80,1,1,0.9110186696052551,False,True,False,GRASP_CLOSE,6.582,4.5
Policy_C_SharedControl,1,81,1,1,0.9730628132820129,False,True,False,GRASP_CLOSE,6.731,4.5
Policy_C_SharedControl,1,82,1,1,0.8257232904434204,True,False,False,ABSTAIN,6.614,4.5
Policy_C_SharedControl,1,83,1,1,0.672974169254303,True,False,False,ABSTAIN,7.235,4.5
Policy_C_SharedControl,1,84,0,0,0.9928653240203857,False,True,False,GRASP_OPEN,6.679,4.5
Policy_C_SharedControl,1,85,1,1,0.7664133310317993,True,False,False,ABSTAIN,5.672,4.5
Policy_C_SharedControl,1,86,0,0,0.6550378203392029,True,False,False,ABSTAIN,5.904,4.5
Policy_C_SharedControl,1,87,0,0,0.9238380193710327,False,True,False,GRASP_OPEN,5.913,4.5
Policy_C_SharedControl,1,88,1,0,0.6620581746101379,True,False,False,ABSTAIN,6.614,4.5
Policy_C_SharedControl,1,89,1,1,0.9862594604492188,False,True,False,GRASP_CLOSE,6.002,4.5
Policy_C_SharedControl,1,90,0,1,0.7888281345367432,True,False,False,ABSTAIN,6.017,4.5
Policy_C_SharedControl,1,91,0,0,0.860025942325592,False,True,False,GRASP_OPEN,6.9,4.5
Policy_C_SharedControl,1,92,0,1,0.6698015332221985,True,False,False,ABSTAIN,6.069,4.5
Policy_C_SharedControl,1,93,0,0,0.8659511208534241,False,True,False,GRASP_OPEN,6.508,4.5
Policy_C_SharedControl,1,94,0,1,0.7261887192726135,True,False,False,ABSTAIN,5.812,4.5
Policy_C_SharedControl,1,95,0,0,0.8412728905677795,False,True,False,GRASP_OPEN,5.97,4.5
Policy_C_SharedControl,1,96,0,0,0.8979654312133789,False,True,False,GRASP_OPEN,6.296,4.5
Policy_C_SharedControl,1,97,1,1,0.9467463493347168,False,True,False,GRASP_CLOSE,5.791,4.5
Policy_C_SharedControl,1,98,1,1,0.9793492555618286,False,True,False,GRASP_CLOSE,5.846,4.5
Policy_C_SharedControl,1,99,1,0,0.7058499455451965,True,False,False,ABSTAIN,6.244,4.5
Policy_C_SharedControl,1,100,1,1,0.8233776092529297,True,False,False,ABSTAIN,6.481,4.5
Policy_C_SharedControl,1,101,1,1,0.7196122407913208,True,False,False,ABSTAIN,6.17,4.5
Policy_C_SharedControl,1,102,0,0,0.5081530809402466,True,False,False,ABSTAIN,5.967,4.5
Policy_C_SharedControl,1,103,0,1,0.8003370761871338,True,False,False,ABSTAIN,5.92,4.5
Policy_C_SharedControl,1,104,1,1,0.9701067209243774,False,True,False,GRASP_CLOSE,6.096,4.5
Policy_C_SharedControl,1,105,0,1,0.6023977398872375,True,False,False,ABSTAIN,6.271,4.5
Policy_C_SharedControl,1,106,0,0,0.8675782680511475,False,True,False,GRASP_OPEN,6.593,4.5
Policy_C_SharedControl,1,107,1,1,0.9706293940544128,False,True,False,GRASP_CLOSE,7.044,4.5
Policy_C_SharedControl,1,108,0,0,0.9096790552139282,False,True,False,GRASP_OPEN,6.213,4.5
Policy_C_SharedControl,1,109,0,0,0.5006074905395508,True,False,False,ABSTAIN,6.656,4.5
Policy_C_SharedControl,1,110,0,0,0.8253011107444763,True,False,False,ABSTAIN,5.971,4.5
Policy_C_SharedControl,1,111,0,0,0.8405044674873352,False,True,False,GRASP_OPEN,6.055,4.5
Policy_C_SharedControl,1,112,1,1,0.8378527760505676,False,True,False,GRASP_CLOSE,6.14,4.5
Policy_C_SharedControl,1,113,1,1,0.9838617444038391,False,True,False,GRASP_CLOSE,5.646,4.5
Policy_C_SharedControl,1,114,1,0,0.6001850962638855,True,False,False,ABSTAIN,6.171,4.5
Policy_C_SharedControl,1,115,1,1,0.9285149574279785,False,True,False,GRASP_CLOSE,6.235,4.5
Policy_C_SharedControl,1,116,1,1,0.7553414702415466,True,False,False,ABSTAIN,6.163,4.5
Policy_C_SharedControl,1,117,0,0,0.7484830021858215,True,False,False,ABSTAIN,8.265,4.5
Policy_C_SharedControl,1,118,1,1,0.9950183629989624,False,True,False,GRASP_CLOSE,5.572,4.5
Policy_C_SharedControl,1,119,1,1,0.5158164501190186,True,False,False,ABSTAIN,5.575,4.5
Policy_C_SharedControl,1,120,0,0,0.6309618949890137,True,False,False,ABSTAIN,6.317,4.5
Policy_C_SharedControl,1,121,0,0,0.9905866980552673,False,True,False,GRASP_OPEN,5.902,4.5
Policy_C_SharedControl,1,122,0,1,0.6252418160438538,True,False,False,ABSTAIN,5.739,4.5
Policy_C_SharedControl,1,123,0,0,0.8042682409286499,True,False,False,ABSTAIN,6.179,4.5
Policy_C_SharedControl,1,124,0,0,0.9812988638877869,False,True,False,GRASP_OPEN,5.926,4.5
Policy_C_SharedControl,1,125,0,0,0.6860059499740601,True,False,False,ABSTAIN,5.909,4.5
Policy_C_SharedControl,1,126,0,0,0.990038275718689,False,True,False,GRASP_OPEN,6.072,4.5
Policy_C_SharedControl,1,127,1,1,0.7969121932983398,True,False,False,ABSTAIN,6.955,4.5
Policy_C_SharedControl,1,128,0,1,0.7142241597175598,True,False,False,ABSTAIN,7.091,4.5
Policy_C_SharedControl,1,129,1,0,0.574312150478363,True,False,False,ABSTAIN,6.996,4.5
Policy_C_SharedControl,1,130,0,1,0.8501803278923035,False,False,True,GRASP_CLOSE,6.073,4.5
Policy_C_SharedControl,1,131,1,1,0.8530604243278503,False,True,False,GRASP_CLOSE,6.075,4.5
Policy_C_SharedControl,1,132,1,0,0.9127954840660095,False,False,True,GRASP_OPEN,6.569,4.5
Policy_C_SharedControl,1,133,0,0,0.96470046043396,False,True,False,GRASP_OPEN,6.36,4.5
Policy_C_SharedControl,1,134,0,0,0.6824418306350708,True,False,False,ABSTAIN,5.822,4.5
Policy_C_SharedControl,1,135,1,0,0.6830273270606995,True,False,False,ABSTAIN,6.007,4.5
Policy_C_SharedControl,1,136,1,1,0.8495348691940308,False,True,False,GRASP_CLOSE,6.249,4.5
Policy_C_SharedControl,1,137,1,1,0.5209289789199829,True,False,False,ABSTAIN,6.416,4.5
Policy_C_SharedControl,1,138,1,1,0.8363107442855835,False,True,False,GRASP_CLOSE,7.24,4.5
Policy_C_SharedControl,1,139,0,1,0.960615873336792,False,False,True,GRASP_CLOSE,6.931,4.5
Policy_C_SharedControl,1,140,0,1,0.731204092502594,True,False,False,ABSTAIN,6.581,4.5
Policy_C_SharedControl,1,141,0,0,0.6452065110206604,True,False,False,ABSTAIN,6.318,4.5
Policy_C_SharedControl,1,142,0,0,0.7372244000434875,True,False,False,ABSTAIN,5.96,4.5
Policy_C_SharedControl,1,143,1,1,0.9954362511634827,False,True,False,GRASP_CLOSE,5.977,4.5
Policy_C_SharedControl,1,144,0,1,0.798679769039154,True,False,False,ABSTAIN,5.98,4.5
Policy_C_SharedControl,1,145,0,1,0.909117579460144,False,False,True,GRASP_CLOSE,5.904,4.5
Policy_C_SharedControl,1,146,1,1,0.8579543232917786,False,True,False,GRASP_CLOSE,6.282,4.5
Policy_C_SharedControl,1,147,1,1,0.9997038245201111,False,True,False,GRASP_CLOSE,6.06,4.5
Policy_C_SharedControl,1,148,0,1,0.5526385307312012,True,False,False,ABSTAIN,5.876,4.5
Policy_C_SharedControl,1,149,0,1,0.7633371949195862,True,False,False,ABSTAIN,6.058,4.5
Policy_C_SharedControl,1,150,1,1,0.9262479543685913,False,True,False,GRASP_CLOSE,5.381,4.5
Policy_C_SharedControl,1,151,1,1,0.9118840098381042,False,True,False,GRASP_CLOSE,5.731,4.5
Policy_C_SharedControl,1,152,1,1,0.9135127663612366,False,True,False,GRASP_CLOSE,6.531,4.5
Policy_C_SharedControl,1,153,1,1,0.9300356507301331,False,True,False,GRASP_CLOSE,5.919,4.5
Policy_C_SharedControl,1,154,1,1,0.9056186676025391,False,True,False,GRASP_CLOSE,6.228,4.5
Policy_C_SharedControl,1,155,1,1,0.9999915361404419,False,True,False,GRASP_CLOSE,5.766,4.5
Policy_C_SharedControl,1,156,1,1,0.8874202370643616,False,True,False,GRASP_CLOSE,5.425,4.5
Policy_C_SharedControl,1,157,0,1,0.9804350137710571,False,False,True,GRASP_CLOSE,5.964,4.5
Policy_C_SharedControl,1,158,1,1,0.9932204484939575,False,True,False,GRASP_CLOSE,5.749,4.5
Policy_C_SharedControl,1,159,1,0,0.8159688115119934,True,False,False,ABSTAIN,5.521,4.5
Policy_C_SharedControl,1,160,0,1,0.7998473048210144,True,False,False,ABSTAIN,5.462,4.5
Policy_A_Direct,2,1,1,1,0.9108973741531372,False,True,False,CLASS_1,153.442,4.5
Policy_A_Direct,2,2,0,0,0.6984298825263977,False,True,False,CLASS_0,1.806,4.5
Policy_A_Direct,2,3,0,0,0.5836625099182129,False,True,False,CLASS_0,1.72,4.5
Policy_A_Direct,2,4,1,0,0.613648533821106,False,False,True,CLASS_0,1.725,4.5
Policy_A_Direct,2,5,0,1,0.8689414858818054,False,False,True,CLASS_1,1.693,4.5
Policy_A_Direct,2,6,0,1,0.5450595617294312,False,False,True,CLASS_1,1.719,4.5
Policy_A_Direct,2,7,0,0,0.5232742428779602,False,True,False,CLASS_0,1.666,4.5
Policy_A_Direct,2,8,1,1,0.8261692523956299,False,True,False,CLASS_1,1.682,4.5
Policy_A_Direct,2,9,0,1,0.806958794593811,False,False,True,CLASS_1,1.654,4.5
Policy_A_Direct,2,10,0,1,0.6578239798545837,False,False,True,CLASS_1,1.67,4.5
Policy_A_Direct,2,11,1,1,0.5709215402603149,False,True,False,CLASS_1,1.655,4.5
Policy_A_Direct,2,12,1,1,0.7045115828514099,False,True,False,CLASS_1,1.65,4.5
Policy_A_Direct,2,13,1,1,0.9075143337249756,False,True,False,CLASS_1,1.645,4.5
Policy_A_Direct,2,14,0,0,0.9255138635635376,False,True,False,CLASS_0,1.648,4.5
Policy_A_Direct,2,15,1,0,0.646173894405365,False,False,True,CLASS_0,1.652,4.5
Policy_A_Direct,2,16,1,1,0.9189999103546143,False,True,False,CLASS_1,1.747,4.5
Policy_A_Direct,2,17,1,0,0.9360055327415466,False,False,True,CLASS_0,1.635,4.5
Policy_A_Direct,2,18,0,1,0.7221670150756836,False,False,True,CLASS_1,1.744,4.5
Policy_A_Direct,2,19,1,1,0.9413427114486694,False,True,False,CLASS_1,1.671,4.5
Policy_A_Direct,2,20,0,0,0.6962489485740662,False,True,False,CLASS_0,1.753,4.5
Policy_A_Direct,2,21,1,0,0.8444475531578064,False,False,True,CLASS_0,1.659,4.5
Policy_A_Direct,2,22,0,0,0.845567524433136,False,True,False,CLASS_0,1.742,4.5
Policy_A_Direct,2,23,1,1,0.6238996386528015,False,True,False,CLASS_1,1.758,4.5
Policy_A_Direct,2,24,1,0,0.5150812864303589,False,False,True,CLASS_0,1.686,4.5
Policy_A_Direct,2,25,1,1,0.9390706419944763,False,True,False,CLASS_1,1.772,4.5
Policy_A_Direct,2,26,0,0,0.9279481768608093,False,True,False,CLASS_0,1.74,4.5
Policy_A_Direct,2,27,0,0,0.9685815572738647,False,True,False,CLASS_0,1.776,4.5
Policy_A_Direct,2,28,0,1,0.5143568515777588,False,False,True,CLASS_1,1.76,4.5
Policy_A_Direct,2,29,0,0,0.9512584805488586,False,True,False,CLASS_0,1.815,4.5
Policy_A_Direct,2,30,0,0,0.9376684427261353,False,True,False,CLASS_0,1.796,4.5
Policy_A_Direct,2,31,1,0,0.6325199604034424,False,False,True,CLASS_0,1.782,4.5
Policy_A_Direct,2,32,1,1,0.5153639316558838,False,True,False,CLASS_1,1.743,4.5
Policy_A_Direct,2,33,1,0,0.8600632548332214,False,False,True,CLASS_0,1.705,4.5
Policy_A_Direct,2,34,0,0,0.5431466102600098,False,True,False,CLASS_0,1.719,4.5
Policy_A_Direct,2,35,0,1,0.8386430144309998,False,False,True,CLASS_1,1.746,4.5
Policy_A_Direct,2,36,1,0,0.9862987399101257,False,False,True,CLASS_0,1.711,4.5
Policy_A_Direct,2,37,1,0,0.8291528820991516,False,False,True,CLASS_0,1.68,4.5
Policy_A_Direct,2,38,0,0,0.9028674364089966,False,True,False,CLASS_0,1.705,4.5
Policy_A_Direct,2,39,0,0,0.6202999949455261,False,True,False,CLASS_0,1.721,4.5
Policy_A_Direct,2,40,1,1,0.788586437702179,False,True,False,CLASS_1,1.718,4.5
Policy_A_Direct,2,41,1,0,0.6430738568305969,False,False,True,CLASS_0,1.717,4.5
Policy_A_Direct,2,42,1,1,0.6423300504684448,False,True,False,CLASS_1,1.701,4.5
Policy_A_Direct,2,43,1,1,0.8593290448188782,False,True,False,CLASS_1,1.747,4.5
Policy_A_Direct,2,44,0,1,0.8155444860458374,False,False,True,CLASS_1,1.713,4.5
Policy_A_Direct,2,45,1,1,0.8443874716758728,False,True,False,CLASS_1,1.72,4.5
Policy_A_Direct,2,46,0,0,0.7677245140075684,False,True,False,CLASS_0,1.684,4.5
Policy_A_Direct,2,47,0,1,0.8857371807098389,False,False,True,CLASS_1,1.765,4.5
Policy_A_Direct,2,48,1,1,0.8685219287872314,False,True,False,CLASS_1,1.751,4.5
Policy_A_Direct,2,49,1,0,0.5181518197059631,False,False,True,CLASS_0,1.77,4.5
Policy_A_Direct,2,50,0,0,0.9727632999420166,False,True,False,CLASS_0,1.82,4.5
Policy_A_Direct,2,51,0,0,0.8837604522705078,False,True,False,CLASS_0,1.759,4.5
Policy_A_Direct,2,52,0,0,0.951400101184845,False,True,False,CLASS_0,1.903,4.5
Policy_A_Direct,2,53,0,1,0.521038830280304,False,False,True,CLASS_1,1.776,4.5
Policy_A_Direct,2,54,0,1,0.8572668433189392,False,False,True,CLASS_1,1.811,4.5
Policy_A_Direct,2,55,0,1,0.6894045472145081,False,False,True,CLASS_1,1.776,4.5
Policy_A_Direct,2,56,0,0,0.8226137757301331,False,True,False,CLASS_0,1.843,4.5
Policy_A_Direct,2,57,1,1,0.5848909020423889,False,True,False,CLASS_1,1.781,4.5
Policy_A_Direct,2,58,1,0,0.5780466794967651,False,False,True,CLASS_0,1.866,4.5
Policy_A_Direct,2,59,1,1,0.6839002966880798,False,True,False,CLASS_1,1.836,4.5
Policy_A_Direct,2,60,1,1,0.7196383476257324,False,True,False,CLASS_1,1.865,4.5
Policy_A_Direct,2,61,1,1,0.8136555552482605,False,True,False,CLASS_1,1.879,4.5
Policy_A_Direct,2,62,0,0,0.8288853168487549,False,True,False,CLASS_0,1.77,4.5
Policy_A_Direct,2,63,0,0,0.9263721108436584,False,True,False,CLASS_0,1.796,4.5
Policy_A_Direct,2,64,1,0,0.9727612733840942,False,False,True,CLASS_0,1.801,4.5
Policy_A_Direct,2,65,0,1,0.7423763275146484,False,False,True,CLASS_1,1.861,4.5
Policy_A_Direct,2,66,0,0,0.8623279929161072,False,True,False,CLASS_0,1.83,4.5
Policy_A_Direct,2,67,1,0,0.9276756048202515,False,False,True,CLASS_0,1.936,4.5
Policy_A_Direct,2,68,0,0,0.7592023015022278,False,True,False,CLASS_0,1.958,4.5
Policy_A_Direct,2,69,0,0,0.804050087928772,False,True,False,CLASS_0,1.917,4.5
Policy_A_Direct,2,70,0,0,0.6352972984313965,False,True,False,CLASS_0,1.971,4.5
Policy_A_Direct,2,71,0,0,0.7131425142288208,False,True,False,CLASS_0,1.906,4.5
Policy_A_Direct,2,72,1,0,0.9156436324119568,False,False,True,CLASS_0,1.917,4.5
Policy_A_Direct,2,73,1,0,0.7974026203155518,False,False,True,CLASS_0,1.938,4.5
Policy_A_Direct,2,74,1,1,0.6717635989189148,False,True,False,CLASS_1,1.946,4.5
Policy_A_Direct,2,75,1,0,0.5236533880233765,False,False,True,CLASS_0,1.98,4.5
Policy_A_Direct,2,76,1,0,0.6371119022369385,False,False,True,CLASS_0,2.034,4.5
Policy_A_Direct,2,77,0,0,0.5678903460502625,False,True,False,CLASS_0,2.044,4.5
Policy_A_Direct,2,78,1,0,0.6038263440132141,False,False,True,CLASS_0,2.021,4.5
Policy_A_Direct,2,79,1,1,0.9250360727310181,False,True,False,CLASS_1,1.953,4.5
Policy_A_Direct,2,80,0,0,0.8946820497512817,False,True,False,CLASS_0,1.976,4.5
Policy_A_Direct,2,81,0,0,0.8938720226287842,False,True,False,CLASS_0,2.304,4.5
Policy_A_Direct,2,82,0,1,0.5048107504844666,False,False,True,CLASS_1,2.841,4.5
Policy_A_Direct,2,83,0,1,0.5240116715431213,False,False,True,CLASS_1,2.13,4.5
Policy_A_Direct,2,84,0,1,0.7231975197792053,False,False,True,CLASS_1,2.134,4.5
Policy_A_Direct,2,85,0,1,0.765552818775177,False,False,True,CLASS_1,2.177,4.5
Policy_A_Direct,2,86,0,1,0.6710928678512573,False,False,True,CLASS_1,2.173,4.5
Policy_A_Direct,2,87,1,0,0.5228415131568909,False,False,True,CLASS_0,2.131,4.5
Policy_A_Direct,2,88,0,0,0.8713831901550293,False,True,False,CLASS_0,2.064,4.5
Policy_A_Direct,2,89,1,0,0.6866816878318787,False,False,True,CLASS_0,2.163,4.5
Policy_A_Direct,2,90,0,1,0.9265552759170532,False,False,True,CLASS_1,2.247,4.5
Policy_A_Direct,2,91,1,0,0.8171594142913818,False,False,True,CLASS_0,2.247,4.5
Policy_A_Direct,2,92,1,0,0.721250593662262,False,False,True,CLASS_0,2.264,4.5
Policy_A_Direct,2,93,0,0,0.687729001045227,False,True,False,CLASS_0,2.237,4.5
Policy_A_Direct,2,94,0,0,0.5144942998886108,False,True,False,CLASS_0,2.27,4.5
Policy_A_Direct,2,95,1,0,0.7964332103729248,False,False,True,CLASS_0,2.307,4.5
Policy_A_Direct,2,96,1,0,0.9461275339126587,False,False,True,CLASS_0,3.483,4.5
Policy_A_Direct,2,97,1,0,0.706166684627533,False,False,True,CLASS_0,2.907,4.5
Policy_A_Direct,2,98,1,0,0.693696916103363,False,False,True,CLASS_0,2.893,4.5
Policy_A_Direct,2,99,0,0,0.8569531440734863,False,True,False,CLASS_0,2.825,4.5
Policy_A_Direct,2,100,0,0,0.799172580242157,False,True,False,CLASS_0,2.994,4.5
Policy_A_Direct,2,101,0,0,0.8450416326522827,False,True,False,CLASS_0,3.222,4.5
Policy_A_Direct,2,102,0,1,0.8739877939224243,False,False,True,CLASS_1,4.574,4.5
Policy_A_Direct,2,103,1,0,0.896007239818573,False,False,True,CLASS_0,4.492,4.5
Policy_A_Direct,2,104,0,1,0.9724190831184387,False,False,True,CLASS_1,5.154,4.5
Policy_A_Direct,2,105,0,0,0.9392674565315247,False,True,False,CLASS_0,3.515,4.5
Policy_A_Direct,2,106,1,0,0.7271431684494019,False,False,True,CLASS_0,3.492,4.5
Policy_A_Direct,2,107,1,0,0.5769348740577698,False,False,True,CLASS_0,2.92,4.5
Policy_A_Direct,2,108,0,0,0.6705493330955505,False,True,False,CLASS_0,2.845,4.5
Policy_A_Direct,2,109,0,0,0.9549486637115479,False,True,False,CLASS_0,3.059,4.5
Policy_A_Direct,2,110,1,0,0.9871194362640381,False,False,True,CLASS_0,3.008,4.5
Policy_A_Direct,2,111,1,1,0.7536129355430603,False,True,False,CLASS_1,2.884,4.5
Policy_A_Direct,2,112,1,1,0.9833270907402039,False,True,False,CLASS_1,2.935,4.5
Policy_A_Direct,2,113,1,1,0.5831977128982544,False,True,False,CLASS_1,2.873,4.5
Policy_A_Direct,2,114,1,1,0.781251847743988,False,True,False,CLASS_1,2.834,4.5
Policy_A_Direct,2,115,1,1,0.960258424282074,False,True,False,CLASS_1,2.985,4.5
Policy_A_Direct,2,116,1,0,0.5348068475723267,False,False,True,CLASS_0,2.828,4.5
Policy_A_Direct,2,117,0,1,0.943834662437439,False,False,True,CLASS_1,3.072,4.5
Policy_A_Direct,2,118,1,1,0.5948134064674377,False,True,False,CLASS_1,2.846,4.5
Policy_A_Direct,2,119,1,0,0.7433550357818604,False,False,True,CLASS_0,2.91,4.5
Policy_A_Direct,2,120,0,0,0.8480677008628845,False,True,False,CLASS_0,3.141,4.5
Policy_A_Direct,2,121,1,0,0.6880518198013306,False,False,True,CLASS_0,2.932,4.5
Policy_A_Direct,2,122,0,1,0.8059062957763672,False,False,True,CLASS_1,2.483,4.5
Policy_A_Direct,2,123,1,0,0.9510371685028076,False,False,True,CLASS_0,2.619,4.5
Policy_A_Direct,2,124,1,1,0.6929401159286499,False,True,False,CLASS_1,2.502,4.5
Policy_A_Direct,2,125,0,0,0.7196428179740906,False,True,False,CLASS_0,2.677,4.5
Policy_A_Direct,2,126,1,0,0.9659832119941711,False,False,True,CLASS_0,2.9,4.5
Policy_A_Direct,2,127,0,1,0.6632629632949829,False,False,True,CLASS_1,2.817,4.5
Policy_A_Direct,2,128,1,0,0.7635136842727661,False,False,True,CLASS_0,2.644,4.5
Policy_A_Direct,2,129,1,0,0.8157687783241272,False,False,True,CLASS_0,2.818,4.5
Policy_A_Direct,2,130,1,1,0.9319952726364136,False,True,False,CLASS_1,2.725,4.5
Policy_A_Direct,2,131,0,1,0.6349634528160095,False,False,True,CLASS_1,2.795,4.5
Policy_A_Direct,2,132,1,0,0.9849929809570312,False,False,True,CLASS_0,2.948,4.5
Policy_A_Direct,2,133,0,1,0.9908661246299744,False,False,True,CLASS_1,2.856,4.5
Policy_A_Direct,2,134,0,1,0.9636837840080261,False,False,True,CLASS_1,2.807,4.5
Policy_A_Direct,2,135,0,1,0.7258430123329163,False,False,True,CLASS_1,2.795,4.5
Policy_A_Direct,2,136,1,1,0.5326021909713745,False,True,False,CLASS_1,2.748,4.5
Policy_A_Direct,2,137,0,0,0.853678286075592,False,True,False,CLASS_0,2.658,4.5
Policy_A_Direct,2,138,0,1,0.8133926391601562,False,False,True,CLASS_1,3.019,4.5
Policy_A_Direct,2,139,0,0,0.6243669390678406,False,True,False,CLASS_0,2.792,4.5
Policy_A_Direct,2,140,0,1,0.7410751581192017,False,False,True,CLASS_1,2.766,4.5
Policy_A_Direct,2,141,1,1,0.9418919086456299,False,True,False,CLASS_1,2.803,4.5
Policy_A_Direct,2,142,1,1,0.8786232471466064,False,True,False,CLASS_1,2.669,4.5
Policy_A_Direct,2,143,1,0,0.6933838725090027,False,False,True,CLASS_0,2.661,4.5
Policy_A_Direct,2,144,0,0,0.6915285587310791,False,True,False,CLASS_0,2.941,4.5
Policy_A_Direct,2,145,0,1,0.9289993643760681,False,False,True,CLASS_1,2.696,4.5
Policy_A_Direct,2,146,0,1,0.9252594113349915,False,False,True,CLASS_1,2.628,4.5
Policy_A_Direct,2,147,1,0,0.8431864380836487,False,False,True,CLASS_0,2.693,4.5
Policy_A_Direct,2,148,0,0,0.5668833255767822,False,True,False,CLASS_0,2.761,4.5
Policy_A_Direct,2,149,1,1,0.6481360793113708,False,True,False,CLASS_1,2.614,4.5
Policy_A_Direct,2,150,1,1,0.9598289132118225,False,True,False,CLASS_1,2.943,4.5
Policy_A_Direct,2,151,1,1,0.8923975229263306,False,True,False,CLASS_1,2.704,4.5
Policy_A_Direct,2,152,1,0,0.7967050075531006,False,False,True,CLASS_0,2.761,4.5
Policy_A_Direct,2,153,0,0,0.5135786533355713,False,True,False,CLASS_0,2.714,4.5
Policy_A_Direct,2,154,1,0,0.5529481768608093,False,False,True,CLASS_0,2.674,4.5
Policy_A_Direct,2,155,0,1,0.8663531541824341,False,False,True,CLASS_1,2.716,4.5
Policy_A_Direct,2,156,0,1,0.9283375144004822,False,False,True,CLASS_1,2.933,4.5
Policy_A_Direct,2,157,1,1,0.6250581741333008,False,True,False,CLASS_1,2.745,4.5
Policy_A_Direct,2,158,1,1,0.5142633318901062,False,True,False,CLASS_1,2.668,4.5
Policy_A_Direct,2,159,0,1,0.501549243927002,False,False,True,CLASS_1,2.836,4.5
Policy_A_Direct,2,160,0,0,0.5406985878944397,False,True,False,CLASS_0,2.639,4.5
Policy_B_ConfidenceGated,2,1,1,1,0.9108973741531372,False,True,False,CLASS_1,3.416,4.5
Policy_B_ConfidenceGated,2,2,0,0,0.6984298825263977,True,False,False,ABSTAIN,2.705,4.5
Policy_B_ConfidenceGated,2,3,0,0,0.5836625099182129,True,False,False,ABSTAIN,2.676,4.5
Policy_B_ConfidenceGated,2,4,1,0,0.613648533821106,True,False,False,ABSTAIN,2.789,4.5
Policy_B_ConfidenceGated,2,5,0,1,0.8689414858818054,False,False,True,CLASS_1,2.828,4.5
Policy_B_ConfidenceGated,2,6,0,1,0.5450595617294312,True,False,False,ABSTAIN,2.882,4.5
Policy_B_ConfidenceGated,2,7,0,0,0.5232742428779602,True,False,False,ABSTAIN,2.973,4.5
Policy_B_ConfidenceGated,2,8,1,1,0.8261692523956299,True,False,False,ABSTAIN,2.581,4.5
Policy_B_ConfidenceGated,2,9,0,1,0.806958794593811,True,False,False,ABSTAIN,2.581,4.5
Policy_B_ConfidenceGated,2,10,0,1,0.6578239798545837,True,False,False,ABSTAIN,2.578,4.5
Policy_B_ConfidenceGated,2,11,1,1,0.5709215402603149,True,False,False,ABSTAIN,2.614,4.5
Policy_B_ConfidenceGated,2,12,1,1,0.7045115828514099,True,False,False,ABSTAIN,2.525,4.5
Policy_B_ConfidenceGated,2,13,1,1,0.9075143337249756,False,True,False,CLASS_1,2.655,4.5
Policy_B_ConfidenceGated,2,14,0,0,0.9255138635635376,False,True,False,CLASS_0,2.715,4.5
Policy_B_ConfidenceGated,2,15,1,0,0.646173894405365,True,False,False,ABSTAIN,2.646,4.5
Policy_B_ConfidenceGated,2,16,1,1,0.9189999103546143,False,True,False,CLASS_1,2.686,4.5
Policy_B_ConfidenceGated,2,17,1,0,0.9360055327415466,False,False,True,CLASS_0,2.659,4.5
Policy_B_ConfidenceGated,2,18,0,1,0.7221670150756836,True,False,False,ABSTAIN,2.63,4.5
Policy_B_ConfidenceGated,2,19,1,1,0.9413427114486694,False,True,False,CLASS_1,2.74,4.5
Policy_B_ConfidenceGated,2,20,0,0,0.6962489485740662,True,False,False,ABSTAIN,2.824,4.5
Policy_B_ConfidenceGated,2,21,1,0,0.8444475531578064,False,False,True,CLASS_0,2.858,4.5
Policy_B_ConfidenceGated,2,22,0,0,0.845567524433136,False,True,False,CLASS_0,2.938,4.5
Policy_B_ConfidenceGated,2,23,1,1,0.6238996386528015,True,False,False,ABSTAIN,2.788,4.5
Policy_B_ConfidenceGated,2,24,1,0,0.5150812864303589,True,False,False,ABSTAIN,2.625,4.5
Policy_B_ConfidenceGated,2,25,1,1,0.9390706419944763,False,True,False,CLASS_1,2.773,4.5
Policy_B_ConfidenceGated,2,26,0,0,0.9279481768608093,False,True,False,CLASS_0,2.859,4.5
Policy_B_ConfidenceGated,2,27,0,0,0.9685815572738647,False,True,False,CLASS_0,3.364,4.5
Policy_B_ConfidenceGated,2,28,0,1,0.5143568515777588,True,False,False,ABSTAIN,2.952,4.5
Policy_B_ConfidenceGated,2,29,0,0,0.9512584805488586,False,True,False,CLASS_0,2.779,4.5
Policy_B_ConfidenceGated,2,30,0,0,0.9376684427261353,False,True,False,CLASS_0,2.732,4.5
Policy_B_ConfidenceGated,2,31,1,0,0.6325199604034424,True,False,False,ABSTAIN,2.705,4.5
Policy_B_ConfidenceGated,2,32,1,1,0.5153639316558838,True,False,False,ABSTAIN,2.696,4.5
Policy_B_ConfidenceGated,2,33,1,0,0.8600632548332214,False,False,True,CLASS_0,2.695,4.5
Policy_B_ConfidenceGated,2,34,0,0,0.5431466102600098,True,False,False,ABSTAIN,2.67,4.5
Policy_B_ConfidenceGated,2,35,0,1,0.8386430144309998,False,False,True,CLASS_1,3.075,4.5
Policy_B_ConfidenceGated,2,36,1,0,0.9862987399101257,False,False,True,CLASS_0,2.526,4.5
Policy_B_ConfidenceGated,2,37,1,0,0.8291528820991516,True,False,False,ABSTAIN,2.628,4.5
Policy_B_ConfidenceGated,2,38,0,0,0.9028674364089966,False,True,False,CLASS_0,2.506,4.5
Policy_B_ConfidenceGated,2,39,0,0,0.6202999949455261,True,False,False,ABSTAIN,2.474,4.5
Policy_B_ConfidenceGated,2,40,1,1,0.788586437702179,True,False,False,ABSTAIN,2.436,4.5
Policy_B_ConfidenceGated,2,41,1,0,0.6430738568305969,True,False,False,ABSTAIN,2.614,4.5
Policy_B_ConfidenceGated,2,42,1,1,0.6423300504684448,True,False,False,ABSTAIN,2.504,4.5
Policy_B_ConfidenceGated,2,43,1,1,0.8593290448188782,False,True,False,CLASS_1,2.529,4.5
Policy_B_ConfidenceGated,2,44,0,1,0.8155444860458374,True,False,False,ABSTAIN,2.803,4.5
Policy_B_ConfidenceGated,2,45,1,1,0.8443874716758728,False,True,False,CLASS_1,2.638,4.5
Policy_B_ConfidenceGated,2,46,0,0,0.7677245140075684,True,False,False,ABSTAIN,2.571,4.5
Policy_B_ConfidenceGated,2,47,0,1,0.8857371807098389,False,False,True,CLASS_1,2.645,4.5
Policy_B_ConfidenceGated,2,48,1,1,0.8685219287872314,False,True,False,CLASS_1,2.528,4.5
Policy_B_ConfidenceGated,2,49,1,0,0.5181518197059631,True,False,False,ABSTAIN,2.538,4.5
Policy_B_ConfidenceGated,2,50,0,0,0.9727632999420166,False,True,False,CLASS_0,2.741,4.5
Policy_B_ConfidenceGated,2,51,0,0,0.8837604522705078,False,True,False,CLASS_0,2.649,4.5
Policy_B_ConfidenceGated,2,52,0,0,0.951400101184845,False,True,False,CLASS_0,2.534,4.5
Policy_B_ConfidenceGated,2,53,0,1,0.521038830280304,True,False,False,ABSTAIN,2.622,4.5
Policy_B_ConfidenceGated,2,54,0,1,0.8572668433189392,False,False,True,CLASS_1,2.638,4.5
Policy_B_ConfidenceGated,2,55,0,1,0.6894045472145081,True,False,False,ABSTAIN,2.575,4.5
Policy_B_ConfidenceGated,2,56,0,0,0.8226137757301331,True,False,False,ABSTAIN,2.629,4.5
Policy_B_ConfidenceGated,2,57,1,1,0.5848909020423889,True,False,False,ABSTAIN,2.686,4.5
Policy_B_ConfidenceGated,2,58,1,0,0.5780466794967651,True,False,False,ABSTAIN,2.514,4.5
Policy_B_ConfidenceGated,2,59,1,1,0.6839002966880798,True,False,False,ABSTAIN,2.577,4.5
Policy_B_ConfidenceGated,2,60,1,1,0.7196383476257324,True,False,False,ABSTAIN,2.662,4.5
Policy_B_ConfidenceGated,2,61,1,1,0.8136555552482605,True,False,False,ABSTAIN,2.676,4.5
Policy_B_ConfidenceGated,2,62,0,0,0.8288853168487549,True,False,False,ABSTAIN,2.685,4.5
Policy_B_ConfidenceGated,2,63,0,0,0.9263721108436584,False,True,False,CLASS_0,2.89,4.5
Policy_B_ConfidenceGated,2,64,1,0,0.9727612733840942,False,False,True,CLASS_0,2.746,4.5
Policy_B_ConfidenceGated,2,65,0,1,0.7423763275146484,True,False,False,ABSTAIN,2.758,4.5
Policy_B_ConfidenceGated,2,66,0,0,0.8623279929161072,False,True,False,CLASS_0,2.794,4.5
Policy_B_ConfidenceGated,2,67,1,0,0.9276756048202515,False,False,True,CLASS_0,2.76,4.5
Policy_B_ConfidenceGated,2,68,0,0,0.7592023015022278,True,False,False,ABSTAIN,2.72,4.5
Policy_B_ConfidenceGated,2,69,0,0,0.804050087928772,True,False,False,ABSTAIN,2.954,4.5
Policy_B_ConfidenceGated,2,70,0,0,0.6352972984313965,True,False,False,ABSTAIN,2.819,4.5
Policy_B_ConfidenceGated,2,71,0,0,0.7131425142288208,True,False,False,ABSTAIN,2.799,4.5
Policy_B_ConfidenceGated,2,72,1,0,0.9156436324119568,False,False,True,CLASS_0,2.841,4.5
Policy_B_ConfidenceGated,2,73,1,0,0.7974026203155518,True,False,False,ABSTAIN,2.677,4.5
Policy_B_ConfidenceGated,2,74,1,1,0.6717635989189148,True,False,False,ABSTAIN,2.664,4.5
Policy_B_ConfidenceGated,2,75,1,0,0.5236533880233765,True,False,False,ABSTAIN,2.755,4.5
Policy_B_ConfidenceGated,2,76,1,0,0.6371119022369385,True,False,False,ABSTAIN,2.627,4.5
Policy_B_ConfidenceGated,2,77,0,0,0.5678903460502625,True,False,False,ABSTAIN,2.688,4.5
Policy_B_ConfidenceGated,2,78,1,0,0.6038263440132141,True,False,False,ABSTAIN,2.931,4.5
Policy_B_ConfidenceGated,2,79,1,1,0.9250360727310181,False,True,False,CLASS_1,2.719,4.5
Policy_B_ConfidenceGated,2,80,0,0,0.8946820497512817,False,True,False,CLASS_0,2.743,4.5
Policy_B_ConfidenceGated,2,81,0,0,0.8938720226287842,False,True,False,CLASS_0,2.956,4.5
Policy_B_ConfidenceGated,2,82,0,1,0.5048107504844666,True,False,False,ABSTAIN,2.641,4.5
Policy_B_ConfidenceGated,2,83,0,1,0.5240116715431213,True,False,False,ABSTAIN,2.682,4.5
Policy_B_ConfidenceGated,2,84,0,1,0.7231975197792053,True,False,False,ABSTAIN,2.814,4.5
Policy_B_ConfidenceGated,2,85,0,1,0.765552818775177,True,False,False,ABSTAIN,2.664,4.5
Policy_B_ConfidenceGated,2,86,0,1,0.6710928678512573,True,False,False,ABSTAIN,2.812,4.5
Policy_B_ConfidenceGated,2,87,1,0,0.5228415131568909,True,False,False,ABSTAIN,2.871,4.5
Policy_B_ConfidenceGated,2,88,0,0,0.8713831901550293,False,True,False,CLASS_0,2.748,4.5
Policy_B_ConfidenceGated,2,89,1,0,0.6866816878318787,True,False,False,ABSTAIN,2.639,4.5
Policy_B_ConfidenceGated,2,90,0,1,0.9265552759170532,False,False,True,CLASS_1,2.745,4.5
Policy_B_ConfidenceGated,2,91,1,0,0.8171594142913818,True,False,False,ABSTAIN,2.71,4.5
Policy_B_ConfidenceGated,2,92,1,0,0.721250593662262,True,False,False,ABSTAIN,2.868,4.5
Policy_B_ConfidenceGated,2,93,0,0,0.687729001045227,True,False,False,ABSTAIN,2.836,4.5
Policy_B_ConfidenceGated,2,94,0,0,0.5144942998886108,True,False,False,ABSTAIN,2.762,4.5
Policy_B_ConfidenceGated,2,95,1,0,0.7964332103729248,True,False,False,ABSTAIN,2.832,4.5
Policy_B_ConfidenceGated,2,96,1,0,0.9461275339126587,False,False,True,CLASS_0,2.792,4.5
Policy_B_ConfidenceGated,2,97,1,0,0.706166684627533,True,False,False,ABSTAIN,2.772,4.5
Policy_B_ConfidenceGated,2,98,1,0,0.693696916103363,True,False,False,ABSTAIN,3.159,4.5
Policy_B_ConfidenceGated,2,99,0,0,0.8569531440734863,False,True,False,CLASS_0,3.257,4.5
Policy_B_ConfidenceGated,2,100,0,0,0.799172580242157,True,False,False,ABSTAIN,3.057,4.5
Policy_B_ConfidenceGated,2,101,0,0,0.8450416326522827,False,True,False,CLASS_0,3.079,4.5
Policy_B_ConfidenceGated,2,102,0,1,0.8739877939224243,False,False,True,CLASS_1,3.066,4.5
Policy_B_ConfidenceGated,2,103,1,0,0.896007239818573,False,False,True,CLASS_0,3.284,4.5
Policy_B_ConfidenceGated,2,104,0,1,0.9724190831184387,False,False,True,CLASS_1,3.294,4.5
Policy_B_ConfidenceGated,2,105,0,0,0.9392674565315247,False,True,False,CLASS_0,3.05,4.5
Policy_B_ConfidenceGated,2,106,1,0,0.7271431684494019,True,False,False,ABSTAIN,3.116,4.5
Policy_B_ConfidenceGated,2,107,1,0,0.5769348740577698,True,False,False,ABSTAIN,3.103,4.5
Policy_B_ConfidenceGated,2,108,0,0,0.6705493330955505,True,False,False,ABSTAIN,3.161,4.5
Policy_B_ConfidenceGated,2,109,0,0,0.9549486637115479,False,True,False,CLASS_0,3.654,4.5
Policy_B_ConfidenceGated,2,110,1,0,0.9871194362640381,False,False,True,CLASS_0,3.393,4.5
Policy_B_ConfidenceGated,2,111,1,1,0.7536129355430603,True,False,False,ABSTAIN,3.431,4.5
Policy_B_ConfidenceGated,2,112,1,1,0.9833270907402039,False,True,False,CLASS_1,5.14,4.5
Policy_B_ConfidenceGated,2,113,1,1,0.5831977128982544,True,False,False,ABSTAIN,3.934,4.5
Policy_B_ConfidenceGated,2,114,1,1,0.781251847743988,True,False,False,ABSTAIN,3.757,4.5
Policy_B_ConfidenceGated,2,115,1,1,0.960258424282074,False,True,False,CLASS_1,3.49,4.5
Policy_B_ConfidenceGated,2,116,1,0,0.5348068475723267,True,False,False,ABSTAIN,3.486,4.5
Policy_B_ConfidenceGated,2,117,0,1,0.943834662437439,False,False,True,CLASS_1,4.425,4.5
Policy_B_ConfidenceGated,2,118,1,1,0.5948134064674377,True,False,False,ABSTAIN,4.556,4.5
Policy_B_ConfidenceGated,2,119,1,0,0.7433550357818604,True,False,False,ABSTAIN,4.758,4.5
Policy_B_ConfidenceGated,2,120,0,0,0.8480677008628845,False,True,False,CLASS_0,5.004,4.5
Policy_B_ConfidenceGated,2,121,1,0,0.6880518198013306,True,False,False,ABSTAIN,5.749,4.5
Policy_B_ConfidenceGated,2,122,0,1,0.8059062957763672,True,False,False,ABSTAIN,4.38,4.5
Policy_B_ConfidenceGated,2,123,1,0,0.9510371685028076,False,False,True,CLASS_0,4.214,4.5
Policy_B_ConfidenceGated,2,124,1,1,0.6929401159286499,True,False,False,ABSTAIN,4.781,4.5
Policy_B_ConfidenceGated,2,125,0,0,0.7196428179740906,True,False,False,ABSTAIN,4.887,4.5
Policy_B_ConfidenceGated,2,126,1,0,0.9659832119941711,False,False,True,CLASS_0,4.78,4.5
Policy_B_ConfidenceGated,2,127,0,1,0.6632629632949829,True,False,False,ABSTAIN,5.48,4.5
Policy_B_ConfidenceGated,2,128,1,0,0.7635136842727661,True,False,False,ABSTAIN,5.795,4.5
Policy_B_ConfidenceGated,2,129,1,0,0.8157687783241272,True,False,False,ABSTAIN,6.391,4.5
Policy_B_ConfidenceGated,2,130,1,1,0.9319952726364136,False,True,False,CLASS_1,5.194,4.5
Policy_B_ConfidenceGated,2,131,0,1,0.6349634528160095,True,False,False,ABSTAIN,5.549,4.5
Policy_B_ConfidenceGated,2,132,1,0,0.9849929809570312,False,False,True,CLASS_0,5.257,4.5
Policy_B_ConfidenceGated,2,133,0,1,0.9908661246299744,False,False,True,CLASS_1,5.676,4.5
Policy_B_ConfidenceGated,2,134,0,1,0.9636837840080261,False,False,True,CLASS_1,6.621,4.5
Policy_B_ConfidenceGated,2,135,0,1,0.7258430123329163,True,False,False,ABSTAIN,6.335,4.5
Policy_B_ConfidenceGated,2,136,1,1,0.5326021909713745,True,False,False,ABSTAIN,7.206,4.5
Policy_B_ConfidenceGated,2,137,0,0,0.853678286075592,False,True,False,CLASS_0,6.412,4.5
Policy_B_ConfidenceGated,2,138,0,1,0.8133926391601562,True,False,False,ABSTAIN,6.361,4.5
Policy_B_ConfidenceGated,2,139,0,0,0.6243669390678406,True,False,False,ABSTAIN,6.742,4.5
Policy_B_ConfidenceGated,2,140,0,1,0.7410751581192017,True,False,False,ABSTAIN,6.409,4.5
Policy_B_ConfidenceGated,2,141,1,1,0.9418919086456299,False,True,False,CLASS_1,6.346,4.5
Policy_B_ConfidenceGated,2,142,1,1,0.8786232471466064,False,True,False,CLASS_1,5.648,4.5
Policy_B_ConfidenceGated,2,143,1,0,0.6933838725090027,True,False,False,ABSTAIN,6.377,4.5
Policy_B_ConfidenceGated,2,144,0,0,0.6915285587310791,True,False,False,ABSTAIN,5.892,4.5
Policy_B_ConfidenceGated,2,145,0,1,0.9289993643760681,False,False,True,CLASS_1,5.549,4.5
Policy_B_ConfidenceGated,2,146,0,1,0.9252594113349915,False,False,True,CLASS_1,5.624,4.5
Policy_B_ConfidenceGated,2,147,1,0,0.8431864380836487,False,False,True,CLASS_0,6.007,4.5
Policy_B_ConfidenceGated,2,148,0,0,0.5668833255767822,True,False,False,ABSTAIN,6.618,4.5
Policy_B_ConfidenceGated,2,149,1,1,0.6481360793113708,True,False,False,ABSTAIN,6.65,4.5
Policy_B_ConfidenceGated,2,150,1,1,0.9598289132118225,False,True,False,CLASS_1,6.386,4.5
Policy_B_ConfidenceGated,2,151,1,1,0.8923975229263306,False,True,False,CLASS_1,5.608,4.5
Policy_B_ConfidenceGated,2,152,1,0,0.7967050075531006,True,False,False,ABSTAIN,6.164,4.5
Policy_B_ConfidenceGated,2,153,0,0,0.5135786533355713,True,False,False,ABSTAIN,5.51,4.5
Policy_B_ConfidenceGated,2,154,1,0,0.5529481768608093,True,False,False,ABSTAIN,5.738,4.5
Policy_B_ConfidenceGated,2,155,0,1,0.8663531541824341,False,False,True,CLASS_1,5.657,4.5
Policy_B_ConfidenceGated,2,156,0,1,0.9283375144004822,False,False,True,CLASS_1,5.633,4.5
Policy_B_ConfidenceGated,2,157,1,1,0.6250581741333008,True,False,False,ABSTAIN,6.4,4.5
Policy_B_ConfidenceGated,2,158,1,1,0.5142633318901062,True,False,False,ABSTAIN,6.192,4.5
Policy_B_ConfidenceGated,2,159,0,1,0.501549243927002,True,False,False,ABSTAIN,5.55,4.5
Policy_B_ConfidenceGated,2,160,0,0,0.5406985878944397,True,False,False,ABSTAIN,5.549,4.5
Policy_C_SharedControl,2,1,1,1,0.9108973741531372,False,True,False,SELECT_RIGHT,6.337,4.5
Policy_C_SharedControl,2,2,0,0,0.6984298825263977,True,False,False,ABSTAIN,6.322,4.5
Policy_C_SharedControl,2,3,0,0,0.5836625099182129,True,False,False,ABSTAIN,5.503,4.5
Policy_C_SharedControl,2,4,1,0,0.613648533821106,True,False,False,ABSTAIN,5.551,4.5
Policy_C_SharedControl,2,5,0,1,0.8689414858818054,False,False,True,REACH_FORWARD,6.064,4.5
Policy_C_SharedControl,2,6,0,1,0.5450595617294312,True,False,False,ABSTAIN,6.033,4.5
Policy_C_SharedControl,2,7,0,0,0.5232742428779602,True,False,False,ABSTAIN,6.454,4.5
Policy_C_SharedControl,2,8,1,1,0.8261692523956299,True,False,False,ABSTAIN,6.709,4.5
Policy_C_SharedControl,2,9,0,1,0.806958794593811,True,False,False,ABSTAIN,5.557,4.5
Policy_C_SharedControl,2,10,0,1,0.6578239798545837,True,False,False,ABSTAIN,5.662,4.5
Policy_C_SharedControl,2,11,1,1,0.5709215402603149,True,False,False,ABSTAIN,5.598,4.5
Policy_C_SharedControl,2,12,1,1,0.7045115828514099,True,False,False,ABSTAIN,6.543,4.5
Policy_C_SharedControl,2,13,1,1,0.9075143337249756,False,True,False,GRASP_CLOSE,6.231,4.5
Policy_C_SharedControl,2,14,0,0,0.9255138635635376,False,True,False,GRASP_OPEN,6.398,4.5
Policy_C_SharedControl,2,15,1,0,0.646173894405365,True,False,False,ABSTAIN,6.661,4.5
Policy_C_SharedControl,2,16,1,1,0.9189999103546143,False,True,False,GRASP_CLOSE,5.633,4.5
Policy_C_SharedControl,2,17,1,0,0.9360055327415466,False,False,True,GRASP_OPEN,5.601,4.5
Policy_C_SharedControl,2,18,0,1,0.7221670150756836,True,False,False,ABSTAIN,5.655,4.5
Policy_C_SharedControl,2,19,1,1,0.9413427114486694,False,True,False,GRASP_CLOSE,6.202,4.5
Policy_C_SharedControl,2,20,0,0,0.6962489485740662,True,False,False,ABSTAIN,5.907,4.5
Policy_C_SharedControl,2,21,1,0,0.8444475531578064,False,False,True,GRASP_OPEN,6.311,4.5
Policy_C_SharedControl,2,22,0,0,0.845567524433136,False,True,False,GRASP_OPEN,5.661,4.5
Policy_C_SharedControl,2,23,1,1,0.6238996386528015,True,False,False,ABSTAIN,5.523,4.5
Policy_C_SharedControl,2,24,1,0,0.5150812864303589,True,False,False,ABSTAIN,5.885,4.5
Policy_C_SharedControl,2,25,1,1,0.9390706419944763,False,True,False,GRASP_CLOSE,5.615,4.5
Policy_C_SharedControl,2,26,0,0,0.9279481768608093,False,True,False,GRASP_OPEN,5.865,4.5
Policy_C_SharedControl,2,27,0,0,0.9685815572738647,False,True,False,GRASP_OPEN,6.046,4.5
Policy_C_SharedControl,2,28,0,1,0.5143568515777588,True,False,False,ABSTAIN,6.196,4.5
Policy_C_SharedControl,2,29,0,0,0.9512584805488586,False,True,False,GRASP_OPEN,6.603,4.5
Policy_C_SharedControl,2,30,0,0,0.9376684427261353,False,True,False,GRASP_OPEN,5.744,4.5
Policy_C_SharedControl,2,31,1,0,0.6325199604034424,True,False,False,ABSTAIN,5.498,4.5
Policy_C_SharedControl,2,32,1,1,0.5153639316558838,True,False,False,ABSTAIN,5.707,4.5
Policy_C_SharedControl,2,33,1,0,0.8600632548332214,False,False,True,GRASP_OPEN,6.331,4.5
Policy_C_SharedControl,2,34,0,0,0.5431466102600098,True,False,False,ABSTAIN,5.69,4.5
Policy_C_SharedControl,2,35,0,1,0.8386430144309998,False,False,True,GRASP_CLOSE,6.069,4.5
Policy_C_SharedControl,2,36,1,0,0.9862987399101257,False,False,True,GRASP_OPEN,5.524,4.5
Policy_C_SharedControl,2,37,1,0,0.8291528820991516,True,False,False,ABSTAIN,5.848,4.5
Policy_C_SharedControl,2,38,0,0,0.9028674364089966,False,True,False,GRASP_OPEN,6.74,4.5
Policy_C_SharedControl,2,39,0,0,0.6202999949455261,True,False,False,ABSTAIN,6.4,4.5
Policy_C_SharedControl,2,40,1,1,0.788586437702179,True,False,False,ABSTAIN,28.987,4.5
Policy_C_SharedControl,2,41,1,0,0.6430738568305969,True,False,False,ABSTAIN,7.191,4.5
Policy_C_SharedControl,2,42,1,1,0.6423300504684448,True,False,False,ABSTAIN,6.328,4.5
Policy_C_SharedControl,2,43,1,1,0.8593290448188782,False,True,False,GRASP_CLOSE,5.697,4.5
Policy_C_SharedControl,2,44,0,1,0.8155444860458374,True,False,False,ABSTAIN,5.634,4.5
Policy_C_SharedControl,2,45,1,1,0.8443874716758728,False,True,False,GRASP_CLOSE,6.465,4.5
Policy_C_SharedControl,2,46,0,0,0.7677245140075684,True,False,False,ABSTAIN,6.422,4.5
Policy_C_SharedControl,2,47,0,1,0.8857371807098389,False,False,True,GRASP_CLOSE,5.63,4.5
Policy_C_SharedControl,2,48,1,1,0.8685219287872314,False,True,False,GRASP_CLOSE,5.564,4.5
Policy_C_SharedControl,2,49,1,0,0.5181518197059631,True,False,False,ABSTAIN,5.607,4.5
Policy_C_SharedControl,2,50,0,0,0.9727632999420166,False,True,False,GRASP_OPEN,6.301,4.5
Policy_C_SharedControl,2,51,0,0,0.8837604522705078,False,True,False,GRASP_OPEN,5.753,4.5
Policy_C_SharedControl,2,52,0,0,0.951400101184845,False,True,False,GRASP_OPEN,5.063,4.5
Policy_C_SharedControl,2,53,0,1,0.521038830280304,True,False,False,ABSTAIN,4.752,4.5
Policy_C_SharedControl,2,54,0,1,0.8572668433189392,False,False,True,GRASP_CLOSE,5.21,4.5
Policy_C_SharedControl,2,55,0,1,0.6894045472145081,True,False,False,ABSTAIN,5.089,4.5
Policy_C_SharedControl,2,56,0,0,0.8226137757301331,True,False,False,ABSTAIN,5.255,4.5
Policy_C_SharedControl,2,57,1,1,0.5848909020423889,True,False,False,ABSTAIN,5.465,4.5
Policy_C_SharedControl,2,58,1,0,0.5780466794967651,True,False,False,ABSTAIN,5.8,4.5
Policy_C_SharedControl,2,59,1,1,0.6839002966880798,True,False,False,ABSTAIN,5.669,4.5
Policy_C_SharedControl,2,60,1,1,0.7196383476257324,True,False,False,ABSTAIN,6.035,4.5
Policy_C_SharedControl,2,61,1,1,0.8136555552482605,True,False,False,ABSTAIN,6.536,4.5
Policy_C_SharedControl,2,62,0,0,0.8288853168487549,True,False,False,ABSTAIN,6.499,4.5
Policy_C_SharedControl,2,63,0,0,0.9263721108436584,False,True,False,GRASP_OPEN,6.499,4.5
Policy_C_SharedControl,2,64,1,0,0.9727612733840942,False,False,True,GRASP_OPEN,6.287,4.5
Policy_C_SharedControl,2,65,0,1,0.7423763275146484,True,False,False,ABSTAIN,6.545,4.5
Policy_C_SharedControl,2,66,0,0,0.8623279929161072,False,True,False,GRASP_OPEN,5.605,4.5
Policy_C_SharedControl,2,67,1,0,0.9276756048202515,False,False,True,GRASP_OPEN,6.296,4.5
Policy_C_SharedControl,2,68,0,0,0.7592023015022278,True,False,False,ABSTAIN,5.532,4.5
Policy_C_SharedControl,2,69,0,0,0.804050087928772,True,False,False,ABSTAIN,5.587,4.5
Policy_C_SharedControl,2,70,0,0,0.6352972984313965,True,False,False,ABSTAIN,5.588,4.5
Policy_C_SharedControl,2,71,0,0,0.7131425142288208,True,False,False,ABSTAIN,6.355,4.5
Policy_C_SharedControl,2,72,1,0,0.9156436324119568,False,False,True,GRASP_OPEN,6.645,4.5
Policy_C_SharedControl,2,73,1,0,0.7974026203155518,True,False,False,ABSTAIN,6.5,4.5
Policy_C_SharedControl,2,74,1,1,0.6717635989189148,True,False,False,ABSTAIN,6.258,4.5
Policy_C_SharedControl,2,75,1,0,0.5236533880233765,True,False,False,ABSTAIN,6.247,4.5
Policy_C_SharedControl,2,76,1,0,0.6371119022369385,True,False,False,ABSTAIN,6.404,4.5
Policy_C_SharedControl,2,77,0,0,0.5678903460502625,True,False,False,ABSTAIN,6.5,4.5
Policy_C_SharedControl,2,78,1,0,0.6038263440132141,True,False,False,ABSTAIN,6.629,4.5
Policy_C_SharedControl,2,79,1,1,0.9250360727310181,False,True,False,GRASP_CLOSE,6.43,4.5
Policy_C_SharedControl,2,80,0,0,0.8946820497512817,False,True,False,GRASP_OPEN,5.664,4.5
Policy_C_SharedControl,2,81,0,0,0.8938720226287842,False,True,False,GRASP_OPEN,5.961,4.5
Policy_C_SharedControl,2,82,0,1,0.5048107504844666,True,False,False,ABSTAIN,5.79,4.5
Policy_C_SharedControl,2,83,0,1,0.5240116715431213,True,False,False,ABSTAIN,5.698,4.5
Policy_C_SharedControl,2,84,0,1,0.7231975197792053,True,False,False,ABSTAIN,5.764,4.5
Policy_C_SharedControl,2,85,0,1,0.765552818775177,True,False,False,ABSTAIN,6.225,4.5
Policy_C_SharedControl,2,86,0,1,0.6710928678512573,True,False,False,ABSTAIN,6.196,4.5
Policy_C_SharedControl,2,87,1,0,0.5228415131568909,True,False,False,ABSTAIN,5.817,4.5
Policy_C_SharedControl,2,88,0,0,0.8713831901550293,False,True,False,GRASP_OPEN,5.712,4.5
Policy_C_SharedControl,2,89,1,0,0.6866816878318787,True,False,False,ABSTAIN,5.665,4.5
Policy_C_SharedControl,2,90,0,1,0.9265552759170532,False,False,True,GRASP_CLOSE,5.755,4.5
Policy_C_SharedControl,2,91,1,0,0.8171594142913818,True,False,False,ABSTAIN,6.573,4.5
Policy_C_SharedControl,2,92,1,0,0.721250593662262,True,False,False,ABSTAIN,5.594,4.5
Policy_C_SharedControl,2,93,0,0,0.687729001045227,True,False,False,ABSTAIN,6.297,4.5
Policy_C_SharedControl,2,94,0,0,0.5144942998886108,True,False,False,ABSTAIN,6.353,4.5
Policy_C_SharedControl,2,95,1,0,0.7964332103729248,True,False,False,ABSTAIN,6.628,4.5
Policy_C_SharedControl,2,96,1,0,0.9461275339126587,False,False,True,GRASP_OPEN,6.359,4.5
Policy_C_SharedControl,2,97,1,0,0.706166684627533,True,False,False,ABSTAIN,5.767,4.5
Policy_C_SharedControl,2,98,1,0,0.693696916103363,True,False,False,ABSTAIN,6.284,4.5
Policy_C_SharedControl,2,99,0,0,0.8569531440734863,False,True,False,GRASP_OPEN,5.513,4.5
Policy_C_SharedControl,2,100,0,0,0.799172580242157,True,False,False,ABSTAIN,5.761,4.5
Policy_C_SharedControl,2,101,0,0,0.8450416326522827,False,True,False,GRASP_OPEN,5.734,4.5
Policy_C_SharedControl,2,102,0,1,0.8739877939224243,False,False,True,GRASP_CLOSE,5.806,4.5
Policy_C_SharedControl,2,103,1,0,0.896007239818573,False,False,True,GRASP_OPEN,5.687,4.5
Policy_C_SharedControl,2,104,0,1,0.9724190831184387,False,False,True,GRASP_CLOSE,6.343,4.5
Policy_C_SharedControl,2,105,0,0,0.9392674565315247,False,True,False,GRASP_OPEN,5.531,4.5
Policy_C_SharedControl,2,106,1,0,0.7271431684494019,True,False,False,ABSTAIN,5.843,4.5
Policy_C_SharedControl,2,107,1,0,0.5769348740577698,True,False,False,ABSTAIN,5.573,4.5
Policy_C_SharedControl,2,108,0,0,0.6705493330955505,True,False,False,ABSTAIN,5.996,4.5
Policy_C_SharedControl,2,109,0,0,0.9549486637115479,False,True,False,GRASP_OPEN,6.946,4.5
Policy_C_SharedControl,2,110,1,0,0.9871194362640381,False,False,True,GRASP_OPEN,6.586,4.5
Policy_C_SharedControl,2,111,1,1,0.7536129355430603,True,False,False,ABSTAIN,5.711,4.5
Policy_C_SharedControl,2,112,1,1,0.9833270907402039,False,True,False,GRASP_CLOSE,5.701,4.5
Policy_C_SharedControl,2,113,1,1,0.5831977128982544,True,False,False,ABSTAIN,6.288,4.5
Policy_C_SharedControl,2,114,1,1,0.781251847743988,True,False,False,ABSTAIN,6.373,4.5
Policy_C_SharedControl,2,115,1,1,0.960258424282074,False,True,False,GRASP_CLOSE,6.296,4.5
Policy_C_SharedControl,2,116,1,0,0.5348068475723267,True,False,False,ABSTAIN,6.267,4.5
Policy_C_SharedControl,2,117,0,1,0.943834662437439,False,False,True,GRASP_CLOSE,6.298,4.5
Policy_C_SharedControl,2,118,1,1,0.5948134064674377,True,False,False,ABSTAIN,5.568,4.5
Policy_C_SharedControl,2,119,1,0,0.7433550357818604,True,False,False,ABSTAIN,6.407,4.5
Policy_C_SharedControl,2,120,0,0,0.8480677008628845,False,True,False,GRASP_OPEN,5.848,4.5
Policy_C_SharedControl,2,121,1,0,0.6880518198013306,True,False,False,ABSTAIN,5.895,4.5
Policy_C_SharedControl,2,122,0,1,0.8059062957763672,True,False,False,ABSTAIN,5.696,4.5
Policy_C_SharedControl,2,123,1,0,0.9510371685028076,False,False,True,GRASP_OPEN,6.786,4.5
Policy_C_SharedControl,2,124,1,1,0.6929401159286499,True,False,False,ABSTAIN,9.673,4.5
Policy_C_SharedControl,2,125,0,0,0.7196428179740906,True,False,False,ABSTAIN,6.067,4.5
Policy_C_SharedControl,2,126,1,0,0.9659832119941711,False,False,True,GRASP_OPEN,5.347,4.5
Policy_C_SharedControl,2,127,0,1,0.6632629632949829,True,False,False,ABSTAIN,6.115,4.5
Policy_C_SharedControl,2,128,1,0,0.7635136842727661,True,False,False,ABSTAIN,6.397,4.5
Policy_C_SharedControl,2,129,1,0,0.8157687783241272,True,False,False,ABSTAIN,5.545,4.5
Policy_C_SharedControl,2,130,1,1,0.9319952726364136,False,True,False,GRASP_CLOSE,5.813,4.5
Policy_C_SharedControl,2,131,0,1,0.6349634528160095,True,False,False,ABSTAIN,5.847,4.5
Policy_C_SharedControl,2,132,1,0,0.9849929809570312,False,False,True,GRASP_OPEN,6.321,4.5
Policy_C_SharedControl,2,133,0,1,0.9908661246299744,False,False,True,GRASP_CLOSE,5.616,4.5
Policy_C_SharedControl,2,134,0,1,0.9636837840080261,False,False,True,GRASP_CLOSE,5.803,4.5
Policy_C_SharedControl,2,135,0,1,0.7258430123329163,True,False,False,ABSTAIN,5.602,4.5
Policy_C_SharedControl,2,136,1,1,0.5326021909713745,True,False,False,ABSTAIN,6.109,4.5
Policy_C_SharedControl,2,137,0,0,0.853678286075592,False,True,False,GRASP_OPEN,6.295,4.5
Policy_C_SharedControl,2,138,0,1,0.8133926391601562,True,False,False,ABSTAIN,6.384,4.5
Policy_C_SharedControl,2,139,0,0,0.6243669390678406,True,False,False,ABSTAIN,5.554,4.5
Policy_C_SharedControl,2,140,0,1,0.7410751581192017,True,False,False,ABSTAIN,5.491,4.5
Policy_C_SharedControl,2,141,1,1,0.9418919086456299,False,True,False,GRASP_CLOSE,6.559,4.5
Policy_C_SharedControl,2,142,1,1,0.8786232471466064,False,True,False,GRASP_CLOSE,6.28,4.5
Policy_C_SharedControl,2,143,1,0,0.6933838725090027,True,False,False,ABSTAIN,5.611,4.5
Policy_C_SharedControl,2,144,0,0,0.6915285587310791,True,False,False,ABSTAIN,5.933,4.5
Policy_C_SharedControl,2,145,0,1,0.9289993643760681,False,False,True,GRASP_CLOSE,5.649,4.5
Policy_C_SharedControl,2,146,0,1,0.9252594113349915,False,False,True,GRASP_CLOSE,5.932,4.5
Policy_C_SharedControl,2,147,1,0,0.8431864380836487,False,False,True,GRASP_OPEN,6.453,4.5
Policy_C_SharedControl,2,148,0,0,0.5668833255767822,True,False,False,ABSTAIN,6.513,4.5
Policy_C_SharedControl,2,149,1,1,0.6481360793113708,True,False,False,ABSTAIN,6.55,4.5
Policy_C_SharedControl,2,150,1,1,0.9598289132118225,False,True,False,GRASP_CLOSE,6.461,4.5
Policy_C_SharedControl,2,151,1,1,0.8923975229263306,False,True,False,GRASP_CLOSE,6.277,4.5
Policy_C_SharedControl,2,152,1,0,0.7967050075531006,True,False,False,ABSTAIN,6.631,4.5
Policy_C_SharedControl,2,153,0,0,0.5135786533355713,True,False,False,ABSTAIN,6.352,4.5
Policy_C_SharedControl,2,154,1,0,0.5529481768608093,True,False,False,ABSTAIN,6.43,4.5
Policy_C_SharedControl,2,155,0,1,0.8663531541824341,False,False,True,GRASP_CLOSE,5.862,4.5
Policy_C_SharedControl,2,156,0,1,0.9283375144004822,False,False,True,GRASP_CLOSE,6.566,4.5
Policy_C_SharedControl,2,157,1,1,0.6250581741333008,True,False,False,ABSTAIN,6.326,4.5
Policy_C_SharedControl,2,158,1,1,0.5142633318901062,True,False,False,ABSTAIN,6.23,4.5
Policy_C_SharedControl,2,159,0,1,0.501549243927002,True,False,False,ABSTAIN,6.567,4.5
Policy_C_SharedControl,2,160,0,0,0.5406985878944397,True,False,False,ABSTAIN,5.796,4.5
Policy_A_Direct,3,1,1,1,0.9048913717269897,False,True,False,CLASS_1,153.796,4.5
Policy_A_Direct,3,2,0,1,0.7672532200813293,False,False,True,CLASS_1,1.807,4.5
Policy_A_Direct,3,3,1,1,0.5318427681922913,False,True,False,CLASS_1,1.788,4.5
Policy_A_Direct,3,4,0,1,0.6425226926803589,False,False,True,CLASS_1,1.83,4.5
Policy_A_Direct,3,5,0,1,0.7102980017662048,False,False,True,CLASS_1,1.788,4.5
Policy_A_Direct,3,6,0,0,0.5708880424499512,False,True,False,CLASS_0,1.763,4.5
Policy_A_Direct,3,7,1,1,0.9354636073112488,False,True,False,CLASS_1,1.689,4.5
Policy_A_Direct,3,8,0,1,0.568354606628418,False,False,True,CLASS_1,1.683,4.5
Policy_A_Direct,3,9,0,1,0.8380005359649658,False,False,True,CLASS_1,1.683,4.5
Policy_A_Direct,3,10,0,1,0.961943507194519,False,False,True,CLASS_1,1.696,4.5
Policy_A_Direct,3,11,1,0,0.7543215751647949,False,False,True,CLASS_0,1.646,4.5
Policy_A_Direct,3,12,0,1,0.667169988155365,False,False,True,CLASS_1,1.688,4.5
Policy_A_Direct,3,13,1,0,0.6454907655715942,False,False,True,CLASS_0,1.671,4.5
Policy_A_Direct,3,14,0,1,0.8892572522163391,False,False,True,CLASS_1,1.654,4.5
Policy_A_Direct,3,15,1,1,0.6518992185592651,False,True,False,CLASS_1,1.677,4.5
Policy_A_Direct,3,16,0,1,0.648690938949585,False,False,True,CLASS_1,1.659,4.5
Policy_A_Direct,3,17,0,0,0.8146307468414307,False,True,False,CLASS_0,1.684,4.5
Policy_A_Direct,3,18,0,0,0.6605470776557922,False,True,False,CLASS_0,1.675,4.5
Policy_A_Direct,3,19,0,1,0.8871296048164368,False,False,True,CLASS_1,1.719,4.5
Policy_A_Direct,3,20,0,1,0.9356591105461121,False,False,True,CLASS_1,1.687,4.5
Policy_A_Direct,3,21,1,0,0.5110872983932495,False,False,True,CLASS_0,1.701,4.5
Policy_A_Direct,3,22,1,1,0.79576575756073,False,True,False,CLASS_1,1.665,4.5
Policy_A_Direct,3,23,1,1,0.7838062047958374,False,True,False,CLASS_1,1.671,4.5
Policy_A_Direct,3,24,0,1,0.8789194822311401,False,False,True,CLASS_1,1.757,4.5
Policy_A_Direct,3,25,1,0,0.822858452796936,False,False,True,CLASS_0,1.768,4.5
Policy_A_Direct,3,26,1,1,0.8575114011764526,False,True,False,CLASS_1,1.737,4.5
Policy_A_Direct,3,27,1,0,0.9137662649154663,False,False,True,CLASS_0,1.751,4.5
Policy_A_Direct,3,28,1,1,0.7658429145812988,False,True,False,CLASS_1,1.696,4.5
Policy_A_Direct,3,29,0,1,0.815424382686615,False,False,True,CLASS_1,1.756,4.5
Policy_A_Direct,3,30,1,1,0.7276018857955933,False,True,False,CLASS_1,1.766,4.5
Policy_A_Direct,3,31,1,1,0.7990304231643677,False,True,False,CLASS_1,1.7,4.5
Policy_A_Direct,3,32,1,0,0.6161926984786987,False,False,True,CLASS_0,1.714,4.5
Policy_A_Direct,3,33,0,1,0.8248105049133301,False,False,True,CLASS_1,1.668,4.5
Policy_A_Direct,3,34,0,1,0.8526644110679626,False,False,True,CLASS_1,1.791,4.5
Policy_A_Direct,3,35,1,0,0.785291314125061,False,False,True,CLASS_0,1.744,4.5
Policy_A_Direct,3,36,1,1,0.9462788701057434,False,True,False,CLASS_1,1.716,4.5
Policy_A_Direct,3,37,0,1,0.7239586710929871,False,False,True,CLASS_1,1.694,4.5
Policy_A_Direct,3,38,1,1,0.7918527722358704,False,True,False,CLASS_1,1.677,4.5
Policy_A_Direct,3,39,0,1,0.7806496024131775,False,False,True,CLASS_1,1.656,4.5
Policy_A_Direct,3,40,1,1,0.9539609551429749,False,True,False,CLASS_1,1.67,4.5
Policy_A_Direct,3,41,1,1,0.6357131004333496,False,True,False,CLASS_1,1.662,4.5
Policy_A_Direct,3,42,0,1,0.750449538230896,False,False,True,CLASS_1,1.684,4.5
Policy_A_Direct,3,43,0,0,0.7284759879112244,False,True,False,CLASS_0,1.667,4.5
Policy_A_Direct,3,44,1,1,0.5026776194572449,False,True,False,CLASS_1,1.656,4.5
Policy_A_Direct,3,45,0,1,0.6208966374397278,False,False,True,CLASS_1,1.68,4.5
Policy_A_Direct,3,46,0,1,0.9116833209991455,False,False,True,CLASS_1,1.701,4.5
Policy_A_Direct,3,47,0,0,0.7885047793388367,False,True,False,CLASS_0,1.662,4.5
Policy_A_Direct,3,48,1,1,0.967979371547699,False,True,False,CLASS_1,1.662,4.5
Policy_A_Direct,3,49,0,1,0.810500979423523,False,False,True,CLASS_1,1.676,4.5
Policy_A_Direct,3,50,0,1,0.7151312232017517,False,False,True,CLASS_1,1.659,4.5
Policy_A_Direct,3,51,1,1,0.9414596557617188,False,True,False,CLASS_1,1.711,4.5
Policy_A_Direct,3,52,1,1,0.7187376022338867,False,True,False,CLASS_1,1.73,4.5
Policy_A_Direct,3,53,1,1,0.8984315991401672,False,True,False,CLASS_1,1.704,4.5
Policy_A_Direct,3,54,0,1,0.8414794206619263,False,False,True,CLASS_1,1.77,4.5
Policy_A_Direct,3,55,1,0,0.5427882671356201,False,False,True,CLASS_0,1.783,4.5
Policy_A_Direct,3,56,1,0,0.5959933996200562,False,False,True,CLASS_0,1.656,4.5
Policy_A_Direct,3,57,1,1,0.8741118311882019,False,True,False,CLASS_1,1.752,4.5
Policy_A_Direct,3,58,0,1,0.7140751481056213,False,False,True,CLASS_1,1.675,4.5
Policy_A_Direct,3,59,1,1,0.7507330179214478,False,True,False,CLASS_1,1.754,4.5
Policy_A_Direct,3,60,0,1,0.8226446509361267,False,False,True,CLASS_1,1.77,4.5
Policy_A_Direct,3,61,1,1,0.8824105858802795,False,True,False,CLASS_1,1.816,4.5
Policy_A_Direct,3,62,0,1,0.9321865439414978,False,False,True,CLASS_1,1.736,4.5
Policy_A_Direct,3,63,1,0,0.7060789465904236,False,False,True,CLASS_0,1.805,4.5
Policy_A_Direct,3,64,1,0,0.5331904292106628,False,False,True,CLASS_0,1.801,4.5
Policy_A_Direct,3,65,1,1,0.7314307689666748,False,True,False,CLASS_1,1.835,4.5
Policy_A_Direct,3,66,0,1,0.5550887584686279,False,False,True,CLASS_1,1.789,4.5
Policy_A_Direct,3,67,0,0,0.6979420185089111,False,True,False,CLASS_0,1.852,4.5
Policy_A_Direct,3,68,0,0,0.5969910621643066,False,True,False,CLASS_0,1.865,4.5
Policy_A_Direct,3,69,0,1,0.6786470413208008,False,False,True,CLASS_1,1.868,4.5
Policy_A_Direct,3,70,0,1,0.921669065952301,False,False,True,CLASS_1,1.928,4.5
Policy_A_Direct,3,71,1,1,0.8778579831123352,False,True,False,CLASS_1,1.885,4.5
Policy_A_Direct,3,72,1,1,0.8081396222114563,False,True,False,CLASS_1,1.981,4.5
Policy_A_Direct,3,73,1,0,0.5241899490356445,False,False,True,CLASS_0,1.81,4.5
Policy_A_Direct,3,74,0,1,0.5445117950439453,False,False,True,CLASS_1,1.873,4.5
Policy_A_Direct,3,75,0,0,0.7962997555732727,False,True,False,CLASS_0,1.796,4.5
Policy_A_Direct,3,76,1,0,0.939153790473938,False,False,True,CLASS_0,1.837,4.5
Policy_A_Direct,3,77,1,0,0.7007949352264404,False,False,True,CLASS_0,1.946,4.5
Policy_A_Direct,3,78,0,0,0.5475683212280273,False,True,False,CLASS_0,1.916,4.5
Policy_A_Direct,3,79,0,1,0.8498367667198181,False,False,True,CLASS_1,1.991,4.5
Policy_A_Direct,3,80,1,1,0.9775480031967163,False,True,False,CLASS_1,1.915,4.5
Policy_A_Direct,3,81,1,1,0.8569197654724121,False,True,False,CLASS_1,2.01,4.5
Policy_A_Direct,3,82,1,1,0.8288150429725647,False,True,False,CLASS_1,1.954,4.5
Policy_A_Direct,3,83,1,1,0.6842299699783325,False,True,False,CLASS_1,1.98,4.5
Policy_A_Direct,3,84,0,1,0.8523572087287903,False,False,True,CLASS_1,2.023,4.5
Policy_A_Direct,3,85,1,0,0.930786669254303,False,False,True,CLASS_0,2.008,4.5
Policy_A_Direct,3,86,0,1,0.6096042394638062,False,False,True,CLASS_1,1.996,4.5
Policy_A_Direct,3,87,0,0,0.6077069640159607,False,True,False,CLASS_0,1.993,4.5
Policy_A_Direct,3,88,1,1,0.9319263100624084,False,True,False,CLASS_1,1.971,4.5
Policy_A_Direct,3,89,1,1,0.5732048153877258,False,True,False,CLASS_1,1.984,4.5
Policy_A_Direct,3,90,0,1,0.645180881023407,False,False,True,CLASS_1,2.018,4.5
Policy_A_Direct,3,91,0,1,0.7956258654594421,False,False,True,CLASS_1,2.007,4.5
Policy_A_Direct,3,92,0,0,0.8343789577484131,False,True,False,CLASS_0,2.059,4.5
Policy_A_Direct,3,93,0,1,0.9424073100090027,False,False,True,CLASS_1,2.151,4.5
Policy_A_Direct,3,94,0,1,0.7720502018928528,False,False,True,CLASS_1,2.151,4.5
Policy_A_Direct,3,95,0,1,0.8306317329406738,False,False,True,CLASS_1,2.136,4.5
Policy_A_Direct,3,96,0,1,0.8781863451004028,False,False,True,CLASS_1,2.092,4.5
Policy_A_Direct,3,97,1,1,0.9624686241149902,False,True,False,CLASS_1,2.229,4.5
Policy_A_Direct,3,98,1,1,0.7826424837112427,False,True,False,CLASS_1,2.108,4.5
Policy_A_Direct,3,99,1,1,0.8046433329582214,False,True,False,CLASS_1,2.147,4.5
Policy_A_Direct,3,100,1,0,0.681205689907074,False,False,True,CLASS_0,2.347,4.5
Policy_A_Direct,3,101,1,1,0.9359733462333679,False,True,False,CLASS_1,2.654,4.5
Policy_A_Direct,3,102,0,1,0.7164881825447083,False,False,True,CLASS_1,2.267,4.5
Policy_A_Direct,3,103,0,1,0.8736240267753601,False,False,True,CLASS_1,2.372,4.5
Policy_A_Direct,3,104,1,1,0.7316485643386841,False,True,False,CLASS_1,2.465,4.5
Policy_A_Direct,3,105,0,0,0.5802452564239502,False,True,False,CLASS_0,2.373,4.5
Policy_A_Direct,3,106,0,1,0.8195754289627075,False,False,True,CLASS_1,3.427,4.5
Policy_A_Direct,3,107,1,1,0.6614172458648682,False,True,False,CLASS_1,3.267,4.5
Policy_A_Direct,3,108,0,1,0.9740610718727112,False,False,True,CLASS_1,3.031,4.5
Policy_A_Direct,3,109,0,1,0.8492510318756104,False,False,True,CLASS_1,2.873,4.5
Policy_A_Direct,3,110,0,1,0.5073657631874084,False,False,True,CLASS_1,2.927,4.5
Policy_A_Direct,3,111,0,1,0.9742208123207092,False,False,True,CLASS_1,3.276,4.5
Policy_A_Direct,3,112,1,1,0.7397135496139526,False,True,False,CLASS_1,4.455,4.5
Policy_A_Direct,3,113,1,0,0.5642728805541992,False,False,True,CLASS_0,4.569,4.5
Policy_A_Direct,3,114,1,0,0.6498938798904419,False,False,True,CLASS_0,4.658,4.5
Policy_A_Direct,3,115,1,0,0.6840089559555054,False,False,True,CLASS_0,5.536,4.5
Policy_A_Direct,3,116,1,1,0.9361218214035034,False,True,False,CLASS_1,5.485,4.5
Policy_A_Direct,3,117,0,0,0.5625545978546143,False,True,False,CLASS_0,4.119,4.5
Policy_A_Direct,3,118,1,1,0.7238529920578003,False,True,False,CLASS_1,3.247,4.5
Policy_A_Direct,3,119,1,1,0.8544832468032837,False,True,False,CLASS_1,2.968,4.5
Policy_A_Direct,3,120,0,0,0.6597656011581421,False,True,False,CLASS_0,2.749,4.5
Policy_A_Direct,3,121,0,1,0.9243281483650208,False,False,True,CLASS_1,2.872,4.5
Policy_A_Direct,3,122,0,1,0.7470189929008484,False,False,True,CLASS_1,2.745,4.5
Policy_A_Direct,3,123,0,1,0.5508652329444885,False,False,True,CLASS_1,4.761,4.5
Policy_A_Direct,3,124,0,0,0.5235207080841064,False,True,False,CLASS_0,4.61,4.5
Policy_A_Direct,3,125,0,1,0.7210269570350647,False,False,True,CLASS_1,4.699,4.5
Policy_A_Direct,3,126,0,0,0.5896241068840027,False,True,False,CLASS_0,4.649,4.5
Policy_A_Direct,3,127,1,1,0.8476929068565369,False,True,False,CLASS_1,5.244,4.5
Policy_A_Direct,3,128,0,1,0.5646718740463257,False,False,True,CLASS_1,4.625,4.5
Policy_A_Direct,3,129,1,1,0.8467737436294556,False,True,False,CLASS_1,3.388,4.5
Policy_A_Direct,3,130,0,1,0.5958160161972046,False,False,True,CLASS_1,2.989,4.5
Policy_A_Direct,3,131,1,1,0.7343785762786865,False,True,False,CLASS_1,2.882,4.5
Policy_A_Direct,3,132,1,1,0.6539851427078247,False,True,False,CLASS_1,2.826,4.5
Policy_A_Direct,3,133,0,1,0.6621160507202148,False,False,True,CLASS_1,3.029,4.5
Policy_A_Direct,3,134,0,1,0.5973301529884338,False,False,True,CLASS_1,2.978,4.5
Policy_A_Direct,3,135,1,1,0.8098969459533691,False,True,False,CLASS_1,2.806,4.5
Policy_A_Direct,3,136,1,1,0.9273380041122437,False,True,False,CLASS_1,2.735,4.5
Policy_A_Direct,3,137,1,0,0.6403722167015076,False,False,True,CLASS_0,2.8,4.5
Policy_A_Direct,3,138,1,1,0.7693601250648499,False,True,False,CLASS_1,2.824,4.5
Policy_A_Direct,3,139,0,0,0.5798410177230835,False,True,False,CLASS_0,2.784,4.5
Policy_A_Direct,3,140,0,1,0.8673630356788635,False,False,True,CLASS_1,2.813,4.5
Policy_A_Direct,3,141,0,0,0.8895488977432251,False,True,False,CLASS_0,2.856,4.5
Policy_A_Direct,3,142,0,1,0.7218276262283325,False,False,True,CLASS_1,2.845,4.5
Policy_A_Direct,3,143,1,0,0.6575607061386108,False,False,True,CLASS_0,2.77,4.5
Policy_A_Direct,3,144,0,1,0.779548168182373,False,False,True,CLASS_1,2.746,4.5
Policy_A_Direct,3,145,0,0,0.705194890499115,False,True,False,CLASS_0,2.768,4.5
Policy_A_Direct,3,146,1,1,0.6939353346824646,False,True,False,CLASS_1,2.915,4.5
Policy_A_Direct,3,147,1,1,0.7431361079216003,False,True,False,CLASS_1,2.785,4.5
Policy_A_Direct,3,148,0,1,0.7137803435325623,False,False,True,CLASS_1,2.882,4.5
Policy_A_Direct,3,149,0,0,0.5382780432701111,False,True,False,CLASS_0,2.782,4.5
Policy_A_Direct,3,150,1,1,0.8480411171913147,False,True,False,CLASS_1,2.768,4.5
Policy_A_Direct,3,151,1,1,0.6236301064491272,False,True,False,CLASS_1,2.796,4.5
Policy_A_Direct,3,152,1,1,0.6447691917419434,False,True,False,CLASS_1,2.927,4.5
Policy_A_Direct,3,153,1,1,0.9024984240531921,False,True,False,CLASS_1,2.88,4.5
Policy_A_Direct,3,154,1,1,0.5329961180686951,False,True,False,CLASS_1,2.802,4.5
Policy_A_Direct,3,155,1,1,0.7412108778953552,False,True,False,CLASS_1,2.786,4.5
Policy_A_Direct,3,156,1,1,0.8504224419593811,False,True,False,CLASS_1,2.794,4.5
Policy_A_Direct,3,157,0,0,0.5013152956962585,False,True,False,CLASS_0,2.772,4.5
Policy_A_Direct,3,158,1,1,0.6064425110816956,False,True,False,CLASS_1,2.896,4.5
Policy_A_Direct,3,159,1,1,0.85794597864151,False,True,False,CLASS_1,2.688,4.5
Policy_A_Direct,3,160,0,1,0.94007408618927,False,False,True,CLASS_1,2.589,4.5
Policy_B_ConfidenceGated,3,1,1,1,0.9048913717269897,False,True,False,CLASS_1,3.199,4.5
Policy_B_ConfidenceGated,3,2,0,1,0.7672532200813293,True,False,False,ABSTAIN,2.888,4.5
Policy_B_ConfidenceGated,3,3,1,1,0.5318427681922913,True,False,False,ABSTAIN,2.706,4.5
Policy_B_ConfidenceGated,3,4,0,1,0.6425226926803589,True,False,False,ABSTAIN,2.693,4.5
Policy_B_ConfidenceGated,3,5,0,1,0.7102980017662048,True,False,False,ABSTAIN,2.677,4.5
Policy_B_ConfidenceGated,3,6,0,0,0.5708880424499512,True,False,False,ABSTAIN,2.668,4.5
Policy_B_ConfidenceGated,3,7,1,1,0.9354636073112488,False,True,False,CLASS_1,2.745,4.5
Policy_B_ConfidenceGated,3,8,0,1,0.568354606628418,True,False,False,ABSTAIN,2.741,4.5
Policy_B_ConfidenceGated,3,9,0,1,0.8380005359649658,False,False,True,CLASS_1,2.741,4.5
Policy_B_ConfidenceGated,3,10,0,1,0.961943507194519,False,False,True,CLASS_1,2.642,4.5
Policy_B_ConfidenceGated,3,11,1,0,0.7543215751647949,True,False,False,ABSTAIN,2.737,4.5
Policy_B_ConfidenceGated,3,12,0,1,0.667169988155365,True,False,False,ABSTAIN,2.663,4.5
Policy_B_ConfidenceGated,3,13,1,0,0.6454907655715942,True,False,False,ABSTAIN,2.59,4.5
Policy_B_ConfidenceGated,3,14,0,1,0.8892572522163391,False,False,True,CLASS_1,2.652,4.5
Policy_B_ConfidenceGated,3,15,1,1,0.6518992185592651,True,False,False,ABSTAIN,2.669,4.5
Policy_B_ConfidenceGated,3,16,0,1,0.648690938949585,True,False,False,ABSTAIN,2.688,4.5
Policy_B_ConfidenceGated,3,17,0,0,0.8146307468414307,True,False,False,ABSTAIN,2.599,4.5
Policy_B_ConfidenceGated,3,18,0,0,0.6605470776557922,True,False,False,ABSTAIN,2.676,4.5
Policy_B_ConfidenceGated,3,19,0,1,0.8871296048164368,False,False,True,CLASS_1,3.166,4.5
Policy_B_ConfidenceGated,3,20,0,1,0.9356591105461121,False,False,True,CLASS_1,2.95,4.5
Policy_B_ConfidenceGated,3,21,1,0,0.5110872983932495,True,False,False,ABSTAIN,5.407,4.5
Policy_B_ConfidenceGated,3,22,1,1,0.79576575756073,True,False,False,ABSTAIN,2.756,4.5
Policy_B_ConfidenceGated,3,23,1,1,0.7838062047958374,True,False,False,ABSTAIN,2.609,4.5
Policy_B_ConfidenceGated,3,24,0,1,0.8789194822311401,False,False,True,CLASS_1,2.803,4.5
Policy_B_ConfidenceGated,3,25,1,0,0.822858452796936,True,False,False,ABSTAIN,2.742,4.5
Policy_B_ConfidenceGated,3,26,1,1,0.8575114011764526,False,True,False,CLASS_1,2.783,4.5
Policy_B_ConfidenceGated,3,27,1,0,0.9137662649154663,False,False,True,CLASS_0,2.729,4.5
Policy_B_ConfidenceGated,3,28,1,1,0.7658429145812988,True,False,False,ABSTAIN,2.858,4.5
Policy_B_ConfidenceGated,3,29,0,1,0.815424382686615,True,False,False,ABSTAIN,2.837,4.5
Policy_B_ConfidenceGated,3,30,1,1,0.7276018857955933,True,False,False,ABSTAIN,2.593,4.5
Policy_B_ConfidenceGated,3,31,1,1,0.7990304231643677,True,False,False,ABSTAIN,2.434,4.5
Policy_B_ConfidenceGated,3,32,1,0,0.6161926984786987,True,False,False,ABSTAIN,2.583,4.5
Policy_B_ConfidenceGated,3,33,0,1,0.8248105049133301,True,False,False,ABSTAIN,2.45,4.5
Policy_B_ConfidenceGated,3,34,0,1,0.8526644110679626,False,False,True,CLASS_1,2.397,4.5
Policy_B_ConfidenceGated,3,35,1,0,0.785291314125061,True,False,False,ABSTAIN,2.439,4.5
Policy_B_ConfidenceGated,3,36,1,1,0.9462788701057434,False,True,False,CLASS_1,2.414,4.5
Policy_B_ConfidenceGated,3,37,0,1,0.7239586710929871,True,False,False,ABSTAIN,2.442,4.5
Policy_B_ConfidenceGated,3,38,1,1,0.7918527722358704,True,False,False,ABSTAIN,3.499,4.5
Policy_B_ConfidenceGated,3,39,0,1,0.7806496024131775,True,False,False,ABSTAIN,2.576,4.5
Policy_B_ConfidenceGated,3,40,1,1,0.9539609551429749,False,True,False,CLASS_1,2.521,4.5
Policy_B_ConfidenceGated,3,41,1,1,0.6357131004333496,True,False,False,ABSTAIN,2.535,4.5
Policy_B_ConfidenceGated,3,42,0,1,0.750449538230896,True,False,False,ABSTAIN,2.451,4.5
Policy_B_ConfidenceGated,3,43,0,0,0.7284759879112244,True,False,False,ABSTAIN,2.581,4.5
Policy_B_ConfidenceGated,3,44,1,1,0.5026776194572449,True,False,False,ABSTAIN,2.531,4.5
Policy_B_ConfidenceGated,3,45,0,1,0.6208966374397278,True,False,False,ABSTAIN,2.643,4.5
Policy_B_ConfidenceGated,3,46,0,1,0.9116833209991455,False,False,True,CLASS_1,2.445,4.5
Policy_B_ConfidenceGated,3,47,0,0,0.7885047793388367,True,False,False,ABSTAIN,2.645,4.5
Policy_B_ConfidenceGated,3,48,1,1,0.967979371547699,False,True,False,CLASS_1,2.554,4.5
Policy_B_ConfidenceGated,3,49,0,1,0.810500979423523,True,False,False,ABSTAIN,2.504,4.5
Policy_B_ConfidenceGated,3,50,0,1,0.7151312232017517,True,False,False,ABSTAIN,2.522,4.5
Policy_B_ConfidenceGated,3,51,1,1,0.9414596557617188,False,True,False,CLASS_1,2.609,4.5
Policy_B_ConfidenceGated,3,52,1,1,0.7187376022338867,True,False,False,ABSTAIN,2.626,4.5
Policy_B_ConfidenceGated,3,53,1,1,0.8984315991401672,False,True,False,CLASS_1,2.624,4.5
Policy_B_ConfidenceGated,3,54,0,1,0.8414794206619263,False,False,True,CLASS_1,2.688,4.5
Policy_B_ConfidenceGated,3,55,1,0,0.5427882671356201,True,False,False,ABSTAIN,2.68,4.5
Policy_B_ConfidenceGated,3,56,1,0,0.5959933996200562,True,False,False,ABSTAIN,2.748,4.5
Policy_B_ConfidenceGated,3,57,1,1,0.8741118311882019,False,True,False,CLASS_1,2.821,4.5
Policy_B_ConfidenceGated,3,58,0,1,0.7140751481056213,True,False,False,ABSTAIN,2.668,4.5
Policy_B_ConfidenceGated,3,59,1,1,0.7507330179214478,True,False,False,ABSTAIN,2.73,4.5
Policy_B_ConfidenceGated,3,60,0,1,0.8226446509361267,True,False,False,ABSTAIN,2.594,4.5
Policy_B_ConfidenceGated,3,61,1,1,0.8824105858802795,False,True,False,CLASS_1,2.575,4.5
Policy_B_ConfidenceGated,3,62,0,1,0.9321865439414978,False,False,True,CLASS_1,2.583,4.5
Policy_B_ConfidenceGated,3,63,1,0,0.7060789465904236,True,False,False,ABSTAIN,2.623,4.5
Policy_B_ConfidenceGated,3,64,1,0,0.5331904292106628,True,False,False,ABSTAIN,2.628,4.5
Policy_B_ConfidenceGated,3,65,1,1,0.7314307689666748,True,False,False,ABSTAIN,2.727,4.5
Policy_B_ConfidenceGated,3,66,0,1,0.5550887584686279,True,False,False,ABSTAIN,2.68,4.5
Policy_B_ConfidenceGated,3,67,0,0,0.6979420185089111,True,False,False,ABSTAIN,2.642,4.5
Policy_B_ConfidenceGated,3,68,0,0,0.5969910621643066,True,False,False,ABSTAIN,2.585,4.5
Policy_B_ConfidenceGated,3,69,0,1,0.6786470413208008,True,False,False,ABSTAIN,2.618,4.5
Policy_B_ConfidenceGated,3,70,0,1,0.921669065952301,False,False,True,CLASS_1,2.69,4.5
Policy_B_ConfidenceGated,3,71,1,1,0.8778579831123352,False,True,False,CLASS_1,3.371,4.5
Policy_B_ConfidenceGated,3,72,1,1,0.8081396222114563,True,False,False,ABSTAIN,3.179,4.5
Policy_B_ConfidenceGated,3,73,1,0,0.5241899490356445,True,False,False,ABSTAIN,2.71,4.5
Policy_B_ConfidenceGated,3,74,0,1,0.5445117950439453,True,False,False,ABSTAIN,2.68,4.5
Policy_B_ConfidenceGated,3,75,0,0,0.7962997555732727,True,False,False,ABSTAIN,2.751,4.5
Policy_B_ConfidenceGated,3,76,1,0,0.939153790473938,False,False,True,CLASS_0,2.69,4.5
Policy_B_ConfidenceGated,3,77,1,0,0.7007949352264404,True,False,False,ABSTAIN,2.722,4.5
Policy_B_ConfidenceGated,3,78,0,0,0.5475683212280273,True,False,False,ABSTAIN,2.741,4.5
Policy_B_ConfidenceGated,3,79,0,1,0.8498367667198181,False,False,True,CLASS_1,2.758,4.5
Policy_B_ConfidenceGated,3,80,1,1,0.9775480031967163,False,True,False,CLASS_1,2.776,4.5
Policy_B_ConfidenceGated,3,81,1,1,0.8569197654724121,False,True,False,CLASS_1,2.696,4.5
Policy_B_ConfidenceGated,3,82,1,1,0.8288150429725647,True,False,False,ABSTAIN,2.709,4.5
Policy_B_ConfidenceGated,3,83,1,1,0.6842299699783325,True,False,False,ABSTAIN,2.592,4.5
Policy_B_ConfidenceGated,3,84,0,1,0.8523572087287903,False,False,True,CLASS_1,2.726,4.5
Policy_B_ConfidenceGated,3,85,1,0,0.930786669254303,False,False,True,CLASS_0,2.801,4.5
Policy_B_ConfidenceGated,3,86,0,1,0.6096042394638062,True,False,False,ABSTAIN,2.714,4.5
Policy_B_ConfidenceGated,3,87,0,0,0.6077069640159607,True,False,False,ABSTAIN,2.816,4.5
Policy_B_ConfidenceGated,3,88,1,1,0.9319263100624084,False,True,False,CLASS_1,3.019,4.5
Policy_B_ConfidenceGated,3,89,1,1,0.5732048153877258,True,False,False,ABSTAIN,2.865,4.5
Policy_B_ConfidenceGated,3,90,0,1,0.645180881023407,True,False,False,ABSTAIN,3.057,4.5
Policy_B_ConfidenceGated,3,91,0,1,0.7956258654594421,True,False,False,ABSTAIN,2.899,4.5
Policy_B_ConfidenceGated,3,92,0,0,0.8343789577484131,False,True,False,CLASS_0,2.956,4.5
Policy_B_ConfidenceGated,3,93,0,1,0.9424073100090027,False,False,True,CLASS_1,3.064,4.5
Policy_B_ConfidenceGated,3,94,0,1,0.7720502018928528,True,False,False,ABSTAIN,2.944,4.5
Policy_B_ConfidenceGated,3,95,0,1,0.8306317329406738,False,False,True,CLASS_1,3.025,4.5
Policy_B_ConfidenceGated,3,96,0,1,0.8781863451004028,False,False,True,CLASS_1,3.006,4.5
Policy_B_ConfidenceGated,3,97,1,1,0.9624686241149902,False,True,False,CLASS_1,3.091,4.5
Policy_B_ConfidenceGated,3,98,1,1,0.7826424837112427,True,False,False,ABSTAIN,3.049,4.5
Policy_B_ConfidenceGated,3,99,1,1,0.8046433329582214,True,False,False,ABSTAIN,3.255,4.5
Policy_B_ConfidenceGated,3,100,1,0,0.681205689907074,True,False,False,ABSTAIN,3.094,4.5
Policy_B_ConfidenceGated,3,101,1,1,0.9359733462333679,False,True,False,CLASS_1,3.296,4.5
Policy_B_ConfidenceGated,3,102,0,1,0.7164881825447083,True,False,False,ABSTAIN,3.459,4.5
Policy_B_ConfidenceGated,3,103,0,1,0.8736240267753601,False,False,True,CLASS_1,3.127,4.5
Policy_B_ConfidenceGated,3,104,1,1,0.7316485643386841,True,False,False,ABSTAIN,3.079,4.5
Policy_B_ConfidenceGated,3,105,0,0,0.5802452564239502,True,False,False,ABSTAIN,3.069,4.5
Policy_B_ConfidenceGated,3,106,0,1,0.8195754289627075,True,False,False,ABSTAIN,3.552,4.5
Policy_B_ConfidenceGated,3,107,1,1,0.6614172458648682,True,False,False,ABSTAIN,3.395,4.5
Policy_B_ConfidenceGated,3,108,0,1,0.9740610718727112,False,False,True,CLASS_1,3.326,4.5
Policy_B_ConfidenceGated,3,109,0,1,0.8492510318756104,False,False,True,CLASS_1,3.516,4.5
Policy_B_ConfidenceGated,3,110,0,1,0.5073657631874084,True,False,False,ABSTAIN,3.613,4.5
Policy_B_ConfidenceGated,3,111,0,1,0.9742208123207092,False,False,True,CLASS_1,3.984,4.5
Policy_B_ConfidenceGated,3,112,1,1,0.7397135496139526,True,False,False,ABSTAIN,4.17,4.5
Policy_B_ConfidenceGated,3,113,1,0,0.5642728805541992,True,False,False,ABSTAIN,5.955,4.5
Policy_B_ConfidenceGated,3,114,1,0,0.6498938798904419,True,False,False,ABSTAIN,4.242,4.5
Policy_B_ConfidenceGated,3,115,1,0,0.6840089559555054,True,False,False,ABSTAIN,4.266,4.5
Policy_B_ConfidenceGated,3,116,1,1,0.9361218214035034,False,True,False,CLASS_1,4.283,4.5
Policy_B_ConfidenceGated,3,117,0,0,0.5625545978546143,True,False,False,ABSTAIN,3.828,4.5
Policy_B_ConfidenceGated,3,118,1,1,0.7238529920578003,True,False,False,ABSTAIN,4.767,4.5
Policy_B_ConfidenceGated,3,119,1,1,0.8544832468032837,False,True,False,CLASS_1,5.012,4.5
Policy_B_ConfidenceGated,3,120,0,0,0.6597656011581421,True,False,False,ABSTAIN,4.977,4.5
Policy_B_ConfidenceGated,3,121,0,1,0.9243281483650208,False,False,True,CLASS_1,4.988,4.5
Policy_B_ConfidenceGated,3,122,0,1,0.7470189929008484,True,False,False,ABSTAIN,5.454,4.5
Policy_B_ConfidenceGated,3,123,0,1,0.5508652329444885,True,False,False,ABSTAIN,5.489,4.5
Policy_B_ConfidenceGated,3,124,0,0,0.5235207080841064,True,False,False,ABSTAIN,5.646,4.5
Policy_B_ConfidenceGated,3,125,0,1,0.7210269570350647,True,False,False,ABSTAIN,5.728,4.5
Policy_B_ConfidenceGated,3,126,0,0,0.5896241068840027,True,False,False,ABSTAIN,5.579,4.5
Policy_B_ConfidenceGated,3,127,1,1,0.8476929068565369,False,True,False,CLASS_1,6.325,4.5
Policy_B_ConfidenceGated,3,128,0,1,0.5646718740463257,True,False,False,ABSTAIN,6.701,4.5
Policy_B_ConfidenceGated,3,129,1,1,0.8467737436294556,False,True,False,CLASS_1,6.716,4.5
Policy_B_ConfidenceGated,3,130,0,1,0.5958160161972046,True,False,False,ABSTAIN,5.958,4.5
Policy_B_ConfidenceGated,3,131,1,1,0.7343785762786865,True,False,False,ABSTAIN,7.408,4.5
Policy_B_ConfidenceGated,3,132,1,1,0.6539851427078247,True,False,False,ABSTAIN,6.436,4.5
Policy_B_ConfidenceGated,3,133,0,1,0.6621160507202148,True,False,False,ABSTAIN,6.729,4.5
Policy_B_ConfidenceGated,3,134,0,1,0.5973301529884338,True,False,False,ABSTAIN,5.625,4.5
Policy_B_ConfidenceGated,3,135,1,1,0.8098969459533691,True,False,False,ABSTAIN,5.677,4.5
Policy_B_ConfidenceGated,3,136,1,1,0.9273380041122437,False,True,False,CLASS_1,5.565,4.5
Policy_B_ConfidenceGated,3,137,1,0,0.6403722167015076,True,False,False,ABSTAIN,5.741,4.5
Policy_B_ConfidenceGated,3,138,1,1,0.7693601250648499,True,False,False,ABSTAIN,6.262,4.5
Policy_B_ConfidenceGated,3,139,0,0,0.5798410177230835,True,False,False,ABSTAIN,6.755,4.5
Policy_B_ConfidenceGated,3,140,0,1,0.8673630356788635,False,False,True,CLASS_1,6.809,4.5
Policy_B_ConfidenceGated,3,141,0,0,0.8895488977432251,False,True,False,CLASS_0,6.496,4.5
Policy_B_ConfidenceGated,3,142,0,1,0.7218276262283325,True,False,False,ABSTAIN,6.339,4.5
Policy_B_ConfidenceGated,3,143,1,0,0.6575607061386108,True,False,False,ABSTAIN,6.253,4.5
Policy_B_ConfidenceGated,3,144,0,1,0.779548168182373,True,False,False,ABSTAIN,6.53,4.5
Policy_B_ConfidenceGated,3,145,0,0,0.705194890499115,True,False,False,ABSTAIN,6.473,4.5
Policy_B_ConfidenceGated,3,146,1,1,0.6939353346824646,True,False,False,ABSTAIN,6.415,4.5
Policy_B_ConfidenceGated,3,147,1,1,0.7431361079216003,True,False,False,ABSTAIN,6.763,4.5
Policy_B_ConfidenceGated,3,148,0,1,0.7137803435325623,True,False,False,ABSTAIN,6.463,4.5
Policy_B_ConfidenceGated,3,149,0,0,0.5382780432701111,True,False,False,ABSTAIN,6.43,4.5
Policy_B_ConfidenceGated,3,150,1,1,0.8480411171913147,False,True,False,CLASS_1,6.431,4.5
Policy_B_ConfidenceGated,3,151,1,1,0.6236301064491272,True,False,False,ABSTAIN,5.802,4.5
Policy_B_ConfidenceGated,3,152,1,1,0.6447691917419434,True,False,False,ABSTAIN,6.269,4.5
Policy_B_ConfidenceGated,3,153,1,1,0.9024984240531921,False,True,False,CLASS_1,5.789,4.5
Policy_B_ConfidenceGated,3,154,1,1,0.5329961180686951,True,False,False,ABSTAIN,5.562,4.5
Policy_B_ConfidenceGated,3,155,1,1,0.7412108778953552,True,False,False,ABSTAIN,5.75,4.5
Policy_B_ConfidenceGated,3,156,1,1,0.8504224419593811,False,True,False,CLASS_1,5.941,4.5
Policy_B_ConfidenceGated,3,157,0,0,0.5013152956962585,True,False,False,ABSTAIN,5.631,4.5
Policy_B_ConfidenceGated,3,158,1,1,0.6064425110816956,True,False,False,ABSTAIN,6.619,4.5
Policy_B_ConfidenceGated,3,159,1,1,0.85794597864151,False,True,False,CLASS_1,5.71,4.5
Policy_B_ConfidenceGated,3,160,0,1,0.94007408618927,False,False,True,CLASS_1,5.75,4.5
Policy_C_SharedControl,3,1,1,1,0.9048913717269897,False,True,False,SELECT_RIGHT,7.215,4.5
Policy_C_SharedControl,3,2,0,1,0.7672532200813293,True,False,False,ABSTAIN,5.699,4.5
Policy_C_SharedControl,3,3,1,1,0.5318427681922913,True,False,False,ABSTAIN,5.676,4.5
Policy_C_SharedControl,3,4,0,1,0.6425226926803589,True,False,False,ABSTAIN,5.553,4.5
Policy_C_SharedControl,3,5,0,1,0.7102980017662048,True,False,False,ABSTAIN,5.477,4.5
Policy_C_SharedControl,3,6,0,0,0.5708880424499512,True,False,False,ABSTAIN,6.447,4.5
Policy_C_SharedControl,3,7,1,1,0.9354636073112488,False,True,False,REACH_FORWARD,6.627,4.5
Policy_C_SharedControl,3,8,0,1,0.568354606628418,True,False,False,ABSTAIN,5.61,4.5
Policy_C_SharedControl,3,9,0,1,0.8380005359649658,False,False,True,GRASP_CLOSE,5.634,4.5
Policy_C_SharedControl,3,10,0,1,0.961943507194519,False,False,True,GRASP_CLOSE,5.52,4.5
Policy_C_SharedControl,3,11,1,0,0.7543215751647949,True,False,False,ABSTAIN,6.179,4.5
Policy_C_SharedControl,3,12,0,1,0.667169988155365,True,False,False,ABSTAIN,6.709,4.5
Policy_C_SharedControl,3,13,1,0,0.6454907655715942,True,False,False,ABSTAIN,6.289,4.5
Policy_C_SharedControl,3,14,0,1,0.8892572522163391,False,False,True,GRASP_CLOSE,5.637,4.5
Policy_C_SharedControl,3,15,1,1,0.6518992185592651,True,False,False,ABSTAIN,5.551,4.5
Policy_C_SharedControl,3,16,0,1,0.648690938949585,True,False,False,ABSTAIN,6.295,4.5
Policy_C_SharedControl,3,17,0,0,0.8146307468414307,True,False,False,ABSTAIN,6.915,4.5
Policy_C_SharedControl,3,18,0,0,0.6605470776557922,True,False,False,ABSTAIN,6.57,4.5
Policy_C_SharedControl,3,19,0,1,0.8871296048164368,False,False,True,GRASP_CLOSE,5.682,4.5
Policy_C_SharedControl,3,20,0,1,0.9356591105461121,False,False,True,GRASP_CLOSE,5.704,4.5
Policy_C_SharedControl,3,21,1,0,0.5110872983932495,True,False,False,ABSTAIN,6.507,4.5
Policy_C_SharedControl,3,22,1,1,0.79576575756073,True,False,False,ABSTAIN,6.534,4.5
Policy_C_SharedControl,3,23,1,1,0.7838062047958374,True,False,False,ABSTAIN,6.598,4.5
Policy_C_SharedControl,3,24,0,1,0.8789194822311401,False,False,True,GRASP_CLOSE,6.255,4.5
Policy_C_SharedControl,3,25,1,0,0.822858452796936,True,False,False,ABSTAIN,6.431,4.5
Policy_C_SharedControl,3,26,1,1,0.8575114011764526,False,True,False,GRASP_CLOSE,5.619,4.5
Policy_C_SharedControl,3,27,1,0,0.9137662649154663,False,False,True,GRASP_OPEN,6.361,4.5
Policy_C_SharedControl,3,28,1,1,0.7658429145812988,True,False,False,ABSTAIN,5.558,4.5
Policy_C_SharedControl,3,29,0,1,0.815424382686615,True,False,False,ABSTAIN,5.685,4.5
Policy_C_SharedControl,3,30,1,1,0.7276018857955933,True,False,False,ABSTAIN,5.837,4.5
Policy_C_SharedControl,3,31,1,1,0.7990304231643677,True,False,False,ABSTAIN,6.332,4.5
Policy_C_SharedControl,3,32,1,0,0.6161926984786987,True,False,False,ABSTAIN,6.251,4.5
Policy_C_SharedControl,3,33,0,1,0.8248105049133301,True,False,False,ABSTAIN,6.593,4.5
Policy_C_SharedControl,3,34,0,1,0.8526644110679626,False,False,True,GRASP_CLOSE,34.558,4.5
Policy_C_SharedControl,3,35,1,0,0.785291314125061,True,False,False,ABSTAIN,7.657,4.5
Policy_C_SharedControl,3,36,1,1,0.9462788701057434,False,True,False,GRASP_CLOSE,6.319,4.5
Policy_C_SharedControl,3,37,0,1,0.7239586710929871,True,False,False,ABSTAIN,6.361,4.5
Policy_C_SharedControl,3,38,1,1,0.7918527722358704,True,False,False,ABSTAIN,6.322,4.5
Policy_C_SharedControl,3,39,0,1,0.7806496024131775,True,False,False,ABSTAIN,6.655,4.5
Policy_C_SharedControl,3,40,1,1,0.9539609551429749,False,True,False,GRASP_CLOSE,6.387,4.5
Policy_C_SharedControl,3,41,1,1,0.6357131004333496,True,False,False,ABSTAIN,6.433,4.5
Policy_C_SharedControl,3,42,0,1,0.750449538230896,True,False,False,ABSTAIN,6.374,4.5
Policy_C_SharedControl,3,43,0,0,0.7284759879112244,True,False,False,ABSTAIN,6.703,4.5
Policy_C_SharedControl,3,44,1,1,0.5026776194572449,True,False,False,ABSTAIN,5.779,4.5
Policy_C_SharedControl,3,45,0,1,0.6208966374397278,True,False,False,ABSTAIN,4.773,4.5
Policy_C_SharedControl,3,46,0,1,0.9116833209991455,False,False,True,GRASP_CLOSE,4.835,4.5
Policy_C_SharedControl,3,47,0,0,0.7885047793388367,True,False,False,ABSTAIN,5.66,4.5
Policy_C_SharedControl,3,48,1,1,0.967979371547699,False,True,False,GRASP_CLOSE,4.953,4.5
Policy_C_SharedControl,3,49,0,1,0.810500979423523,True,False,False,ABSTAIN,5.397,4.5
Policy_C_SharedControl,3,50,0,1,0.7151312232017517,True,False,False,ABSTAIN,5.457,4.5
Policy_C_SharedControl,3,51,1,1,0.9414596557617188,False,True,False,GRASP_CLOSE,6.218,4.5
Policy_C_SharedControl,3,52,1,1,0.7187376022338867,True,False,False,ABSTAIN,5.857,4.5
Policy_C_SharedControl,3,53,1,1,0.8984315991401672,False,True,False,GRASP_CLOSE,6.215,4.5
Policy_C_SharedControl,3,54,0,1,0.8414794206619263,False,False,True,GRASP_CLOSE,6.536,4.5
Policy_C_SharedControl,3,55,1,0,0.5427882671356201,True,False,False,ABSTAIN,6.489,4.5
Policy_C_SharedControl,3,56,1,0,0.5959933996200562,True,False,False,ABSTAIN,6.477,4.5
Policy_C_SharedControl,3,57,1,1,0.8741118311882019,False,True,False,GRASP_CLOSE,5.787,4.5
Policy_C_SharedControl,3,58,0,1,0.7140751481056213,True,False,False,ABSTAIN,6.448,4.5
Policy_C_SharedControl,3,59,1,1,0.7507330179214478,True,False,False,ABSTAIN,5.592,4.5
Policy_C_SharedControl,3,60,0,1,0.8226446509361267,True,False,False,ABSTAIN,5.384,4.5
Policy_C_SharedControl,3,61,1,1,0.8824105858802795,False,True,False,GRASP_CLOSE,5.232,4.5
Policy_C_SharedControl,3,62,0,1,0.9321865439414978,False,False,True,GRASP_CLOSE,5.826,4.5
Policy_C_SharedControl,3,63,1,0,0.7060789465904236,True,False,False,ABSTAIN,6.253,4.5
Policy_C_SharedControl,3,64,1,0,0.5331904292106628,True,False,False,ABSTAIN,6.362,4.5
Policy_C_SharedControl,3,65,1,1,0.7314307689666748,True,False,False,ABSTAIN,6.301,4.5
Policy_C_SharedControl,3,66,0,1,0.5550887584686279,True,False,False,ABSTAIN,6.245,4.5
Policy_C_SharedControl,3,67,0,0,0.6979420185089111,True,False,False,ABSTAIN,5.702,4.5
Policy_C_SharedControl,3,68,0,0,0.5969910621643066,True,False,False,ABSTAIN,6.505,4.5
Policy_C_SharedControl,3,69,0,1,0.6786470413208008,True,False,False,ABSTAIN,6.813,4.5
Policy_C_SharedControl,3,70,0,1,0.921669065952301,False,False,True,GRASP_CLOSE,6.421,4.5
Policy_C_SharedControl,3,71,1,1,0.8778579831123352,False,True,False,GRASP_CLOSE,6.198,4.5
Policy_C_SharedControl,3,72,1,1,0.8081396222114563,True,False,False,ABSTAIN,5.707,4.5
Policy_C_SharedControl,3,73,1,0,0.5241899490356445,True,False,False,ABSTAIN,6.047,4.5
Policy_C_SharedControl,3,74,0,1,0.5445117950439453,True,False,False,ABSTAIN,5.537,4.5
Policy_C_SharedControl,3,75,0,0,0.7962997555732727,True,False,False,ABSTAIN,5.621,4.5
Policy_C_SharedControl,3,76,1,0,0.939153790473938,False,False,True,GRASP_OPEN,5.692,4.5
Policy_C_SharedControl,3,77,1,0,0.7007949352264404,True,False,False,ABSTAIN,5.898,4.5
Policy_C_SharedControl,3,78,0,0,0.5475683212280273,True,False,False,ABSTAIN,6.718,4.5
Policy_C_SharedControl,3,79,0,1,0.8498367667198181,False,False,True,GRASP_CLOSE,6.306,4.5
Policy_C_SharedControl,3,80,1,1,0.9775480031967163,False,True,False,GRASP_CLOSE,5.672,4.5
Policy_C_SharedControl,3,81,1,1,0.8569197654724121,False,True,False,GRASP_CLOSE,5.796,4.5
Policy_C_SharedControl,3,82,1,1,0.8288150429725647,True,False,False,ABSTAIN,5.603,4.5
Policy_C_SharedControl,3,83,1,1,0.6842299699783325,True,False,False,ABSTAIN,6.243,4.5
Policy_C_SharedControl,3,84,0,1,0.8523572087287903,False,False,True,GRASP_CLOSE,5.809,4.5
Policy_C_SharedControl,3,85,1,0,0.930786669254303,False,False,True,GRASP_OPEN,5.563,4.5
Policy_C_SharedControl,3,86,0,1,0.6096042394638062,True,False,False,ABSTAIN,5.713,4.5
Policy_C_SharedControl,3,87,0,0,0.6077069640159607,True,False,False,ABSTAIN,6.086,4.5
Policy_C_SharedControl,3,88,1,1,0.9319263100624084,False,True,False,GRASP_CLOSE,6.359,4.5
Policy_C_SharedControl,3,89,1,1,0.5732048153877258,True,False,False,ABSTAIN,6.462,4.5
Policy_C_SharedControl,3,90,0,1,0.645180881023407,True,False,False,ABSTAIN,5.591,4.5
Policy_C_SharedControl,3,91,0,1,0.7956258654594421,True,False,False,ABSTAIN,5.645,4.5
Policy_C_SharedControl,3,92,0,0,0.8343789577484131,False,True,False,GRASP_OPEN,6.439,4.5
Policy_C_SharedControl,3,93,0,1,0.9424073100090027,False,False,True,GRASP_CLOSE,6.498,4.5
Policy_C_SharedControl,3,94,0,1,0.7720502018928528,True,False,False,ABSTAIN,6.672,4.5
Policy_C_SharedControl,3,95,0,1,0.8306317329406738,False,False,True,GRASP_CLOSE,5.693,4.5
Policy_C_SharedControl,3,96,0,1,0.8781863451004028,False,False,True,GRASP_CLOSE,5.606,4.5
Policy_C_SharedControl,3,97,1,1,0.9624686241149902,False,True,False,GRASP_CLOSE,6.554,4.5
Policy_C_SharedControl,3,98,1,1,0.7826424837112427,True,False,False,ABSTAIN,6.306,4.5
Policy_C_SharedControl,3,99,1,1,0.8046433329582214,True,False,False,ABSTAIN,5.509,4.5
Policy_C_SharedControl,3,100,1,0,0.681205689907074,True,False,False,ABSTAIN,5.633,4.5
Policy_C_SharedControl,3,101,1,1,0.9359733462333679,False,True,False,GRASP_CLOSE,5.602,4.5
Policy_C_SharedControl,3,102,0,1,0.7164881825447083,True,False,False,ABSTAIN,6.305,4.5
Policy_C_SharedControl,3,103,0,1,0.8736240267753601,False,False,True,GRASP_CLOSE,5.674,4.5
Policy_C_SharedControl,3,104,1,1,0.7316485643386841,True,False,False,ABSTAIN,5.561,4.5
Policy_C_SharedControl,3,105,0,0,0.5802452564239502,True,False,False,ABSTAIN,5.54,4.5
Policy_C_SharedControl,3,106,0,1,0.8195754289627075,True,False,False,ABSTAIN,6.116,4.5
Policy_C_SharedControl,3,107,1,1,0.6614172458648682,True,False,False,ABSTAIN,6.339,4.5
Policy_C_SharedControl,3,108,0,1,0.9740610718727112,False,False,True,GRASP_CLOSE,6.632,4.5
Policy_C_SharedControl,3,109,0,1,0.8492510318756104,False,False,True,GRASP_CLOSE,5.584,4.5
Policy_C_SharedControl,3,110,0,1,0.5073657631874084,True,False,False,ABSTAIN,5.546,4.5
Policy_C_SharedControl,3,111,0,1,0.9742208123207092,False,False,True,GRASP_CLOSE,6.484,4.5
Policy_C_SharedControl,3,112,1,1,0.7397135496139526,True,False,False,ABSTAIN,6.545,4.5
Policy_C_SharedControl,3,113,1,0,0.5642728805541992,True,False,False,ABSTAIN,6.686,4.5
Policy_C_SharedControl,3,114,1,0,0.6498938798904419,True,False,False,ABSTAIN,5.674,4.5
Policy_C_SharedControl,3,115,1,0,0.6840089559555054,True,False,False,ABSTAIN,5.61,4.5
Policy_C_SharedControl,3,116,1,1,0.9361218214035034,False,True,False,GRASP_CLOSE,6.658,4.5
Policy_C_SharedControl,3,117,0,0,0.5625545978546143,True,False,False,ABSTAIN,6.782,4.5
Policy_C_SharedControl,3,118,1,1,0.7238529920578003,True,False,False,ABSTAIN,5.662,4.5
Policy_C_SharedControl,3,119,1,1,0.8544832468032837,False,True,False,GRASP_CLOSE,5.695,4.5
Policy_C_SharedControl,3,120,0,0,0.6597656011581421,True,False,False,ABSTAIN,5.559,4.5
Policy_C_SharedControl,3,121,0,1,0.9243281483650208,False,False,True,GRASP_CLOSE,5.898,4.5
Policy_C_SharedControl,3,122,0,1,0.7470189929008484,True,False,False,ABSTAIN,5.744,4.5
Policy_C_SharedControl,3,123,0,1,0.5508652329444885,True,False,False,ABSTAIN,5.722,4.5
Policy_C_SharedControl,3,124,0,0,0.5235207080841064,True,False,False,ABSTAIN,5.609,4.5
Policy_C_SharedControl,3,125,0,1,0.7210269570350647,True,False,False,ABSTAIN,6.065,4.5
Policy_C_SharedControl,3,126,0,0,0.5896241068840027,True,False,False,ABSTAIN,6.605,4.5
Policy_C_SharedControl,3,127,1,1,0.8476929068565369,False,True,False,GRASP_CLOSE,6.64,4.5
Policy_C_SharedControl,3,128,0,1,0.5646718740463257,True,False,False,ABSTAIN,5.682,4.5
Policy_C_SharedControl,3,129,1,1,0.8467737436294556,False,True,False,GRASP_CLOSE,6.314,4.5
Policy_C_SharedControl,3,130,0,1,0.5958160161972046,True,False,False,ABSTAIN,6.634,4.5
Policy_C_SharedControl,3,131,1,1,0.7343785762786865,True,False,False,ABSTAIN,6.652,4.5
Policy_C_SharedControl,3,132,1,1,0.6539851427078247,True,False,False,ABSTAIN,6.497,4.5
Policy_C_SharedControl,3,133,0,1,0.6621160507202148,True,False,False,ABSTAIN,6.416,4.5
Policy_C_SharedControl,3,134,0,1,0.5973301529884338,True,False,False,ABSTAIN,6.334,4.5
Policy_C_SharedControl,3,135,1,1,0.8098969459533691,True,False,False,ABSTAIN,6.398,4.5
Policy_C_SharedControl,3,136,1,1,0.9273380041122437,False,True,False,GRASP_CLOSE,5.799,4.5
Policy_C_SharedControl,3,137,1,0,0.6403722167015076,True,False,False,ABSTAIN,6.319,4.5
Policy_C_SharedControl,3,138,1,1,0.7693601250648499,True,False,False,ABSTAIN,6.495,4.5
Policy_C_SharedControl,3,139,0,0,0.5798410177230835,True,False,False,ABSTAIN,6.571,4.5
Policy_C_SharedControl,3,140,0,1,0.8673630356788635,False,False,True,GRASP_CLOSE,6.591,4.5
Policy_C_SharedControl,3,141,0,0,0.8895488977432251,False,True,False,GRASP_OPEN,6.241,4.5
Policy_C_SharedControl,3,142,0,1,0.7218276262283325,True,False,False,ABSTAIN,5.95,4.5
Policy_C_SharedControl,3,143,1,0,0.6575607061386108,True,False,False,ABSTAIN,6.654,4.5
Policy_C_SharedControl,3,144,0,1,0.779548168182373,True,False,False,ABSTAIN,6.289,4.5
Policy_C_SharedControl,3,145,0,0,0.705194890499115,True,False,False,ABSTAIN,6.323,4.5
Policy_C_SharedControl,3,146,1,1,0.6939353346824646,True,False,False,ABSTAIN,6.623,4.5
Policy_C_SharedControl,3,147,1,1,0.7431361079216003,True,False,False,ABSTAIN,6.392,4.5
Policy_C_SharedControl,3,148,0,1,0.7137803435325623,True,False,False,ABSTAIN,6.674,4.5
Policy_C_SharedControl,3,149,0,0,0.5382780432701111,True,False,False,ABSTAIN,7.234,4.5
Policy_C_SharedControl,3,150,1,1,0.8480411171913147,False,True,False,GRASP_CLOSE,7.03,4.5
Policy_C_SharedControl,3,151,1,1,0.6236301064491272,True,False,False,ABSTAIN,6.48,4.5
Policy_C_SharedControl,3,152,1,1,0.6447691917419434,True,False,False,ABSTAIN,6.356,4.5
Policy_C_SharedControl,3,153,1,1,0.9024984240531921,False,True,False,GRASP_CLOSE,5.95,4.5
Policy_C_SharedControl,3,154,1,1,0.5329961180686951,True,False,False,ABSTAIN,6.579,4.5
Policy_C_SharedControl,3,155,1,1,0.7412108778953552,True,False,False,ABSTAIN,6.345,4.5
Policy_C_SharedControl,3,156,1,1,0.8504224419593811,False,True,False,GRASP_CLOSE,6.463,4.5
Policy_C_SharedControl,3,157,0,0,0.5013152956962585,True,False,False,ABSTAIN,6.232,4.5
Policy_C_SharedControl,3,158,1,1,0.6064425110816956,True,False,False,ABSTAIN,6.569,4.5
Policy_C_SharedControl,3,159,1,1,0.85794597864151,False,True,False,GRASP_CLOSE,6.302,4.5
Policy_C_SharedControl,3,160,0,1,0.94007408618927,False,False,True,GRASP_CLOSE,6.288,4.5
Policy_A_Direct,4,1,1,1,0.999887228012085,False,True,False,CLASS_1,5.175,4.5
Policy_A_Direct,4,2,0,0,0.8035447597503662,False,True,False,CLASS_0,1.788,4.5
Policy_A_Direct,4,3,0,0,0.9974396228790283,False,True,False,CLASS_0,1.794,4.5
Policy_A_Direct,4,4,1,1,0.9927880167961121,False,True,False,CLASS_1,1.669,4.5
Policy_A_Direct,4,5,1,1,0.9999055862426758,False,True,False,CLASS_1,1.686,4.5
Policy_A_Direct,4,6,0,0,0.9607364535331726,False,True,False,CLASS_0,1.68,4.5
Policy_A_Direct,4,7,0,0,0.9817279577255249,False,True,False,CLASS_0,1.719,4.5
Policy_A_Direct,4,8,1,1,0.999963641166687,False,True,False,CLASS_1,1.718,4.5
Policy_A_Direct,4,9,1,1,0.9999901056289673,False,True,False,CLASS_1,1.675,4.5
Policy_A_Direct,4,10,1,1,0.9990267753601074,False,True,False,CLASS_1,1.684,4.5
Policy_A_Direct,4,11,1,1,0.9997028708457947,False,True,False,CLASS_1,1.666,4.5
Policy_A_Direct,4,12,0,0,0.9905633926391602,False,True,False,CLASS_0,1.684,4.5
Policy_A_Direct,4,13,1,1,0.9825477004051208,False,True,False,CLASS_1,1.7,4.5
Policy_A_Direct,4,14,1,1,0.9987801909446716,False,True,False,CLASS_1,1.678,4.5
Policy_A_Direct,4,15,0,0,0.595206081867218,False,True,False,CLASS_0,1.667,4.5
Policy_A_Direct,4,16,1,1,0.9952474236488342,False,True,False,CLASS_1,1.705,4.5
Policy_A_Direct,4,17,0,0,0.9648666977882385,False,True,False,CLASS_0,1.674,4.5
Policy_A_Direct,4,18,1,1,0.9992801547050476,False,True,False,CLASS_1,1.667,4.5
Policy_A_Direct,4,19,1,1,0.9999889135360718,False,True,False,CLASS_1,1.663,4.5
Policy_A_Direct,4,20,0,0,0.7977735996246338,False,True,False,CLASS_0,1.687,4.5
Policy_A_Direct,4,21,1,1,0.9955796599388123,False,True,False,CLASS_1,1.66,4.5
Policy_A_Direct,4,22,0,0,0.9967547059059143,False,True,False,CLASS_0,1.652,4.5
Policy_A_Direct,4,23,0,1,0.5833544731140137,False,False,True,CLASS_1,1.674,4.5
Policy_A_Direct,4,24,1,1,0.9991626739501953,False,True,False,CLASS_1,1.685,4.5
Policy_A_Direct,4,25,0,0,0.9784713387489319,False,True,False,CLASS_0,1.672,4.5
Policy_A_Direct,4,26,1,1,0.8517917394638062,False,True,False,CLASS_1,1.679,4.5
Policy_A_Direct,4,27,0,0,0.9995937943458557,False,True,False,CLASS_0,1.675,4.5
Policy_A_Direct,4,28,1,1,0.940534234046936,False,True,False,CLASS_1,1.686,4.5
Policy_A_Direct,4,29,1,1,0.9981414079666138,False,True,False,CLASS_1,1.764,4.5
Policy_A_Direct,4,30,1,1,0.9998469352722168,False,True,False,CLASS_1,1.79,4.5
Policy_A_Direct,4,31,0,0,0.9920807480812073,False,True,False,CLASS_0,1.749,4.5
Policy_A_Direct,4,32,0,0,0.9445130825042725,False,True,False,CLASS_0,1.773,4.5
Policy_A_Direct,4,33,0,0,0.8924993872642517,False,True,False,CLASS_0,1.789,4.5
Policy_A_Direct,4,34,0,0,0.9998500347137451,False,True,False,CLASS_0,1.766,4.5
Policy_A_Direct,4,35,0,0,0.9998533725738525,False,True,False,CLASS_0,1.738,4.5
Policy_A_Direct,4,36,0,0,0.9937171936035156,False,True,False,CLASS_0,1.751,4.5
Policy_A_Direct,4,37,1,1,0.9938218593597412,False,True,False,CLASS_1,1.72,4.5
Policy_A_Direct,4,38,0,0,0.9997860789299011,False,True,False,CLASS_0,1.736,4.5
Policy_A_Direct,4,39,1,1,0.9984254837036133,False,True,False,CLASS_1,1.75,4.5
Policy_A_Direct,4,40,0,0,0.9917770624160767,False,True,False,CLASS_0,1.722,4.5
Policy_A_Direct,4,41,1,1,0.9996457099914551,False,True,False,CLASS_1,1.724,4.5
Policy_A_Direct,4,42,0,0,0.9999626874923706,False,True,False,CLASS_0,1.75,4.5
Policy_A_Direct,4,43,0,0,0.7181565165519714,False,True,False,CLASS_0,1.715,4.5
Policy_A_Direct,4,44,1,1,0.9999479055404663,False,True,False,CLASS_1,1.713,4.5
Policy_A_Direct,4,45,1,1,0.9999994039535522,False,True,False,CLASS_1,1.726,4.5
Policy_A_Direct,4,46,0,0,0.999790608882904,False,True,False,CLASS_0,1.753,4.5
Policy_A_Direct,4,47,0,0,0.9987185001373291,False,True,False,CLASS_0,1.907,4.5
Policy_A_Direct,4,48,1,1,0.9999921321868896,False,True,False,CLASS_1,1.814,4.5
Policy_A_Direct,4,49,1,1,0.9999444484710693,False,True,False,CLASS_1,1.854,4.5
Policy_A_Direct,4,50,0,0,0.9986806511878967,False,True,False,CLASS_0,1.787,4.5
Policy_A_Direct,4,51,0,0,0.8021685481071472,False,True,False,CLASS_0,1.77,4.5
Policy_A_Direct,4,52,1,1,0.9997089505195618,False,True,False,CLASS_1,1.754,4.5
Policy_A_Direct,4,53,0,0,0.9818297624588013,False,True,False,CLASS_0,1.807,4.5
Policy_A_Direct,4,54,1,1,0.999998927116394,False,True,False,CLASS_1,1.735,4.5
Policy_A_Direct,4,55,1,1,0.990922749042511,False,True,False,CLASS_1,1.778,4.5
Policy_A_Direct,4,56,1,1,0.9996434450149536,False,True,False,CLASS_1,1.73,4.5
Policy_A_Direct,4,57,1,1,0.9999995231628418,False,True,False,CLASS_1,1.783,4.5
Policy_A_Direct,4,58,1,1,0.9999977350234985,False,True,False,CLASS_1,1.933,4.5
Policy_A_Direct,4,59,0,0,0.9997209906578064,False,True,False,CLASS_0,2.212,4.5
Policy_A_Direct,4,60,1,1,0.9999189376831055,False,True,False,CLASS_1,2.202,4.5
Policy_A_Direct,4,61,1,1,0.9993552565574646,False,True,False,CLASS_1,2.603,4.5
Policy_A_Direct,4,62,0,0,0.9999271631240845,False,True,False,CLASS_0,1.61,4.5
Policy_A_Direct,4,63,0,0,0.9962450861930847,False,True,False,CLASS_0,1.586,4.5
Policy_A_Direct,4,64,0,0,0.7800508737564087,False,True,False,CLASS_0,3.226,4.5
Policy_A_Direct,4,65,0,0,0.6185640096664429,False,True,False,CLASS_0,2.24,4.5
Policy_A_Direct,4,66,1,1,0.9995113611221313,False,True,False,CLASS_1,1.803,4.5
Policy_A_Direct,4,67,0,0,0.9996426105499268,False,True,False,CLASS_0,1.813,4.5
Policy_A_Direct,4,68,1,1,0.9999967813491821,False,True,False,CLASS_1,1.802,4.5
Policy_A_Direct,4,69,0,0,0.9987492561340332,False,True,False,CLASS_0,2.007,4.5
Policy_A_Direct,4,70,0,0,0.9999146461486816,False,True,False,CLASS_0,2.039,4.5
Policy_A_Direct,4,71,0,0,0.999629020690918,False,True,False,CLASS_0,2.129,4.5
Policy_A_Direct,4,72,1,1,0.9998948574066162,False,True,False,CLASS_1,1.866,4.5
Policy_A_Direct,4,73,1,1,0.9999994039535522,False,True,False,CLASS_1,2.45,4.5
Policy_A_Direct,4,74,0,0,0.9998718500137329,False,True,False,CLASS_0,2.336,4.5
Policy_A_Direct,4,75,1,1,0.9999996423721313,False,True,False,CLASS_1,2.001,4.5
Policy_A_Direct,4,76,0,0,0.9923586249351501,False,True,False,CLASS_0,2.182,4.5
Policy_A_Direct,4,77,0,0,0.9550879597663879,False,True,False,CLASS_0,2.03,4.5
Policy_A_Direct,4,78,1,1,0.9999982118606567,False,True,False,CLASS_1,2.128,4.5
Policy_A_Direct,4,79,0,0,0.9978939890861511,False,True,False,CLASS_0,2.096,4.5
Policy_A_Direct,4,80,1,1,0.9999971389770508,False,True,False,CLASS_1,2.276,4.5
Policy_A_Direct,4,81,0,0,0.9999836683273315,False,True,False,CLASS_0,2.151,4.5
Policy_A_Direct,4,82,1,1,0.9999622106552124,False,True,False,CLASS_1,2.308,4.5
Policy_A_Direct,4,83,0,0,0.9999827146530151,False,True,False,CLASS_0,2.126,4.5
Policy_A_Direct,4,84,1,1,0.9999866485595703,False,True,False,CLASS_1,2.23,4.5
Policy_A_Direct,4,85,1,1,0.9999971389770508,False,True,False,CLASS_1,2.15,4.5
Policy_A_Direct,4,86,0,0,0.9986586570739746,False,True,False,CLASS_0,2.316,4.5
Policy_A_Direct,4,87,0,0,0.9995417594909668,False,True,False,CLASS_0,2.441,4.5
Policy_A_Direct,4,88,0,0,0.9996030926704407,False,True,False,CLASS_0,2.439,4.5
Policy_A_Direct,4,89,0,0,0.9997344613075256,False,True,False,CLASS_0,2.325,4.5
Policy_A_Direct,4,90,1,1,0.989686906337738,False,True,False,CLASS_1,2.499,4.5
Policy_A_Direct,4,91,0,0,0.9999690055847168,False,True,False,CLASS_0,2.33,4.5
Policy_A_Direct,4,92,1,1,0.9999973773956299,False,True,False,CLASS_1,3.11,4.5
Policy_A_Direct,4,93,0,0,0.9997394680976868,False,True,False,CLASS_0,3.322,4.5
Policy_A_Direct,4,94,0,0,0.9997074007987976,False,True,False,CLASS_0,3.171,4.5
Policy_A_Direct,4,95,1,1,0.9999387264251709,False,True,False,CLASS_1,2.86,4.5
Policy_A_Direct,4,96,1,1,0.9999841451644897,False,True,False,CLASS_1,2.86,4.5
Policy_A_Direct,4,97,1,1,0.9999996423721313,False,True,False,CLASS_1,2.898,4.5
Policy_A_Direct,4,98,1,1,1.0,False,True,False,CLASS_1,4.604,4.5
Policy_A_Direct,4,99,1,1,0.9999998807907104,False,True,False,CLASS_1,4.678,4.5
Policy_A_Direct,4,100,0,0,0.9989537000656128,False,True,False,CLASS_0,4.726,4.5
Policy_A_Direct,4,101,0,0,0.9999879598617554,False,True,False,CLASS_0,4.444,4.5
Policy_A_Direct,4,102,1,1,0.9995071887969971,False,True,False,CLASS_1,4.426,4.5
Policy_A_Direct,4,103,1,1,0.9999665021896362,False,True,False,CLASS_1,4.321,4.5
Policy_A_Direct,4,104,0,0,0.9973716735839844,False,True,False,CLASS_0,4.455,4.5
Policy_A_Direct,4,105,0,0,0.9987760186195374,False,True,False,CLASS_0,4.517,4.5
Policy_A_Direct,4,106,1,1,0.9993471503257751,False,True,False,CLASS_1,4.438,4.5
Policy_A_Direct,4,107,1,1,0.9999954700469971,False,True,False,CLASS_1,4.592,4.5
Policy_A_Direct,4,108,1,1,0.999603807926178,False,True,False,CLASS_1,4.574,4.5
Policy_A_Direct,4,109,1,1,0.999981164932251,False,True,False,CLASS_1,4.443,4.5
Policy_A_Direct,4,110,1,1,0.969115674495697,False,True,False,CLASS_1,4.538,4.5
Policy_A_Direct,4,111,1,1,0.9997707009315491,False,True,False,CLASS_1,4.855,4.5
Policy_A_Direct,4,112,1,1,0.962884783744812,False,True,False,CLASS_1,4.901,4.5
Policy_A_Direct,4,113,1,1,0.9999985694885254,False,True,False,CLASS_1,6.159,4.5
Policy_A_Direct,4,114,0,0,0.999703586101532,False,True,False,CLASS_0,5.085,4.5
Policy_A_Direct,4,115,0,0,0.998996913433075,False,True,False,CLASS_0,5.775,4.5
Policy_A_Direct,4,116,0,0,0.9988295435905457,False,True,False,CLASS_0,5.457,4.5
Policy_A_Direct,4,117,0,0,0.9993995428085327,False,True,False,CLASS_0,5.974,4.5
Policy_A_Direct,4,118,0,0,0.9537378549575806,False,True,False,CLASS_0,3.784,4.5
Policy_A_Direct,4,119,0,0,0.9997337460517883,False,True,False,CLASS_0,4.409,4.5
Policy_A_Direct,4,120,0,0,0.9971415400505066,False,True,False,CLASS_0,3.975,4.5
Policy_A_Direct,4,121,0,0,0.9970724582672119,False,True,False,CLASS_0,3.901,4.5
Policy_A_Direct,4,122,0,0,0.9979440569877625,False,True,False,CLASS_0,5.128,4.5
Policy_A_Direct,4,123,1,1,0.9977421760559082,False,True,False,CLASS_1,3.535,4.5
Policy_A_Direct,4,124,1,1,0.9996873140335083,False,True,False,CLASS_1,3.714,4.5
Policy_A_Direct,4,125,1,1,0.9991933703422546,False,True,False,CLASS_1,2.682,4.5
Policy_A_Direct,4,126,1,1,0.9994440674781799,False,True,False,CLASS_1,3.601,4.5
Policy_A_Direct,4,127,1,1,0.99944669008255,False,True,False,CLASS_1,4.274,4.5
Policy_A_Direct,4,128,1,1,0.9999997615814209,False,True,False,CLASS_1,4.681,4.5
Policy_A_Direct,4,129,0,0,0.9965032339096069,False,True,False,CLASS_0,3.573,4.5
Policy_A_Direct,4,130,1,1,0.9995715022087097,False,True,False,CLASS_1,3.168,4.5
Policy_A_Direct,4,131,1,1,0.9957453608512878,False,True,False,CLASS_1,6.814,4.5
Policy_A_Direct,4,132,1,1,0.9999469518661499,False,True,False,CLASS_1,2.409,4.5
Policy_A_Direct,4,133,1,1,0.999992847442627,False,True,False,CLASS_1,3.92,4.5
Policy_A_Direct,4,134,1,1,0.5139850974082947,False,True,False,CLASS_1,2.973,4.5
Policy_A_Direct,4,135,0,0,0.9998288154602051,False,True,False,CLASS_0,2.75,4.5
Policy_A_Direct,4,136,0,0,0.999854326248169,False,True,False,CLASS_0,3.218,4.5
Policy_A_Direct,4,137,1,1,0.9999706745147705,False,True,False,CLASS_1,2.664,4.5
Policy_A_Direct,4,138,0,0,0.9999936819076538,False,True,False,CLASS_0,3.256,4.5
Policy_A_Direct,4,139,1,1,0.993021547794342,False,True,False,CLASS_1,4.177,4.5
Policy_A_Direct,4,140,1,1,0.9752747416496277,False,True,False,CLASS_1,3.137,4.5
Policy_A_Direct,4,141,0,0,0.9871301054954529,False,True,False,CLASS_0,3.43,4.5
Policy_A_Direct,4,142,0,0,0.9960468411445618,False,True,False,CLASS_0,3.213,4.5
Policy_A_Direct,4,143,0,0,0.9765909910202026,False,True,False,CLASS_0,2.858,4.5
Policy_A_Direct,4,144,0,0,0.9999895095825195,False,True,False,CLASS_0,2.516,4.5
Policy_A_Direct,4,145,1,1,0.9999773502349854,False,True,False,CLASS_1,2.467,4.5
Policy_A_Direct,4,146,0,0,0.9997288584709167,False,True,False,CLASS_0,2.855,4.5
Policy_A_Direct,4,147,1,1,0.9999586343765259,False,True,False,CLASS_1,3.374,4.5
Policy_A_Direct,4,148,1,1,0.9998857975006104,False,True,False,CLASS_1,2.814,4.5
Policy_A_Direct,4,149,0,0,0.9903846979141235,False,True,False,CLASS_0,2.257,4.5
Policy_A_Direct,4,150,0,0,0.9998552799224854,False,True,False,CLASS_0,2.914,4.5
Policy_A_Direct,4,151,0,0,0.9997382760047913,False,True,False,CLASS_0,2.726,4.5
Policy_A_Direct,4,152,0,0,0.9975288510322571,False,True,False,CLASS_0,2.566,4.5
Policy_A_Direct,4,153,1,1,0.9989290833473206,False,True,False,CLASS_1,2.792,4.5
Policy_A_Direct,4,154,1,1,0.9880355000495911,False,True,False,CLASS_1,3.596,4.5
Policy_A_Direct,4,155,0,0,0.988590657711029,False,True,False,CLASS_0,3.137,4.5
Policy_A_Direct,4,156,0,0,0.9992738366127014,False,True,False,CLASS_0,3.022,4.5
Policy_A_Direct,4,157,0,0,0.9870647192001343,False,True,False,CLASS_0,2.974,4.5
Policy_A_Direct,4,158,1,1,0.9988113641738892,False,True,False,CLASS_1,2.938,4.5
Policy_A_Direct,4,159,0,0,0.9977207779884338,False,True,False,CLASS_0,3.563,4.5
Policy_A_Direct,4,160,0,0,0.9998316764831543,False,True,False,CLASS_0,3.708,4.5
Policy_B_ConfidenceGated,4,1,1,1,0.999887228012085,False,True,False,CLASS_1,3.991,4.5
Policy_B_ConfidenceGated,4,2,0,0,0.8035447597503662,True,False,False,ABSTAIN,1.963,4.5
Policy_B_ConfidenceGated,4,3,0,0,0.9974396228790283,False,True,False,CLASS_0,2.602,4.5
Policy_B_ConfidenceGated,4,4,1,1,0.9927880167961121,False,True,False,CLASS_1,3.798,4.5
Policy_B_ConfidenceGated,4,5,1,1,0.9999055862426758,False,True,False,CLASS_1,3.003,4.5
Policy_B_ConfidenceGated,4,6,0,0,0.9607364535331726,False,True,False,CLASS_0,3.038,4.5
Policy_B_ConfidenceGated,4,7,0,0,0.9817279577255249,False,True,False,CLASS_0,2.919,4.5
Policy_B_ConfidenceGated,4,8,1,1,0.999963641166687,False,True,False,CLASS_1,2.499,4.5
Policy_B_ConfidenceGated,4,9,1,1,0.9999901056289673,False,True,False,CLASS_1,1.801,4.5
Policy_B_ConfidenceGated,4,10,1,1,0.9990267753601074,False,True,False,CLASS_1,1.797,4.5
Policy_B_ConfidenceGated,4,11,1,1,0.9997028708457947,False,True,False,CLASS_1,1.853,4.5
Policy_B_ConfidenceGated,4,12,0,0,0.9905633926391602,False,True,False,CLASS_0,1.835,4.5
Policy_B_ConfidenceGated,4,13,1,1,0.9825477004051208,False,True,False,CLASS_1,1.98,4.5
Policy_B_ConfidenceGated,4,14,1,1,0.9987801909446716,False,True,False,CLASS_1,2.577,4.5
Policy_B_ConfidenceGated,4,15,0,0,0.595206081867218,True,False,False,ABSTAIN,1.709,4.5
Policy_B_ConfidenceGated,4,16,1,1,0.9952474236488342,False,True,False,CLASS_1,1.682,4.5
Policy_B_ConfidenceGated,4,17,0,0,0.9648666977882385,False,True,False,CLASS_0,1.657,4.5
Policy_B_ConfidenceGated,4,18,1,1,0.9992801547050476,False,True,False,CLASS_1,1.749,4.5
Policy_B_ConfidenceGated,4,19,1,1,0.9999889135360718,False,True,False,CLASS_1,2.883,4.5
Policy_B_ConfidenceGated,4,20,0,0,0.7977735996246338,True,False,False,ABSTAIN,2.735,4.5
Policy_B_ConfidenceGated,4,21,1,1,0.9955796599388123,False,True,False,CLASS_1,3.227,4.5
Policy_B_ConfidenceGated,4,22,0,0,0.9967547059059143,False,True,False,CLASS_0,3.898,4.5
Policy_B_ConfidenceGated,4,23,0,1,0.5833544731140137,True,False,False,ABSTAIN,2.873,4.5
Policy_B_ConfidenceGated,4,24,1,1,0.9991626739501953,False,True,False,CLASS_1,2.993,4.5
Policy_B_ConfidenceGated,4,25,0,0,0.9784713387489319,False,True,False,CLASS_0,2.878,4.5
Policy_B_ConfidenceGated,4,26,1,1,0.8517917394638062,False,True,False,CLASS_1,2.832,4.5
Policy_B_ConfidenceGated,4,27,0,0,0.9995937943458557,False,True,False,CLASS_0,3.314,4.5
Policy_B_ConfidenceGated,4,28,1,1,0.940534234046936,False,True,False,CLASS_1,3.484,4.5
Policy_B_ConfidenceGated,4,29,1,1,0.9981414079666138,False,True,False,CLASS_1,2.857,4.5
Policy_B_ConfidenceGated,4,30,1,1,0.9998469352722168,False,True,False,CLASS_1,2.988,4.5
Policy_B_ConfidenceGated,4,31,0,0,0.9920807480812073,False,True,False,CLASS_0,2.79,4.5
Policy_B_ConfidenceGated,4,32,0,0,0.9445130825042725,False,True,False,CLASS_0,1.962,4.5
Policy_B_ConfidenceGated,4,33,0,0,0.8924993872642517,False,True,False,CLASS_0,2.91,4.5
Policy_B_ConfidenceGated,4,34,0,0,0.9998500347137451,False,True,False,CLASS_0,3.1,4.5
Policy_B_ConfidenceGated,4,35,0,0,0.9998533725738525,False,True,False,CLASS_0,2.808,4.5
Policy_B_ConfidenceGated,4,36,0,0,0.9937171936035156,False,True,False,CLASS_0,2.936,4.5
Policy_B_ConfidenceGated,4,37,1,1,0.9938218593597412,False,True,False,CLASS_1,2.844,4.5
Policy_B_ConfidenceGated,4,38,0,0,0.9997860789299011,False,True,False,CLASS_0,2.771,4.5
Policy_B_ConfidenceGated,4,39,1,1,0.9984254837036133,False,True,False,CLASS_1,3.895,4.5
Policy_B_ConfidenceGated,4,40,0,0,0.9917770624160767,False,True,False,CLASS_0,3.826,4.5
Policy_B_ConfidenceGated,4,41,1,1,0.9996457099914551,False,True,False,CLASS_1,3.079,4.5
Policy_B_ConfidenceGated,4,42,0,0,0.9999626874923706,False,True,False,CLASS_0,2.876,4.5
Policy_B_ConfidenceGated,4,43,0,0,0.7181565165519714,True,False,False,ABSTAIN,2.384,4.5
Policy_B_ConfidenceGated,4,44,1,1,0.9999479055404663,False,True,False,CLASS_1,1.953,4.5
Policy_B_ConfidenceGated,4,45,1,1,0.9999994039535522,False,True,False,CLASS_1,2.044,4.5
Policy_B_ConfidenceGated,4,46,0,0,0.999790608882904,False,True,False,CLASS_0,2.95,4.5
Policy_B_ConfidenceGated,4,47,0,0,0.9987185001373291,False,True,False,CLASS_0,2.394,4.5
Policy_B_ConfidenceGated,4,48,1,1,0.9999921321868896,False,True,False,CLASS_1,1.925,4.5
Policy_B_ConfidenceGated,4,49,1,1,0.9999444484710693,False,True,False,CLASS_1,2.428,4.5
Policy_B_ConfidenceGated,4,50,0,0,0.9986806511878967,False,True,False,CLASS_0,2.402,4.5
Policy_B_ConfidenceGated,4,51,0,0,0.8021685481071472,True,False,False,ABSTAIN,2.443,4.5
Policy_B_ConfidenceGated,4,52,1,1,0.9997089505195618,False,True,False,CLASS_1,4.119,4.5
Policy_B_ConfidenceGated,4,53,0,0,0.9818297624588013,False,True,False,CLASS_0,3.474,4.5
Policy_B_ConfidenceGated,4,54,1,1,0.999998927116394,False,True,False,CLASS_1,3.312,4.5
Policy_B_ConfidenceGated,4,55,1,1,0.990922749042511,False,True,False,CLASS_1,3.732,4.5
Policy_B_ConfidenceGated,4,56,1,1,0.9996434450149536,False,True,False,CLASS_1,2.86,4.5
Policy_B_ConfidenceGated,4,57,1,1,0.9999995231628418,False,True,False,CLASS_1,2.765,4.5
Policy_B_ConfidenceGated,4,58,1,1,0.9999977350234985,False,True,False,CLASS_1,2.735,4.5
Policy_B_ConfidenceGated,4,59,0,0,0.9997209906578064,False,True,False,CLASS_0,2.628,4.5
Policy_B_ConfidenceGated,4,60,1,1,0.9999189376831055,False,True,False,CLASS_1,2.283,4.5
Policy_B_ConfidenceGated,4,61,1,1,0.9993552565574646,False,True,False,CLASS_1,2.731,4.5
Policy_B_ConfidenceGated,4,62,0,0,0.9999271631240845,False,True,False,CLASS_0,2.988,4.5
Policy_B_ConfidenceGated,4,63,0,0,0.9962450861930847,False,True,False,CLASS_0,3.017,4.5
Policy_B_ConfidenceGated,4,64,0,0,0.7800508737564087,True,False,False,ABSTAIN,2.992,4.5
Policy_B_ConfidenceGated,4,65,0,0,0.6185640096664429,True,False,False,ABSTAIN,3.942,4.5
Policy_B_ConfidenceGated,4,66,1,1,0.9995113611221313,False,True,False,CLASS_1,2.931,4.5
Policy_B_ConfidenceGated,4,67,0,0,0.9996426105499268,False,True,False,CLASS_0,2.832,4.5
Policy_B_ConfidenceGated,4,68,1,1,0.9999967813491821,False,True,False,CLASS_1,3.546,4.5
Policy_B_ConfidenceGated,4,69,0,0,0.9987492561340332,False,True,False,CLASS_0,5.113,4.5
Policy_B_ConfidenceGated,4,70,0,0,0.9999146461486816,False,True,False,CLASS_0,3.435,4.5
Policy_B_ConfidenceGated,4,71,0,0,0.999629020690918,False,True,False,CLASS_0,3.133,4.5
Policy_B_ConfidenceGated,4,72,1,1,0.9998948574066162,False,True,False,CLASS_1,3.698,4.5
Policy_B_ConfidenceGated,4,73,1,1,0.9999994039535522,False,True,False,CLASS_1,3.717,4.5
Policy_B_ConfidenceGated,4,74,0,0,0.9998718500137329,False,True,False,CLASS_0,3.901,4.5
Policy_B_ConfidenceGated,4,75,1,1,0.9999996423721313,False,True,False,CLASS_1,3.369,4.5
Policy_B_ConfidenceGated,4,76,0,0,0.9923586249351501,False,True,False,CLASS_0,4.052,4.5
Policy_B_ConfidenceGated,4,77,0,0,0.9550879597663879,False,True,False,CLASS_0,4.624,4.5
Policy_B_ConfidenceGated,4,78,1,1,0.9999982118606567,False,True,False,CLASS_1,4.052,4.5
Policy_B_ConfidenceGated,4,79,0,0,0.9978939890861511,False,True,False,CLASS_0,5.513,4.5
Policy_B_ConfidenceGated,4,80,1,1,0.9999971389770508,False,True,False,CLASS_1,5.219,4.5
Policy_B_ConfidenceGated,4,81,0,0,0.9999836683273315,False,True,False,CLASS_0,5.111,4.5
Policy_B_ConfidenceGated,4,82,1,1,0.9999622106552124,False,True,False,CLASS_1,5.544,4.5
Policy_B_ConfidenceGated,4,83,0,0,0.9999827146530151,False,True,False,CLASS_0,5.212,4.5
Policy_B_ConfidenceGated,4,84,1,1,0.9999866485595703,False,True,False,CLASS_1,5.142,4.5
Policy_B_ConfidenceGated,4,85,1,1,0.9999971389770508,False,True,False,CLASS_1,5.716,4.5
Policy_B_ConfidenceGated,4,86,0,0,0.9986586570739746,False,True,False,CLASS_0,5.547,4.5
Policy_B_ConfidenceGated,4,87,0,0,0.9995417594909668,False,True,False,CLASS_0,5.122,4.5
Policy_B_ConfidenceGated,4,88,0,0,0.9996030926704407,False,True,False,CLASS_0,5.457,4.5
Policy_B_ConfidenceGated,4,89,0,0,0.9997344613075256,False,True,False,CLASS_0,5.969,4.5
Policy_B_ConfidenceGated,4,90,1,1,0.989686906337738,False,True,False,CLASS_1,6.482,4.5
Policy_B_ConfidenceGated,4,91,0,0,0.9999690055847168,False,True,False,CLASS_0,6.742,4.5
Policy_B_ConfidenceGated,4,92,1,1,0.9999973773956299,False,True,False,CLASS_1,6.366,4.5
Policy_B_ConfidenceGated,4,93,0,0,0.9997394680976868,False,True,False,CLASS_0,6.327,4.5
Policy_B_ConfidenceGated,4,94,0,0,0.9997074007987976,False,True,False,CLASS_0,6.728,4.5
Policy_B_ConfidenceGated,4,95,1,1,0.9999387264251709,False,True,False,CLASS_1,6.288,4.5
Policy_B_ConfidenceGated,4,96,1,1,0.9999841451644897,False,True,False,CLASS_1,5.73,4.5
Policy_B_ConfidenceGated,4,97,1,1,0.9999996423721313,False,True,False,CLASS_1,5.879,4.5
Policy_B_ConfidenceGated,4,98,1,1,1.0,False,True,False,CLASS_1,5.69,4.5
Policy_B_ConfidenceGated,4,99,1,1,0.9999998807907104,False,True,False,CLASS_1,5.895,4.5
Policy_B_ConfidenceGated,4,100,0,0,0.9989537000656128,False,True,False,CLASS_0,5.888,4.5
Policy_B_ConfidenceGated,4,101,0,0,0.9999879598617554,False,True,False,CLASS_0,5.819,4.5
Policy_B_ConfidenceGated,4,102,1,1,0.9995071887969971,False,True,False,CLASS_1,5.937,4.5
Policy_B_ConfidenceGated,4,103,1,1,0.9999665021896362,False,True,False,CLASS_1,6.55,4.5
Policy_B_ConfidenceGated,4,104,0,0,0.9973716735839844,False,True,False,CLASS_0,5.944,4.5
Policy_B_ConfidenceGated,4,105,0,0,0.9987760186195374,False,True,False,CLASS_0,5.708,4.5
Policy_B_ConfidenceGated,4,106,1,1,0.9993471503257751,False,True,False,CLASS_1,6.322,4.5
Policy_B_ConfidenceGated,4,107,1,1,0.9999954700469971,False,True,False,CLASS_1,7.878,4.5
Policy_B_ConfidenceGated,4,108,1,1,0.999603807926178,False,True,False,CLASS_1,5.916,4.5
Policy_B_ConfidenceGated,4,109,1,1,0.999981164932251,False,True,False,CLASS_1,5.588,4.5
Policy_B_ConfidenceGated,4,110,1,1,0.969115674495697,False,True,False,CLASS_1,5.841,4.5
Policy_B_ConfidenceGated,4,111,1,1,0.9997707009315491,False,True,False,CLASS_1,5.878,4.5
Policy_B_ConfidenceGated,4,112,1,1,0.962884783744812,False,True,False,CLASS_1,7.337,4.5
Policy_B_ConfidenceGated,4,113,1,1,0.9999985694885254,False,True,False,CLASS_1,6.552,4.5
Policy_B_ConfidenceGated,4,114,0,0,0.999703586101532,False,True,False,CLASS_0,5.656,4.5
Policy_B_ConfidenceGated,4,115,0,0,0.998996913433075,False,True,False,CLASS_0,5.695,4.5
Policy_B_ConfidenceGated,4,116,0,0,0.9988295435905457,False,True,False,CLASS_0,5.887,4.5
Policy_B_ConfidenceGated,4,117,0,0,0.9993995428085327,False,True,False,CLASS_0,6.424,4.5
Policy_B_ConfidenceGated,4,118,0,0,0.9537378549575806,False,True,False,CLASS_0,5.822,4.5
Policy_B_ConfidenceGated,4,119,0,0,0.9997337460517883,False,True,False,CLASS_0,8.856,4.5
Policy_B_ConfidenceGated,4,120,0,0,0.9971415400505066,False,True,False,CLASS_0,6.407,4.5
Policy_B_ConfidenceGated,4,121,0,0,0.9970724582672119,False,True,False,CLASS_0,5.863,4.5
Policy_B_ConfidenceGated,4,122,0,0,0.9979440569877625,False,True,False,CLASS_0,5.26,4.5
Policy_B_ConfidenceGated,4,123,1,1,0.9977421760559082,False,True,False,CLASS_1,5.494,4.5
Policy_B_ConfidenceGated,4,124,1,1,0.9996873140335083,False,True,False,CLASS_1,5.573,4.5
Policy_B_ConfidenceGated,4,125,1,1,0.9991933703422546,False,True,False,CLASS_1,5.512,4.5
Policy_B_ConfidenceGated,4,126,1,1,0.9994440674781799,False,True,False,CLASS_1,5.623,4.5
Policy_B_ConfidenceGated,4,127,1,1,0.99944669008255,False,True,False,CLASS_1,5.742,4.5
Policy_B_ConfidenceGated,4,128,1,1,0.9999997615814209,False,True,False,CLASS_1,5.879,4.5
Policy_B_ConfidenceGated,4,129,0,0,0.9965032339096069,False,True,False,CLASS_0,6.019,4.5
Policy_B_ConfidenceGated,4,130,1,1,0.9995715022087097,False,True,False,CLASS_1,6.52,4.5
Policy_B_ConfidenceGated,4,131,1,1,0.9957453608512878,False,True,False,CLASS_1,6.484,4.5
Policy_B_ConfidenceGated,4,132,1,1,0.9999469518661499,False,True,False,CLASS_1,6.529,4.5
Policy_B_ConfidenceGated,4,133,1,1,0.999992847442627,False,True,False,CLASS_1,7.488,4.5
Policy_B_ConfidenceGated,4,134,1,1,0.5139850974082947,True,False,False,ABSTAIN,8.894,4.5
Policy_B_ConfidenceGated,4,135,0,0,0.9998288154602051,False,True,False,CLASS_0,6.646,4.5
Policy_B_ConfidenceGated,4,136,0,0,0.999854326248169,False,True,False,CLASS_0,6.228,4.5
Policy_B_ConfidenceGated,4,137,1,1,0.9999706745147705,False,True,False,CLASS_1,5.999,4.5
Policy_B_ConfidenceGated,4,138,0,0,0.9999936819076538,False,True,False,CLASS_0,5.967,4.5
Policy_B_ConfidenceGated,4,139,1,1,0.993021547794342,False,True,False,CLASS_1,6.296,4.5
Policy_B_ConfidenceGated,4,140,1,1,0.9752747416496277,False,True,False,CLASS_1,6.852,4.5
Policy_B_ConfidenceGated,4,141,0,0,0.9871301054954529,False,True,False,CLASS_0,6.909,4.5
Policy_B_ConfidenceGated,4,142,0,0,0.9960468411445618,False,True,False,CLASS_0,7.468,4.5
Policy_B_ConfidenceGated,4,143,0,0,0.9765909910202026,False,True,False,CLASS_0,6.547,4.5
Policy_B_ConfidenceGated,4,144,0,0,0.9999895095825195,False,True,False,CLASS_0,6.014,4.5
Policy_B_ConfidenceGated,4,145,1,1,0.9999773502349854,False,True,False,CLASS_1,29.542,4.5
Policy_B_ConfidenceGated,4,146,0,0,0.9997288584709167,False,True,False,CLASS_0,8.112,4.5
Policy_B_ConfidenceGated,4,147,1,1,0.9999586343765259,False,True,False,CLASS_1,6.318,4.5
Policy_B_ConfidenceGated,4,148,1,1,0.9998857975006104,False,True,False,CLASS_1,6.983,4.5
Policy_B_ConfidenceGated,4,149,0,0,0.9903846979141235,False,True,False,CLASS_0,5.908,4.5
Policy_B_ConfidenceGated,4,150,0,0,0.9998552799224854,False,True,False,CLASS_0,5.326,4.5
Policy_B_ConfidenceGated,4,151,0,0,0.9997382760047913,False,True,False,CLASS_0,5.25,4.5
Policy_B_ConfidenceGated,4,152,0,0,0.9975288510322571,False,True,False,CLASS_0,5.539,4.5
Policy_B_ConfidenceGated,4,153,1,1,0.9989290833473206,False,True,False,CLASS_1,4.853,4.5
Policy_B_ConfidenceGated,4,154,1,1,0.9880355000495911,False,True,False,CLASS_1,4.867,4.5
Policy_B_ConfidenceGated,4,155,0,0,0.988590657711029,False,True,False,CLASS_0,5.209,4.5
Policy_B_ConfidenceGated,4,156,0,0,0.9992738366127014,False,True,False,CLASS_0,5.092,4.5
Policy_B_ConfidenceGated,4,157,0,0,0.9870647192001343,False,True,False,CLASS_0,5.81,4.5
Policy_B_ConfidenceGated,4,158,1,1,0.9988113641738892,False,True,False,CLASS_1,5.971,4.5
Policy_B_ConfidenceGated,4,159,0,0,0.9977207779884338,False,True,False,CLASS_0,6.775,4.5
Policy_B_ConfidenceGated,4,160,0,0,0.9998316764831543,False,True,False,CLASS_0,6.504,4.5
Policy_C_SharedControl,4,1,1,1,0.999887228012085,False,True,False,SELECT_RIGHT,8.958,4.5
Policy_C_SharedControl,4,2,0,0,0.8035447597503662,True,False,False,ABSTAIN,8.068,4.5
Policy_C_SharedControl,4,3,0,0,0.9974396228790283,False,True,False,SELECT_LEFT,17.07,4.5
Policy_C_SharedControl,4,4,1,1,0.9927880167961121,False,True,False,SELECT_RIGHT,12.443,4.5
Policy_C_SharedControl,4,5,1,1,0.9999055862426758,False,True,False,REACH_FORWARD,7.402,4.5
Policy_C_SharedControl,4,6,0,0,0.9607364535331726,False,True,False,GRASP_OPEN,4.979,4.5
Policy_C_SharedControl,4,7,0,0,0.9817279577255249,False,True,False,GRASP_OPEN,3.882,4.5
Policy_C_SharedControl,4,8,1,1,0.999963641166687,False,True,False,GRASP_CLOSE,3.946,4.5
Policy_C_SharedControl,4,9,1,1,0.9999901056289673,False,True,False,GRASP_CLOSE,3.757,4.5
Policy_C_SharedControl,4,10,1,1,0.9990267753601074,False,True,False,GRASP_CLOSE,3.672,4.5
Policy_C_SharedControl,4,11,1,1,0.9997028708457947,False,True,False,GRASP_CLOSE,3.71,4.5
Policy_C_SharedControl,4,12,0,0,0.9905633926391602,False,True,False,GRASP_OPEN,4.764,4.5
Policy_C_SharedControl,4,13,1,1,0.9825477004051208,False,True,False,GRASP_CLOSE,4.846,4.5
Policy_C_SharedControl,4,14,1,1,0.9987801909446716,False,True,False,GRASP_CLOSE,4.692,4.5
Policy_C_SharedControl,4,15,0,0,0.595206081867218,True,False,False,ABSTAIN,4.723,4.5
Policy_C_SharedControl,4,16,1,1,0.9952474236488342,False,True,False,GRASP_CLOSE,4.844,4.5
Policy_C_SharedControl,4,17,0,0,0.9648666977882385,False,True,False,GRASP_OPEN,5.233,4.5
Policy_C_SharedControl,4,18,1,1,0.9992801547050476,False,True,False,GRASP_CLOSE,5.251,4.5
Policy_C_SharedControl,4,19,1,1,0.9999889135360718,False,True,False,GRASP_CLOSE,5.074,4.5
Policy_C_SharedControl,4,20,0,0,0.7977735996246338,True,False,False,ABSTAIN,4.921,4.5
Policy_C_SharedControl,4,21,1,1,0.9955796599388123,False,True,False,GRASP_CLOSE,4.913,4.5
Policy_C_SharedControl,4,22,0,0,0.9967547059059143,False,True,False,GRASP_OPEN,4.973,4.5
Policy_C_SharedControl,4,23,0,1,0.5833544731140137,True,False,False,ABSTAIN,4.901,4.5
Policy_C_SharedControl,4,24,1,1,0.9991626739501953,False,True,False,GRASP_CLOSE,4.952,4.5
Policy_C_SharedControl,4,25,0,0,0.9784713387489319,False,True,False,GRASP_OPEN,4.765,4.5
Policy_C_SharedControl,4,26,1,1,0.8517917394638062,False,True,False,GRASP_CLOSE,4.58,4.5
Policy_C_SharedControl,4,27,0,0,0.9995937943458557,False,True,False,GRASP_OPEN,4.766,4.5
Policy_C_SharedControl,4,28,1,1,0.940534234046936,False,True,False,GRASP_CLOSE,4.74,4.5
Policy_C_SharedControl,4,29,1,1,0.9981414079666138,False,True,False,GRASP_CLOSE,6.206,4.5
Policy_C_SharedControl,4,30,1,1,0.9998469352722168,False,True,False,GRASP_CLOSE,4.963,4.5
Policy_C_SharedControl,4,31,0,0,0.9920807480812073,False,True,False,GRASP_OPEN,5.032,4.5
Policy_C_SharedControl,4,32,0,0,0.9445130825042725,False,True,False,GRASP_OPEN,4.785,4.5
Policy_C_SharedControl,4,33,0,0,0.8924993872642517,False,True,False,GRASP_OPEN,5.023,4.5
Policy_C_SharedControl,4,34,0,0,0.9998500347137451,False,True,False,GRASP_OPEN,5.217,4.5
Policy_C_SharedControl,4,35,0,0,0.9998533725738525,False,True,False,GRASP_OPEN,5.066,4.5
Policy_C_SharedControl,4,36,0,0,0.9937171936035156,False,True,False,GRASP_OPEN,6.73,4.5
Policy_C_SharedControl,4,37,1,1,0.9938218593597412,False,True,False,GRASP_CLOSE,4.948,4.5
Policy_C_SharedControl,4,38,0,0,0.9997860789299011,False,True,False,GRASP_OPEN,5.541,4.5
Policy_C_SharedControl,4,39,1,1,0.9984254837036133,False,True,False,GRASP_CLOSE,6.314,4.5
Policy_C_SharedControl,4,40,0,0,0.9917770624160767,False,True,False,GRASP_OPEN,6.524,4.5
Policy_C_SharedControl,4,41,1,1,0.9996457099914551,False,True,False,GRASP_CLOSE,6.302,4.5
Policy_C_SharedControl,4,42,0,0,0.9999626874923706,False,True,False,GRASP_OPEN,5.827,4.5
Policy_C_SharedControl,4,43,0,0,0.7181565165519714,True,False,False,ABSTAIN,7.493,4.5
Policy_C_SharedControl,4,44,1,1,0.9999479055404663,False,True,False,GRASP_CLOSE,7.322,4.5
Policy_C_SharedControl,4,45,1,1,0.9999994039535522,False,True,False,GRASP_CLOSE,6.267,4.5
Policy_C_SharedControl,4,46,0,0,0.999790608882904,False,True,False,GRASP_OPEN,6.012,4.5
Policy_C_SharedControl,4,47,0,0,0.9987185001373291,False,True,False,GRASP_OPEN,6.063,4.5
Policy_C_SharedControl,4,48,1,1,0.9999921321868896,False,True,False,GRASP_CLOSE,6.103,4.5
Policy_C_SharedControl,4,49,1,1,0.9999444484710693,False,True,False,GRASP_CLOSE,6.688,4.5
Policy_C_SharedControl,4,50,0,0,0.9986806511878967,False,True,False,GRASP_OPEN,6.457,4.5
Policy_C_SharedControl,4,51,0,0,0.8021685481071472,True,False,False,ABSTAIN,6.485,4.5
Policy_C_SharedControl,4,52,1,1,0.9997089505195618,False,True,False,GRASP_CLOSE,6.536,4.5
Policy_C_SharedControl,4,53,0,0,0.9818297624588013,False,True,False,GRASP_OPEN,6.683,4.5
Policy_C_SharedControl,4,54,1,1,0.999998927116394,False,True,False,GRASP_CLOSE,6.959,4.5
Policy_C_SharedControl,4,55,1,1,0.990922749042511,False,True,False,GRASP_CLOSE,6.544,4.5
Policy_C_SharedControl,4,56,1,1,0.9996434450149536,False,True,False,GRASP_CLOSE,5.807,4.5
Policy_C_SharedControl,4,57,1,1,0.9999995231628418,False,True,False,GRASP_CLOSE,5.859,4.5
Policy_C_SharedControl,4,58,1,1,0.9999977350234985,False,True,False,GRASP_CLOSE,5.815,4.5
Policy_C_SharedControl,4,59,0,0,0.9997209906578064,False,True,False,GRASP_OPEN,5.648,4.5
Policy_C_SharedControl,4,60,1,1,0.9999189376831055,False,True,False,GRASP_CLOSE,5.705,4.5
Policy_C_SharedControl,4,61,1,1,0.9993552565574646,False,True,False,GRASP_CLOSE,5.821,4.5
Policy_C_SharedControl,4,62,0,0,0.9999271631240845,False,True,False,GRASP_OPEN,5.545,4.5
Policy_C_SharedControl,4,63,0,0,0.9962450861930847,False,True,False,GRASP_OPEN,5.901,4.5
Policy_C_SharedControl,4,64,0,0,0.7800508737564087,True,False,False,ABSTAIN,6.505,4.5
Policy_C_SharedControl,4,65,0,0,0.6185640096664429,True,False,False,ABSTAIN,6.327,4.5
Policy_C_SharedControl,4,66,1,1,0.9995113611221313,False,True,False,GRASP_CLOSE,5.885,4.5
Policy_C_SharedControl,4,67,0,0,0.9996426105499268,False,True,False,GRASP_OPEN,5.629,4.5
Policy_C_SharedControl,4,68,1,1,0.9999967813491821,False,True,False,GRASP_CLOSE,5.53,4.5
Policy_C_SharedControl,4,69,0,0,0.9987492561340332,False,True,False,GRASP_OPEN,5.331,4.5
Policy_C_SharedControl,4,70,0,0,0.9999146461486816,False,True,False,GRASP_OPEN,5.64,4.5
Policy_C_SharedControl,4,71,0,0,0.999629020690918,False,True,False,GRASP_OPEN,5.743,4.5
Policy_C_SharedControl,4,72,1,1,0.9998948574066162,False,True,False,GRASP_CLOSE,6.051,4.5
Policy_C_SharedControl,4,73,1,1,0.9999994039535522,False,True,False,GRASP_CLOSE,7.354,4.5
Policy_C_SharedControl,4,74,0,0,0.9998718500137329,False,True,False,GRASP_OPEN,6.664,4.5
Policy_C_SharedControl,4,75,1,1,0.9999996423721313,False,True,False,GRASP_CLOSE,6.667,4.5
Policy_C_SharedControl,4,76,0,0,0.9923586249351501,False,True,False,GRASP_OPEN,6.447,4.5
Policy_C_SharedControl,4,77,0,0,0.9550879597663879,False,True,False,GRASP_OPEN,6.532,4.5
Policy_C_SharedControl,4,78,1,1,0.9999982118606567,False,True,False,GRASP_CLOSE,6.497,4.5
Policy_C_SharedControl,4,79,0,0,0.9978939890861511,False,True,False,GRASP_OPEN,6.447,4.5
Policy_C_SharedControl,4,80,1,1,0.9999971389770508,False,True,False,GRASP_CLOSE,6.484,4.5
Policy_C_SharedControl,4,81,0,0,0.9999836683273315,False,True,False,GRASP_OPEN,6.488,4.5
Policy_C_SharedControl,4,82,1,1,0.9999622106552124,False,True,False,GRASP_CLOSE,6.444,4.5
Policy_C_SharedControl,4,83,0,0,0.9999827146530151,False,True,False,GRASP_OPEN,6.404,4.5
Policy_C_SharedControl,4,84,1,1,0.9999866485595703,False,True,False,GRASP_CLOSE,6.696,4.5
Policy_C_SharedControl,4,85,1,1,0.9999971389770508,False,True,False,GRASP_CLOSE,7.183,4.5
Policy_C_SharedControl,4,86,0,0,0.9986586570739746,False,True,False,GRASP_OPEN,6.695,4.5
Policy_C_SharedControl,4,87,0,0,0.9995417594909668,False,True,False,GRASP_OPEN,6.601,4.5
Policy_C_SharedControl,4,88,0,0,0.9996030926704407,False,True,False,GRASP_OPEN,7.022,4.5
Policy_C_SharedControl,4,89,0,0,0.9997344613075256,False,True,False,GRASP_OPEN,6.106,4.5
Policy_C_SharedControl,4,90,1,1,0.989686906337738,False,True,False,GRASP_CLOSE,6.42,4.5
Policy_C_SharedControl,4,91,0,0,0.9999690055847168,False,True,False,GRASP_OPEN,7.265,4.5
Policy_C_SharedControl,4,92,1,1,0.9999973773956299,False,True,False,GRASP_CLOSE,6.105,4.5
Policy_C_SharedControl,4,93,0,0,0.9997394680976868,False,True,False,GRASP_OPEN,5.956,4.5
Policy_C_SharedControl,4,94,0,0,0.9997074007987976,False,True,False,GRASP_OPEN,5.906,4.5
Policy_C_SharedControl,4,95,1,1,0.9999387264251709,False,True,False,GRASP_CLOSE,5.98,4.5
Policy_C_SharedControl,4,96,1,1,0.9999841451644897,False,True,False,GRASP_CLOSE,6.068,4.5
Policy_C_SharedControl,4,97,1,1,0.9999996423721313,False,True,False,GRASP_CLOSE,5.393,4.5
Policy_C_SharedControl,4,98,1,1,1.0,False,True,False,GRASP_CLOSE,6.667,4.5
Policy_C_SharedControl,4,99,1,1,0.9999998807907104,False,True,False,GRASP_CLOSE,5.957,4.5
Policy_C_SharedControl,4,100,0,0,0.9989537000656128,False,True,False,GRASP_OPEN,6.0,4.5
Policy_C_SharedControl,4,101,0,0,0.9999879598617554,False,True,False,GRASP_OPEN,5.889,4.5
Policy_C_SharedControl,4,102,1,1,0.9995071887969971,False,True,False,GRASP_CLOSE,6.069,4.5
Policy_C_SharedControl,4,103,1,1,0.9999665021896362,False,True,False,GRASP_CLOSE,5.578,4.5
Policy_C_SharedControl,4,104,0,0,0.9973716735839844,False,True,False,GRASP_OPEN,6.093,4.5
Policy_C_SharedControl,4,105,0,0,0.9987760186195374,False,True,False,GRASP_OPEN,5.459,4.5
Policy_C_SharedControl,4,106,1,1,0.9993471503257751,False,True,False,GRASP_CLOSE,5.065,4.5
Policy_C_SharedControl,4,107,1,1,0.9999954700469971,False,True,False,GRASP_CLOSE,5.264,4.5
Policy_C_SharedControl,4,108,1,1,0.999603807926178,False,True,False,GRASP_CLOSE,5.679,4.5
Policy_C_SharedControl,4,109,1,1,0.999981164932251,False,True,False,GRASP_CLOSE,5.776,4.5
Policy_C_SharedControl,4,110,1,1,0.969115674495697,False,True,False,GRASP_CLOSE,5.65,4.5
Policy_C_SharedControl,4,111,1,1,0.9997707009315491,False,True,False,GRASP_CLOSE,5.852,4.5
Policy_C_SharedControl,4,112,1,1,0.962884783744812,False,True,False,GRASP_CLOSE,5.589,4.5
Policy_C_SharedControl,4,113,1,1,0.9999985694885254,False,True,False,GRASP_CLOSE,5.856,4.5
Policy_C_SharedControl,4,114,0,0,0.999703586101532,False,True,False,GRASP_OPEN,6.561,4.5
Policy_C_SharedControl,4,115,0,0,0.998996913433075,False,True,False,GRASP_OPEN,6.574,4.5
Policy_C_SharedControl,4,116,0,0,0.9988295435905457,False,True,False,GRASP_OPEN,5.699,4.5
Policy_C_SharedControl,4,117,0,0,0.9993995428085327,False,True,False,GRASP_OPEN,5.86,4.5
Policy_C_SharedControl,4,118,0,0,0.9537378549575806,False,True,False,GRASP_OPEN,5.888,4.5
Policy_C_SharedControl,4,119,0,0,0.9997337460517883,False,True,False,GRASP_OPEN,7.181,4.5
Policy_C_SharedControl,4,120,0,0,0.9971415400505066,False,True,False,GRASP_OPEN,6.567,4.5
Policy_C_SharedControl,4,121,0,0,0.9970724582672119,False,True,False,GRASP_OPEN,5.529,4.5
Policy_C_SharedControl,4,122,0,0,0.9979440569877625,False,True,False,GRASP_OPEN,5.831,4.5
Policy_C_SharedControl,4,123,1,1,0.9977421760559082,False,True,False,GRASP_CLOSE,5.743,4.5
Policy_C_SharedControl,4,124,1,1,0.9996873140335083,False,True,False,GRASP_CLOSE,5.913,4.5
Policy_C_SharedControl,4,125,1,1,0.9991933703422546,False,True,False,GRASP_CLOSE,5.631,4.5
Policy_C_SharedControl,4,126,1,1,0.9994440674781799,False,True,False,GRASP_CLOSE,5.517,4.5
Policy_C_SharedControl,4,127,1,1,0.99944669008255,False,True,False,GRASP_CLOSE,5.516,4.5
Policy_C_SharedControl,4,128,1,1,0.9999997615814209,False,True,False,GRASP_CLOSE,6.406,4.5
Policy_C_SharedControl,4,129,0,0,0.9965032339096069,False,True,False,GRASP_OPEN,6.649,4.5
Policy_C_SharedControl,4,130,1,1,0.9995715022087097,False,True,False,GRASP_CLOSE,6.653,4.5
Policy_C_SharedControl,4,131,1,1,0.9957453608512878,False,True,False,GRASP_CLOSE,5.781,4.5
Policy_C_SharedControl,4,132,1,1,0.9999469518661499,False,True,False,GRASP_CLOSE,5.604,4.5
Policy_C_SharedControl,4,133,1,1,0.999992847442627,False,True,False,GRASP_CLOSE,5.727,4.5
Policy_C_SharedControl,4,134,1,1,0.5139850974082947,True,False,False,ABSTAIN,6.321,4.5
Policy_C_SharedControl,4,135,0,0,0.9998288154602051,False,True,False,GRASP_OPEN,5.663,4.5
Policy_C_SharedControl,4,136,0,0,0.999854326248169,False,True,False,GRASP_OPEN,5.713,4.5
Policy_C_SharedControl,4,137,1,1,0.9999706745147705,False,True,False,GRASP_CLOSE,5.647,4.5
Policy_C_SharedControl,4,138,0,0,0.9999936819076538,False,True,False,GRASP_OPEN,6.38,4.5
Policy_C_SharedControl,4,139,1,1,0.993021547794342,False,True,False,GRASP_CLOSE,6.177,4.5
Policy_C_SharedControl,4,140,1,1,0.9752747416496277,False,True,False,GRASP_CLOSE,5.792,4.5
Policy_C_SharedControl,4,141,0,0,0.9871301054954529,False,True,False,GRASP_OPEN,5.663,4.5
Policy_C_SharedControl,4,142,0,0,0.9960468411445618,False,True,False,GRASP_OPEN,5.821,4.5
Policy_C_SharedControl,4,143,0,0,0.9765909910202026,False,True,False,GRASP_OPEN,6.364,4.5
Policy_C_SharedControl,4,144,0,0,0.9999895095825195,False,True,False,GRASP_OPEN,6.918,4.5
Policy_C_SharedControl,4,145,1,1,0.9999773502349854,False,True,False,GRASP_CLOSE,6.416,4.5
Policy_C_SharedControl,4,146,0,0,0.9997288584709167,False,True,False,GRASP_OPEN,6.587,4.5
Policy_C_SharedControl,4,147,1,1,0.9999586343765259,False,True,False,GRASP_CLOSE,6.581,4.5
Policy_C_SharedControl,4,148,1,1,0.9998857975006104,False,True,False,GRASP_CLOSE,6.324,4.5
Policy_C_SharedControl,4,149,0,0,0.9903846979141235,False,True,False,GRASP_OPEN,6.601,4.5
Policy_C_SharedControl,4,150,0,0,0.9998552799224854,False,True,False,GRASP_OPEN,6.399,4.5
Policy_C_SharedControl,4,151,0,0,0.9997382760047913,False,True,False,GRASP_OPEN,6.648,4.5
Policy_C_SharedControl,4,152,0,0,0.9975288510322571,False,True,False,GRASP_OPEN,5.812,4.5
Policy_C_SharedControl,4,153,1,1,0.9989290833473206,False,True,False,GRASP_CLOSE,6.445,4.5
Policy_C_SharedControl,4,154,1,1,0.9880355000495911,False,True,False,GRASP_CLOSE,6.445,4.5
Policy_C_SharedControl,4,155,0,0,0.988590657711029,False,True,False,GRASP_OPEN,6.78,4.5
Policy_C_SharedControl,4,156,0,0,0.9992738366127014,False,True,False,GRASP_OPEN,6.743,4.5
Policy_C_SharedControl,4,157,0,0,0.9870647192001343,False,True,False,GRASP_OPEN,6.773,4.5
Policy_C_SharedControl,4,158,1,1,0.9988113641738892,False,True,False,GRASP_CLOSE,5.707,4.5
Policy_C_SharedControl,4,159,0,0,0.9977207779884338,False,True,False,GRASP_OPEN,6.328,4.5
Policy_C_SharedControl,4,160,0,0,0.9998316764831543,False,True,False,GRASP_OPEN,5.711,4.5
Policy_A_Direct,5,1,0,0,0.8792570233345032,False,True,False,CLASS_0,5.112,4.5
Policy_A_Direct,5,2,1,1,0.5005766749382019,False,True,False,CLASS_1,1.71,4.5
Policy_A_Direct,5,3,0,0,0.9193674325942993,False,True,False,CLASS_0,1.701,4.5
Policy_A_Direct,5,4,1,0,0.5894602537155151,False,False,True,CLASS_0,1.686,4.5
Policy_A_Direct,5,5,1,1,0.581393301486969,False,True,False,CLASS_1,1.694,4.5
Policy_A_Direct,5,6,0,0,0.9964020252227783,False,True,False,CLASS_0,1.673,4.5
Policy_A_Direct,5,7,0,0,0.9197545051574707,False,True,False,CLASS_0,1.68,4.5
Policy_A_Direct,5,8,0,1,0.7625380754470825,False,False,True,CLASS_1,1.668,4.5
Policy_A_Direct,5,9,0,0,0.90721195936203,False,True,False,CLASS_0,1.667,4.5
Policy_A_Direct,5,10,1,1,0.7870110869407654,False,True,False,CLASS_1,1.723,4.5
Policy_A_Direct,5,11,0,0,0.5431036353111267,False,True,False,CLASS_0,1.662,4.5
Policy_A_Direct,5,12,1,1,0.6930043697357178,False,True,False,CLASS_1,1.674,4.5
Policy_A_Direct,5,13,0,0,0.8896591067314148,False,True,False,CLASS_0,1.673,4.5
Policy_A_Direct,5,14,0,1,0.6805887222290039,False,False,True,CLASS_1,1.703,4.5
Policy_A_Direct,5,15,1,1,0.9166932702064514,False,True,False,CLASS_1,1.652,4.5
Policy_A_Direct,5,16,1,1,0.7462161183357239,False,True,False,CLASS_1,1.661,4.5
Policy_A_Direct,5,17,1,1,0.9683399796485901,False,True,False,CLASS_1,1.651,4.5
Policy_A_Direct,5,18,1,1,0.7704665064811707,False,True,False,CLASS_1,1.642,4.5
Policy_A_Direct,5,19,1,1,0.819878101348877,False,True,False,CLASS_1,1.695,4.5
Policy_A_Direct,5,20,0,0,0.9148479104042053,False,True,False,CLASS_0,1.69,4.5
Policy_A_Direct,5,21,0,1,0.5341663956642151,False,False,True,CLASS_1,1.673,4.5
Policy_A_Direct,5,22,1,1,0.9865245819091797,False,True,False,CLASS_1,1.733,4.5
Policy_A_Direct,5,23,1,0,0.6264201998710632,False,False,True,CLASS_0,1.728,4.5
Policy_A_Direct,5,24,0,1,0.886289119720459,False,False,True,CLASS_1,1.729,4.5
Policy_A_Direct,5,25,0,1,0.7646175622940063,False,False,True,CLASS_1,1.714,4.5
Policy_A_Direct,5,26,1,1,0.8904882073402405,False,True,False,CLASS_1,1.777,4.5
Policy_A_Direct,5,27,1,1,0.7513524889945984,False,True,False,CLASS_1,1.711,4.5
Policy_A_Direct,5,28,1,1,0.7009199261665344,False,True,False,CLASS_1,1.768,4.5
Policy_A_Direct,5,29,1,1,0.6175639033317566,False,True,False,CLASS_1,1.837,4.5
Policy_A_Direct,5,30,1,1,0.7340934872627258,False,True,False,CLASS_1,1.751,4.5
Policy_A_Direct,5,31,1,1,0.7323075532913208,False,True,False,CLASS_1,1.672,4.5
Policy_A_Direct,5,32,1,1,0.977489173412323,False,True,False,CLASS_1,1.745,4.5
Policy_A_Direct,5,33,1,1,0.8822921514511108,False,True,False,CLASS_1,1.753,4.5
Policy_A_Direct,5,34,0,0,0.8397654891014099,False,True,False,CLASS_0,1.774,4.5
Policy_A_Direct,5,35,0,0,0.6221336126327515,False,True,False,CLASS_0,1.664,4.5
Policy_A_Direct,5,36,0,0,0.7889804840087891,False,True,False,CLASS_0,1.776,4.5
Policy_A_Direct,5,37,0,1,0.9174599647521973,False,False,True,CLASS_1,1.691,4.5
Policy_A_Direct,5,38,0,0,0.9350602626800537,False,True,False,CLASS_0,1.691,4.5
Policy_A_Direct,5,39,0,0,0.8383545875549316,False,True,False,CLASS_0,1.748,4.5
Policy_A_Direct,5,40,0,1,0.569504976272583,False,False,True,CLASS_1,1.766,4.5
Policy_A_Direct,5,41,0,0,0.9707483053207397,False,True,False,CLASS_0,1.705,4.5
Policy_A_Direct,5,42,0,0,0.6624612808227539,False,True,False,CLASS_0,1.682,4.5
Policy_A_Direct,5,43,1,1,0.7732149362564087,False,True,False,CLASS_1,1.653,4.5
Policy_A_Direct,5,44,1,1,0.9250959157943726,False,True,False,CLASS_1,1.676,4.5
Policy_A_Direct,5,45,1,1,0.8352256417274475,False,True,False,CLASS_1,1.63,4.5
Policy_A_Direct,5,46,1,1,0.9193693399429321,False,True,False,CLASS_1,1.715,4.5
Policy_A_Direct,5,47,1,1,0.5693613290786743,False,True,False,CLASS_1,1.681,4.5
Policy_A_Direct,5,48,1,1,0.9433659315109253,False,True,False,CLASS_1,1.655,4.5
Policy_A_Direct,5,49,0,0,0.6624763607978821,False,True,False,CLASS_0,1.744,4.5
Policy_A_Direct,5,50,1,1,0.7894161939620972,False,True,False,CLASS_1,1.774,4.5
Policy_A_Direct,5,51,1,1,0.7910389304161072,False,True,False,CLASS_1,1.781,4.5
Policy_A_Direct,5,52,1,1,0.7501052021980286,False,True,False,CLASS_1,1.761,4.5
Policy_A_Direct,5,53,1,1,0.710952639579773,False,True,False,CLASS_1,1.788,4.5
Policy_A_Direct,5,54,1,1,0.8774130344390869,False,True,False,CLASS_1,1.749,4.5
Policy_A_Direct,5,55,0,0,0.8238360285758972,False,True,False,CLASS_0,1.791,4.5
Policy_A_Direct,5,56,0,0,0.9591909050941467,False,True,False,CLASS_0,1.693,4.5
Policy_A_Direct,5,57,1,1,0.9766435027122498,False,True,False,CLASS_1,1.777,4.5
Policy_A_Direct,5,58,0,0,0.9658665657043457,False,True,False,CLASS_0,1.819,4.5
Policy_A_Direct,5,59,1,1,0.6758310198783875,False,True,False,CLASS_1,1.869,4.5
Policy_A_Direct,5,60,1,1,0.9238488078117371,False,True,False,CLASS_1,1.846,4.5
Policy_A_Direct,5,61,0,0,0.8804023265838623,False,True,False,CLASS_0,1.843,4.5
Policy_A_Direct,5,62,0,1,0.534081220626831,False,False,True,CLASS_1,1.833,4.5
Policy_A_Direct,5,63,0,0,0.7812383770942688,False,True,False,CLASS_0,1.829,4.5
Policy_A_Direct,5,64,0,0,0.9223851561546326,False,True,False,CLASS_0,1.823,4.5
Policy_A_Direct,5,65,1,1,0.7719154357910156,False,True,False,CLASS_1,1.837,4.5
Policy_A_Direct,5,66,0,0,0.8001523017883301,False,True,False,CLASS_0,1.897,4.5
Policy_A_Direct,5,67,1,1,0.9262712597846985,False,True,False,CLASS_1,1.853,4.5
Policy_A_Direct,5,68,1,0,0.8532603979110718,False,False,True,CLASS_0,1.919,4.5
Policy_A_Direct,5,69,0,0,0.6734662055969238,False,True,False,CLASS_0,1.947,4.5
Policy_A_Direct,5,70,0,0,0.7285829782485962,False,True,False,CLASS_0,1.944,4.5
Policy_A_Direct,5,71,0,0,0.8950852155685425,False,True,False,CLASS_0,1.963,4.5
Policy_A_Direct,5,72,0,0,0.5636401772499084,False,True,False,CLASS_0,1.904,4.5
Policy_A_Direct,5,73,1,1,0.8846360445022583,False,True,False,CLASS_1,1.935,4.5
Policy_A_Direct,5,74,1,1,0.9953513145446777,False,True,False,CLASS_1,1.986,4.5
Policy_A_Direct,5,75,0,0,0.9359704256057739,False,True,False,CLASS_0,2.022,4.5
Policy_A_Direct,5,76,0,0,0.9317301511764526,False,True,False,CLASS_0,2.04,4.5
Policy_A_Direct,5,77,0,0,0.8779959082603455,False,True,False,CLASS_0,1.962,4.5
Policy_A_Direct,5,78,1,1,0.9675192832946777,False,True,False,CLASS_1,1.99,4.5
Policy_A_Direct,5,79,0,0,0.6441332697868347,False,True,False,CLASS_0,2.018,4.5
Policy_A_Direct,5,80,0,0,0.6051322817802429,False,True,False,CLASS_0,2.002,4.5
Policy_A_Direct,5,81,1,1,0.7774996161460876,False,True,False,CLASS_1,1.993,4.5
Policy_A_Direct,5,82,1,1,0.8495063185691833,False,True,False,CLASS_1,2.07,4.5
Policy_A_Direct,5,83,1,1,0.5375187993049622,False,True,False,CLASS_1,2.125,4.5
Policy_A_Direct,5,84,0,0,0.9948421120643616,False,True,False,CLASS_0,2.13,4.5
Policy_A_Direct,5,85,0,1,0.9771105051040649,False,False,True,CLASS_1,2.13,4.5
Policy_A_Direct,5,86,1,1,0.602580726146698,False,True,False,CLASS_1,2.074,4.5
Policy_A_Direct,5,87,1,1,0.8635702133178711,False,True,False,CLASS_1,2.061,4.5
Policy_A_Direct,5,88,0,0,0.9729782938957214,False,True,False,CLASS_0,2.058,4.5
Policy_A_Direct,5,89,0,0,0.6470614075660706,False,True,False,CLASS_0,2.401,4.5
Policy_A_Direct,5,90,1,1,0.8135271072387695,False,True,False,CLASS_1,3.594,4.5
Policy_A_Direct,5,91,0,0,0.6541591286659241,False,True,False,CLASS_0,2.704,4.5
Policy_A_Direct,5,92,0,0,0.9815042614936829,False,True,False,CLASS_0,2.676,4.5
Policy_A_Direct,5,93,0,0,0.7873826622962952,False,True,False,CLASS_0,2.668,4.5
Policy_A_Direct,5,94,1,1,0.9148920774459839,False,True,False,CLASS_1,2.812,4.5
Policy_A_Direct,5,95,0,0,0.9463437795639038,False,True,False,CLASS_0,3.613,4.5
Policy_A_Direct,5,96,1,1,0.8066361546516418,False,True,False,CLASS_1,3.191,4.5
Policy_A_Direct,5,97,0,0,0.9290769696235657,False,True,False,CLASS_0,3.008,4.5
Policy_A_Direct,5,98,0,0,0.6210368275642395,False,True,False,CLASS_0,2.868,4.5
Policy_A_Direct,5,99,1,1,0.6647076606750488,False,True,False,CLASS_1,2.967,4.5
Policy_A_Direct,5,100,0,0,0.8094463348388672,False,True,False,CLASS_0,4.534,4.5
Policy_A_Direct,5,101,1,1,0.9115005731582642,False,True,False,CLASS_1,3.473,4.5
Policy_A_Direct,5,102,0,0,0.5247241258621216,False,True,False,CLASS_0,3.414,4.5
Policy_A_Direct,5,103,1,1,0.5910435318946838,False,True,False,CLASS_1,3.287,4.5
Policy_A_Direct,5,104,0,0,0.9215123653411865,False,True,False,CLASS_0,3.02,4.5
Policy_A_Direct,5,105,1,1,0.9348430037498474,False,True,False,CLASS_1,2.921,4.5
Policy_A_Direct,5,106,0,0,0.9527884721755981,False,True,False,CLASS_0,2.911,4.5
Policy_A_Direct,5,107,1,1,0.6750056147575378,False,True,False,CLASS_1,2.834,4.5
Policy_A_Direct,5,108,0,0,0.9908979535102844,False,True,False,CLASS_0,2.834,4.5
Policy_A_Direct,5,109,1,1,0.8333320617675781,False,True,False,CLASS_1,2.791,4.5
Policy_A_Direct,5,110,0,0,0.8224758505821228,False,True,False,CLASS_0,2.945,4.5
Policy_A_Direct,5,111,1,1,0.9717631936073303,False,True,False,CLASS_1,2.842,4.5
Policy_A_Direct,5,112,1,1,0.8759313821792603,False,True,False,CLASS_1,2.8,4.5
Policy_A_Direct,5,113,0,0,0.6303302049636841,False,True,False,CLASS_0,2.89,4.5
Policy_A_Direct,5,114,0,0,0.9058619737625122,False,True,False,CLASS_0,3.465,4.5
Policy_A_Direct,5,115,1,1,0.9764673113822937,False,True,False,CLASS_1,3.168,4.5
Policy_A_Direct,5,116,0,0,0.9681417942047119,False,True,False,CLASS_0,2.752,4.5
Policy_A_Direct,5,117,1,1,0.8543559312820435,False,True,False,CLASS_1,2.549,4.5
Policy_A_Direct,5,118,0,0,0.8443026542663574,False,True,False,CLASS_0,2.683,4.5
Policy_A_Direct,5,119,1,0,0.9802467823028564,False,False,True,CLASS_0,2.565,4.5
Policy_A_Direct,5,120,1,1,0.9823028445243835,False,True,False,CLASS_1,2.573,4.5
Policy_A_Direct,5,121,0,1,0.6794544458389282,False,False,True,CLASS_1,2.711,4.5
Policy_A_Direct,5,122,1,1,0.7670034766197205,False,True,False,CLASS_1,2.718,4.5
Policy_A_Direct,5,123,1,1,0.7574179172515869,False,True,False,CLASS_1,2.739,4.5
Policy_A_Direct,5,124,1,1,0.97484290599823,False,True,False,CLASS_1,2.688,4.5
Policy_A_Direct,5,125,1,1,0.7361302375793457,False,True,False,CLASS_1,2.744,4.5
Policy_A_Direct,5,126,1,1,0.677112340927124,False,True,False,CLASS_1,2.681,4.5
Policy_A_Direct,5,127,0,0,0.8769352436065674,False,True,False,CLASS_0,2.738,4.5
Policy_A_Direct,5,128,1,1,0.8379287123680115,False,True,False,CLASS_1,2.778,4.5
Policy_A_Direct,5,129,1,0,0.8320617079734802,False,False,True,CLASS_0,2.733,4.5
Policy_A_Direct,5,130,1,1,0.7659258246421814,False,True,False,CLASS_1,2.773,4.5
Policy_A_Direct,5,131,0,0,0.9796247482299805,False,True,False,CLASS_0,2.762,4.5
Policy_A_Direct,5,132,1,1,0.8227344751358032,False,True,False,CLASS_1,2.735,4.5
Policy_A_Direct,5,133,0,0,0.7332943677902222,False,True,False,CLASS_0,2.603,4.5
Policy_A_Direct,5,134,1,1,0.9343348741531372,False,True,False,CLASS_1,2.633,4.5
Policy_A_Direct,5,135,1,1,0.5890633463859558,False,True,False,CLASS_1,2.699,4.5
Policy_A_Direct,5,136,0,0,0.9615117311477661,False,True,False,CLASS_0,2.702,4.5
Policy_A_Direct,5,137,0,0,0.8333748579025269,False,True,False,CLASS_0,2.748,4.5
Policy_A_Direct,5,138,1,1,0.9944936633110046,False,True,False,CLASS_1,2.84,4.5
Policy_A_Direct,5,139,0,0,0.9671090245246887,False,True,False,CLASS_0,2.653,4.5
Policy_A_Direct,5,140,0,1,0.7034798860549927,False,False,True,CLASS_1,2.798,4.5
Policy_A_Direct,5,141,1,1,0.957253634929657,False,True,False,CLASS_1,2.676,4.5
Policy_A_Direct,5,142,1,0,0.7048056721687317,False,False,True,CLASS_0,2.819,4.5
Policy_A_Direct,5,143,0,0,0.9459463953971863,False,True,False,CLASS_0,2.745,4.5
Policy_A_Direct,5,144,1,1,0.892946183681488,False,True,False,CLASS_1,2.746,4.5
Policy_A_Direct,5,145,0,0,0.9405490159988403,False,True,False,CLASS_0,2.644,4.5
Policy_A_Direct,5,146,1,1,0.5759978294372559,False,True,False,CLASS_1,2.78,4.5
Policy_A_Direct,5,147,1,1,0.8282910585403442,False,True,False,CLASS_1,2.738,4.5
Policy_A_Direct,5,148,0,1,0.6983081102371216,False,False,True,CLASS_1,2.717,4.5
Policy_A_Direct,5,149,0,0,0.6692923903465271,False,True,False,CLASS_0,2.655,4.5
Policy_A_Direct,5,150,1,1,0.7348790168762207,False,True,False,CLASS_1,2.81,4.5
Policy_A_Direct,5,151,0,1,0.5279718041419983,False,False,True,CLASS_1,2.703,4.5
Policy_A_Direct,5,152,1,1,0.908154308795929,False,True,False,CLASS_1,2.642,4.5
Policy_A_Direct,5,153,0,0,0.6371890306472778,False,True,False,CLASS_0,2.771,4.5
Policy_A_Direct,5,154,0,0,0.978693962097168,False,True,False,CLASS_0,2.677,4.5
Policy_A_Direct,5,155,0,0,0.7572453618049622,False,True,False,CLASS_0,2.703,4.5
Policy_A_Direct,5,156,0,0,0.904151201248169,False,True,False,CLASS_0,2.635,4.5
Policy_A_Direct,5,157,0,0,0.9516324996948242,False,True,False,CLASS_0,2.742,4.5
Policy_A_Direct,5,158,0,1,0.5837658047676086,False,False,True,CLASS_1,2.815,4.5
Policy_A_Direct,5,159,1,1,0.9256566762924194,False,True,False,CLASS_1,3.098,4.5
Policy_A_Direct,5,160,0,0,0.886702299118042,False,True,False,CLASS_0,2.822,4.5
Policy_B_ConfidenceGated,5,1,0,0,0.8792570233345032,False,True,False,CLASS_0,3.479,4.5
Policy_B_ConfidenceGated,5,2,1,1,0.5005766749382019,True,False,False,ABSTAIN,2.902,4.5
Policy_B_ConfidenceGated,5,3,0,0,0.9193674325942993,False,True,False,CLASS_0,2.91,4.5
Policy_B_ConfidenceGated,5,4,1,0,0.5894602537155151,True,False,False,ABSTAIN,2.845,4.5
Policy_B_ConfidenceGated,5,5,1,1,0.581393301486969,True,False,False,ABSTAIN,2.985,4.5
Policy_B_ConfidenceGated,5,6,0,0,0.9964020252227783,False,True,False,CLASS_0,2.862,4.5
Policy_B_ConfidenceGated,5,7,0,0,0.9197545051574707,False,True,False,CLASS_0,2.825,4.5
Policy_B_ConfidenceGated,5,8,0,1,0.7625380754470825,True,False,False,ABSTAIN,2.999,4.5
Policy_B_ConfidenceGated,5,9,0,0,0.90721195936203,False,True,False,CLASS_0,2.849,4.5
Policy_B_ConfidenceGated,5,10,1,1,0.7870110869407654,True,False,False,ABSTAIN,2.784,4.5
Policy_B_ConfidenceGated,5,11,0,0,0.5431036353111267,True,False,False,ABSTAIN,2.835,4.5
Policy_B_ConfidenceGated,5,12,1,1,0.6930043697357178,True,False,False,ABSTAIN,2.823,4.5
Policy_B_ConfidenceGated,5,13,0,0,0.8896591067314148,False,True,False,CLASS_0,2.804,4.5
Policy_B_ConfidenceGated,5,14,0,1,0.6805887222290039,True,False,False,ABSTAIN,2.89,4.5
Policy_B_ConfidenceGated,5,15,1,1,0.9166932702064514,False,True,False,CLASS_1,2.872,4.5
Policy_B_ConfidenceGated,5,16,1,1,0.7462161183357239,True,False,False,ABSTAIN,2.875,4.5
Policy_B_ConfidenceGated,5,17,1,1,0.9683399796485901,False,True,False,CLASS_1,3.005,4.5
Policy_B_ConfidenceGated,5,18,1,1,0.7704665064811707,True,False,False,ABSTAIN,3.041,4.5
Policy_B_ConfidenceGated,5,19,1,1,0.819878101348877,True,False,False,ABSTAIN,2.912,4.5
Policy_B_ConfidenceGated,5,20,0,0,0.9148479104042053,False,True,False,CLASS_0,2.883,4.5
Policy_B_ConfidenceGated,5,21,0,1,0.5341663956642151,True,False,False,ABSTAIN,2.885,4.5
Policy_B_ConfidenceGated,5,22,1,1,0.9865245819091797,False,True,False,CLASS_1,2.81,4.5
Policy_B_ConfidenceGated,5,23,1,0,0.6264201998710632,True,False,False,ABSTAIN,2.866,4.5
Policy_B_ConfidenceGated,5,24,0,1,0.886289119720459,False,False,True,CLASS_1,2.772,4.5
Policy_B_ConfidenceGated,5,25,0,1,0.7646175622940063,True,False,False,ABSTAIN,2.731,4.5
Policy_B_ConfidenceGated,5,26,1,1,0.8904882073402405,False,True,False,CLASS_1,2.75,4.5
Policy_B_ConfidenceGated,5,27,1,1,0.7513524889945984,True,False,False,ABSTAIN,2.784,4.5
Policy_B_ConfidenceGated,5,28,1,1,0.7009199261665344,True,False,False,ABSTAIN,2.636,4.5
Policy_B_ConfidenceGated,5,29,1,1,0.6175639033317566,True,False,False,ABSTAIN,2.814,4.5
Policy_B_ConfidenceGated,5,30,1,1,0.7340934872627258,True,False,False,ABSTAIN,2.7,4.5
Policy_B_ConfidenceGated,5,31,1,1,0.7323075532913208,True,False,False,ABSTAIN,2.671,4.5
Policy_B_ConfidenceGated,5,32,1,1,0.977489173412323,False,True,False,CLASS_1,2.711,4.5
Policy_B_ConfidenceGated,5,33,1,1,0.8822921514511108,False,True,False,CLASS_1,2.742,4.5
Policy_B_ConfidenceGated,5,34,0,0,0.8397654891014099,False,True,False,CLASS_0,2.802,4.5
Policy_B_ConfidenceGated,5,35,0,0,0.6221336126327515,True,False,False,ABSTAIN,2.727,4.5
Policy_B_ConfidenceGated,5,36,0,0,0.7889804840087891,True,False,False,ABSTAIN,2.689,4.5
Policy_B_ConfidenceGated,5,37,0,1,0.9174599647521973,False,False,True,CLASS_1,2.677,4.5
Policy_B_ConfidenceGated,5,38,0,0,0.9350602626800537,False,True,False,CLASS_0,2.709,4.5
Policy_B_ConfidenceGated,5,39,0,0,0.8383545875549316,False,True,False,CLASS_0,2.687,4.5
Policy_B_ConfidenceGated,5,40,0,1,0.569504976272583,True,False,False,ABSTAIN,2.813,4.5
Policy_B_ConfidenceGated,5,41,0,0,0.9707483053207397,False,True,False,CLASS_0,2.861,4.5
Policy_B_ConfidenceGated,5,42,0,0,0.6624612808227539,True,False,False,ABSTAIN,2.931,4.5
Policy_B_ConfidenceGated,5,43,1,1,0.7732149362564087,True,False,False,ABSTAIN,2.737,4.5
Policy_B_ConfidenceGated,5,44,1,1,0.9250959157943726,False,True,False,CLASS_1,2.772,4.5
Policy_B_ConfidenceGated,5,45,1,1,0.8352256417274475,False,True,False,CLASS_1,2.703,4.5
Policy_B_ConfidenceGated,5,46,1,1,0.9193693399429321,False,True,False,CLASS_1,2.843,4.5
Policy_B_ConfidenceGated,5,47,1,1,0.5693613290786743,True,False,False,ABSTAIN,2.628,4.5
Policy_B_ConfidenceGated,5,48,1,1,0.9433659315109253,False,True,False,CLASS_1,2.68,4.5
Policy_B_ConfidenceGated,5,49,0,0,0.6624763607978821,True,False,False,ABSTAIN,2.701,4.5
Policy_B_ConfidenceGated,5,50,1,1,0.7894161939620972,True,False,False,ABSTAIN,2.638,4.5
Policy_B_ConfidenceGated,5,51,1,1,0.7910389304161072,True,False,False,ABSTAIN,2.755,4.5
Policy_B_ConfidenceGated,5,52,1,1,0.7501052021980286,True,False,False,ABSTAIN,2.6,4.5
Policy_B_ConfidenceGated,5,53,1,1,0.710952639579773,True,False,False,ABSTAIN,2.716,4.5
Policy_B_ConfidenceGated,5,54,1,1,0.8774130344390869,False,True,False,CLASS_1,2.769,4.5
Policy_B_ConfidenceGated,5,55,0,0,0.8238360285758972,True,False,False,ABSTAIN,2.703,4.5
Policy_B_ConfidenceGated,5,56,0,0,0.9591909050941467,False,True,False,CLASS_0,2.986,4.5
Policy_B_ConfidenceGated,5,57,1,1,0.9766435027122498,False,True,False,CLASS_1,2.669,4.5
Policy_B_ConfidenceGated,5,58,0,0,0.9658665657043457,False,True,False,CLASS_0,2.613,4.5
Policy_B_ConfidenceGated,5,59,1,1,0.6758310198783875,True,False,False,ABSTAIN,2.805,4.5
Policy_B_ConfidenceGated,5,60,1,1,0.9238488078117371,False,True,False,CLASS_1,2.812,4.5
Policy_B_ConfidenceGated,5,61,0,0,0.8804023265838623,False,True,False,CLASS_0,2.87,4.5
Policy_B_ConfidenceGated,5,62,0,1,0.534081220626831,True,False,False,ABSTAIN,2.841,4.5
Policy_B_ConfidenceGated,5,63,0,0,0.7812383770942688,True,False,False,ABSTAIN,2.827,4.5
Policy_B_ConfidenceGated,5,64,0,0,0.9223851561546326,False,True,False,CLASS_0,2.849,4.5
Policy_B_ConfidenceGated,5,65,1,1,0.7719154357910156,True,False,False,ABSTAIN,2.812,4.5
Policy_B_ConfidenceGated,5,66,0,0,0.8001523017883301,True,False,False,ABSTAIN,2.802,4.5
Policy_B_ConfidenceGated,5,67,1,1,0.9262712597846985,False,True,False,CLASS_1,2.778,4.5
Policy_B_ConfidenceGated,5,68,1,0,0.8532603979110718,False,False,True,CLASS_0,2.961,4.5
Policy_B_ConfidenceGated,5,69,0,0,0.6734662055969238,True,False,False,ABSTAIN,2.823,4.5
Policy_B_ConfidenceGated,5,70,0,0,0.7285829782485962,True,False,False,ABSTAIN,2.894,4.5
Policy_B_ConfidenceGated,5,71,0,0,0.8950852155685425,False,True,False,CLASS_0,2.765,4.5
Policy_B_ConfidenceGated,5,72,0,0,0.5636401772499084,True,False,False,ABSTAIN,2.809,4.5
Policy_B_ConfidenceGated,5,73,1,1,0.8846360445022583,False,True,False,CLASS_1,2.84,4.5
Policy_B_ConfidenceGated,5,74,1,1,0.9953513145446777,False,True,False,CLASS_1,2.964,4.5
Policy_B_ConfidenceGated,5,75,0,0,0.9359704256057739,False,True,False,CLASS_0,2.875,4.5
Policy_B_ConfidenceGated,5,76,0,0,0.9317301511764526,False,True,False,CLASS_0,2.849,4.5
Policy_B_ConfidenceGated,5,77,0,0,0.8779959082603455,False,True,False,CLASS_0,2.9,4.5
Policy_B_ConfidenceGated,5,78,1,1,0.9675192832946777,False,True,False,CLASS_1,2.794,4.5
Policy_B_ConfidenceGated,5,79,0,0,0.6441332697868347,True,False,False,ABSTAIN,2.915,4.5
Policy_B_ConfidenceGated,5,80,0,0,0.6051322817802429,True,False,False,ABSTAIN,2.907,4.5
Policy_B_ConfidenceGated,5,81,1,1,0.7774996161460876,True,False,False,ABSTAIN,2.901,4.5
Policy_B_ConfidenceGated,5,82,1,1,0.8495063185691833,False,True,False,CLASS_1,2.834,4.5
Policy_B_ConfidenceGated,5,83,1,1,0.5375187993049622,True,False,False,ABSTAIN,2.853,4.5
Policy_B_ConfidenceGated,5,84,0,0,0.9948421120643616,False,True,False,CLASS_0,2.81,4.5
Policy_B_ConfidenceGated,5,85,0,1,0.9771105051040649,False,False,True,CLASS_1,2.857,4.5
Policy_B_ConfidenceGated,5,86,1,1,0.602580726146698,True,False,False,ABSTAIN,2.959,4.5
Policy_B_ConfidenceGated,5,87,1,1,0.8635702133178711,False,True,False,CLASS_1,2.964,4.5
Policy_B_ConfidenceGated,5,88,0,0,0.9729782938957214,False,True,False,CLASS_0,3.07,4.5
Policy_B_ConfidenceGated,5,89,0,0,0.6470614075660706,True,False,False,ABSTAIN,2.911,4.5
Policy_B_ConfidenceGated,5,90,1,1,0.8135271072387695,True,False,False,ABSTAIN,2.964,4.5
Policy_B_ConfidenceGated,5,91,0,0,0.6541591286659241,True,False,False,ABSTAIN,2.986,4.5
Policy_B_ConfidenceGated,5,92,0,0,0.9815042614936829,False,True,False,CLASS_0,2.859,4.5
Policy_B_ConfidenceGated,5,93,0,0,0.7873826622962952,True,False,False,ABSTAIN,2.929,4.5
Policy_B_ConfidenceGated,5,94,1,1,0.9148920774459839,False,True,False,CLASS_1,3.057,4.5
Policy_B_ConfidenceGated,5,95,0,0,0.9463437795639038,False,True,False,CLASS_0,2.972,4.5
Policy_B_ConfidenceGated,5,96,1,1,0.8066361546516418,True,False,False,ABSTAIN,2.918,4.5
Policy_B_ConfidenceGated,5,97,0,0,0.9290769696235657,False,True,False,CLASS_0,3.098,4.5
Policy_B_ConfidenceGated,5,98,0,0,0.6210368275642395,True,False,False,ABSTAIN,2.979,4.5
Policy_B_ConfidenceGated,5,99,1,1,0.6647076606750488,True,False,False,ABSTAIN,3.192,4.5
Policy_B_ConfidenceGated,5,100,0,0,0.8094463348388672,True,False,False,ABSTAIN,3.113,4.5
Policy_B_ConfidenceGated,5,101,1,1,0.9115005731582642,False,True,False,CLASS_1,3.084,4.5
Policy_B_ConfidenceGated,5,102,0,0,0.5247241258621216,True,False,False,ABSTAIN,3.244,4.5
Policy_B_ConfidenceGated,5,103,1,1,0.5910435318946838,True,False,False,ABSTAIN,3.145,4.5
Policy_B_ConfidenceGated,5,104,0,0,0.9215123653411865,False,True,False,CLASS_0,3.329,4.5
Policy_B_ConfidenceGated,5,105,1,1,0.9348430037498474,False,True,False,CLASS_1,3.458,4.5
Policy_B_ConfidenceGated,5,106,0,0,0.9527884721755981,False,True,False,CLASS_0,3.702,4.5
Policy_B_ConfidenceGated,5,107,1,1,0.6750056147575378,True,False,False,ABSTAIN,3.598,4.5
Policy_B_ConfidenceGated,5,108,0,0,0.9908979535102844,False,True,False,CLASS_0,3.088,4.5
Policy_B_ConfidenceGated,5,109,1,1,0.8333320617675781,False,True,False,CLASS_1,3.694,4.5
Policy_B_ConfidenceGated,5,110,0,0,0.8224758505821228,True,False,False,ABSTAIN,4.336,4.5
Policy_B_ConfidenceGated,5,111,1,1,0.9717631936073303,False,True,False,CLASS_1,4.08,4.5
Policy_B_ConfidenceGated,5,112,1,1,0.8759313821792603,False,True,False,CLASS_1,3.931,4.5
Policy_B_ConfidenceGated,5,113,0,0,0.6303302049636841,True,False,False,ABSTAIN,4.158,4.5
Policy_B_ConfidenceGated,5,114,0,0,0.9058619737625122,False,True,False,CLASS_0,3.674,4.5
Policy_B_ConfidenceGated,5,115,1,1,0.9764673113822937,False,True,False,CLASS_1,3.65,4.5
Policy_B_ConfidenceGated,5,116,0,0,0.9681417942047119,False,True,False,CLASS_0,3.725,4.5
Policy_B_ConfidenceGated,5,117,1,1,0.8543559312820435,False,True,False,CLASS_1,3.776,4.5
Policy_B_ConfidenceGated,5,118,0,0,0.8443026542663574,False,True,False,CLASS_0,4.454,4.5
Policy_B_ConfidenceGated,5,119,1,0,0.9802467823028564,False,False,True,CLASS_0,4.237,4.5
Policy_B_ConfidenceGated,5,120,1,1,0.9823028445243835,False,True,False,CLASS_1,5.004,4.5
Policy_B_ConfidenceGated,5,121,0,1,0.6794544458389282,True,False,False,ABSTAIN,5.654,4.5
Policy_B_ConfidenceGated,5,122,1,1,0.7670034766197205,True,False,False,ABSTAIN,5.624,4.5
Policy_B_ConfidenceGated,5,123,1,1,0.7574179172515869,True,False,False,ABSTAIN,5.324,4.5
Policy_B_ConfidenceGated,5,124,1,1,0.97484290599823,False,True,False,CLASS_1,5.65,4.5
Policy_B_ConfidenceGated,5,125,1,1,0.7361302375793457,True,False,False,ABSTAIN,5.545,4.5
Policy_B_ConfidenceGated,5,126,1,1,0.677112340927124,True,False,False,ABSTAIN,5.829,4.5
Policy_B_ConfidenceGated,5,127,0,0,0.8769352436065674,False,True,False,CLASS_0,6.432,4.5
Policy_B_ConfidenceGated,5,128,1,1,0.8379287123680115,False,True,False,CLASS_1,5.501,4.5
Policy_B_ConfidenceGated,5,129,1,0,0.8320617079734802,False,False,True,CLASS_0,5.77,4.5
Policy_B_ConfidenceGated,5,130,1,1,0.7659258246421814,True,False,False,ABSTAIN,5.641,4.5
Policy_B_ConfidenceGated,5,131,0,0,0.9796247482299805,False,True,False,CLASS_0,5.844,4.5
Policy_B_ConfidenceGated,5,132,1,1,0.8227344751358032,True,False,False,ABSTAIN,5.796,4.5
Policy_B_ConfidenceGated,5,133,0,0,0.7332943677902222,True,False,False,ABSTAIN,6.498,4.5
Policy_B_ConfidenceGated,5,134,1,1,0.9343348741531372,False,True,False,CLASS_1,5.718,4.5
Policy_B_ConfidenceGated,5,135,1,1,0.5890633463859558,True,False,False,ABSTAIN,6.281,4.5
Policy_B_ConfidenceGated,5,136,0,0,0.9615117311477661,False,True,False,CLASS_0,6.262,4.5
Policy_B_ConfidenceGated,5,137,0,0,0.8333748579025269,False,True,False,CLASS_0,6.332,4.5
Policy_B_ConfidenceGated,5,138,1,1,0.9944936633110046,False,True,False,CLASS_1,6.168,4.5
Policy_B_ConfidenceGated,5,139,0,0,0.9671090245246887,False,True,False,CLASS_0,5.502,4.5
Policy_B_ConfidenceGated,5,140,0,1,0.7034798860549927,True,False,False,ABSTAIN,6.145,4.5
Policy_B_ConfidenceGated,5,141,1,1,0.957253634929657,False,True,False,CLASS_1,6.588,4.5
Policy_B_ConfidenceGated,5,142,1,0,0.7048056721687317,True,False,False,ABSTAIN,6.233,4.5
Policy_B_ConfidenceGated,5,143,0,0,0.9459463953971863,False,True,False,CLASS_0,6.613,4.5
Policy_B_ConfidenceGated,5,144,1,1,0.892946183681488,False,True,False,CLASS_1,6.272,4.5
Policy_B_ConfidenceGated,5,145,0,0,0.9405490159988403,False,True,False,CLASS_0,6.34,4.5
Policy_B_ConfidenceGated,5,146,1,1,0.5759978294372559,True,False,False,ABSTAIN,5.891,4.5
Policy_B_ConfidenceGated,5,147,1,1,0.8282910585403442,True,False,False,ABSTAIN,6.373,4.5
Policy_B_ConfidenceGated,5,148,0,1,0.6983081102371216,True,False,False,ABSTAIN,5.609,4.5
Policy_B_ConfidenceGated,5,149,0,0,0.6692923903465271,True,False,False,ABSTAIN,5.569,4.5
Policy_B_ConfidenceGated,5,150,1,1,0.7348790168762207,True,False,False,ABSTAIN,5.49,4.5
Policy_B_ConfidenceGated,5,151,0,1,0.5279718041419983,True,False,False,ABSTAIN,6.441,4.5
Policy_B_ConfidenceGated,5,152,1,1,0.908154308795929,False,True,False,CLASS_1,5.589,4.5
Policy_B_ConfidenceGated,5,153,0,0,0.6371890306472778,True,False,False,ABSTAIN,5.59,4.5
Policy_B_ConfidenceGated,5,154,0,0,0.978693962097168,False,True,False,CLASS_0,5.618,4.5
Policy_B_ConfidenceGated,5,155,0,0,0.7572453618049622,True,False,False,ABSTAIN,5.741,4.5
Policy_B_ConfidenceGated,5,156,0,0,0.904151201248169,False,True,False,CLASS_0,6.942,4.5
Policy_B_ConfidenceGated,5,157,0,0,0.9516324996948242,False,True,False,CLASS_0,6.464,4.5
Policy_B_ConfidenceGated,5,158,0,1,0.5837658047676086,True,False,False,ABSTAIN,5.654,4.5
Policy_B_ConfidenceGated,5,159,1,1,0.9256566762924194,False,True,False,CLASS_1,6.409,4.5
Policy_B_ConfidenceGated,5,160,0,0,0.886702299118042,False,True,False,CLASS_0,6.217,4.5
Policy_C_SharedControl,5,1,0,0,0.8792570233345032,False,True,False,SELECT_LEFT,6.992,4.5
Policy_C_SharedControl,5,2,1,1,0.5005766749382019,True,False,False,ABSTAIN,5.713,4.5
Policy_C_SharedControl,5,3,0,0,0.9193674325942993,False,True,False,REACH_FORWARD,5.613,4.5
Policy_C_SharedControl,5,4,1,0,0.5894602537155151,True,False,False,ABSTAIN,6.464,4.5
Policy_C_SharedControl,5,5,1,1,0.581393301486969,True,False,False,ABSTAIN,6.51,4.5
Policy_C_SharedControl,5,6,0,0,0.9964020252227783,False,True,False,GRASP_OPEN,5.761,4.5
Policy_C_SharedControl,5,7,0,0,0.9197545051574707,False,True,False,GRASP_OPEN,5.791,4.5
Policy_C_SharedControl,5,8,0,1,0.7625380754470825,True,False,False,ABSTAIN,35.12,4.5
Policy_C_SharedControl,5,9,0,0,0.90721195936203,False,True,False,GRASP_OPEN,6.346,4.5
Policy_C_SharedControl,5,10,1,1,0.7870110869407654,True,False,False,ABSTAIN,6.345,4.5
Policy_C_SharedControl,5,11,0,0,0.5431036353111267,True,False,False,ABSTAIN,5.544,4.5
Policy_C_SharedControl,5,12,1,1,0.6930043697357178,True,False,False,ABSTAIN,6.405,4.5
Policy_C_SharedControl,5,13,0,0,0.8896591067314148,False,True,False,GRASP_OPEN,5.822,4.5
Policy_C_SharedControl,5,14,0,1,0.6805887222290039,True,False,False,ABSTAIN,5.76,4.5
Policy_C_SharedControl,5,15,1,1,0.9166932702064514,False,True,False,GRASP_CLOSE,5.761,4.5
Policy_C_SharedControl,5,16,1,1,0.7462161183357239,True,False,False,ABSTAIN,6.921,4.5
Policy_C_SharedControl,5,17,1,1,0.9683399796485901,False,True,False,GRASP_CLOSE,5.968,4.5
Policy_C_SharedControl,5,18,1,1,0.7704665064811707,True,False,False,ABSTAIN,5.767,4.5
Policy_C_SharedControl,5,19,1,1,0.819878101348877,True,False,False,ABSTAIN,4.828,4.5
Policy_C_SharedControl,5,20,0,0,0.9148479104042053,False,True,False,GRASP_OPEN,5.119,4.5
Policy_C_SharedControl,5,21,0,1,0.5341663956642151,True,False,False,ABSTAIN,5.332,4.5
Policy_C_SharedControl,5,22,1,1,0.9865245819091797,False,True,False,GRASP_CLOSE,5.294,4.5
Policy_C_SharedControl,5,23,1,0,0.6264201998710632,True,False,False,ABSTAIN,5.31,4.5
Policy_C_SharedControl,5,24,0,1,0.886289119720459,False,False,True,GRASP_CLOSE,5.872,4.5
Policy_C_SharedControl,5,25,0,1,0.7646175622940063,True,False,False,ABSTAIN,5.858,4.5
Policy_C_SharedControl,5,26,1,1,0.8904882073402405,False,True,False,GRASP_CLOSE,5.736,4.5
Policy_C_SharedControl,5,27,1,1,0.7513524889945984,True,False,False,ABSTAIN,6.569,4.5
Policy_C_SharedControl,5,28,1,1,0.7009199261665344,True,False,False,ABSTAIN,6.343,4.5
Policy_C_SharedControl,5,29,1,1,0.6175639033317566,True,False,False,ABSTAIN,6.37,4.5
Policy_C_SharedControl,5,30,1,1,0.7340934872627258,True,False,False,ABSTAIN,6.348,4.5
Policy_C_SharedControl,5,31,1,1,0.7323075532913208,True,False,False,ABSTAIN,6.385,4.5
Policy_C_SharedControl,5,32,1,1,0.977489173412323,False,True,False,GRASP_CLOSE,6.778,4.5
Policy_C_SharedControl,5,33,1,1,0.8822921514511108,False,True,False,GRASP_CLOSE,6.455,4.5
Policy_C_SharedControl,5,34,0,0,0.8397654891014099,False,True,False,GRASP_OPEN,6.485,4.5
Policy_C_SharedControl,5,35,0,0,0.6221336126327515,True,False,False,ABSTAIN,6.489,4.5
Policy_C_SharedControl,5,36,0,0,0.7889804840087891,True,False,False,ABSTAIN,5.564,4.5
Policy_C_SharedControl,5,37,0,1,0.9174599647521973,False,False,True,GRASP_CLOSE,6.272,4.5
Policy_C_SharedControl,5,38,0,0,0.9350602626800537,False,True,False,GRASP_OPEN,6.548,4.5
Policy_C_SharedControl,5,39,0,0,0.8383545875549316,False,True,False,GRASP_OPEN,6.344,4.5
Policy_C_SharedControl,5,40,0,1,0.569504976272583,True,False,False,ABSTAIN,6.782,4.5
Policy_C_SharedControl,5,41,0,0,0.9707483053207397,False,True,False,GRASP_OPEN,6.103,4.5
Policy_C_SharedControl,5,42,0,0,0.6624612808227539,True,False,False,ABSTAIN,5.731,4.5
Policy_C_SharedControl,5,43,1,1,0.7732149362564087,True,False,False,ABSTAIN,6.541,4.5
Policy_C_SharedControl,5,44,1,1,0.9250959157943726,False,True,False,GRASP_CLOSE,6.481,4.5
Policy_C_SharedControl,5,45,1,1,0.8352256417274475,False,True,False,GRASP_CLOSE,6.378,4.5
Policy_C_SharedControl,5,46,1,1,0.9193693399429321,False,True,False,GRASP_CLOSE,5.575,4.5
Policy_C_SharedControl,5,47,1,1,0.5693613290786743,True,False,False,ABSTAIN,5.938,4.5
Policy_C_SharedControl,5,48,1,1,0.9433659315109253,False,True,False,GRASP_CLOSE,5.596,4.5
Policy_C_SharedControl,5,49,0,0,0.6624763607978821,True,False,False,ABSTAIN,5.449,4.5
Policy_C_SharedControl,5,50,1,1,0.7894161939620972,True,False,False,ABSTAIN,5.437,4.5
Policy_C_SharedControl,5,51,1,1,0.7910389304161072,True,False,False,ABSTAIN,5.606,4.5
Policy_C_SharedControl,5,52,1,1,0.7501052021980286,True,False,False,ABSTAIN,6.192,4.5
Policy_C_SharedControl,5,53,1,1,0.710952639579773,True,False,False,ABSTAIN,6.217,4.5
Policy_C_SharedControl,5,54,1,1,0.8774130344390869,False,True,False,GRASP_CLOSE,6.582,4.5
Policy_C_SharedControl,5,55,0,0,0.8238360285758972,True,False,False,ABSTAIN,6.351,4.5
Policy_C_SharedControl,5,56,0,0,0.9591909050941467,False,True,False,GRASP_OPEN,6.51,4.5
Policy_C_SharedControl,5,57,1,1,0.9766435027122498,False,True,False,GRASP_CLOSE,6.786,4.5
Policy_C_SharedControl,5,58,0,0,0.9658665657043457,False,True,False,GRASP_OPEN,6.325,4.5
Policy_C_SharedControl,5,59,1,1,0.6758310198783875,True,False,False,ABSTAIN,6.536,4.5
Policy_C_SharedControl,5,60,1,1,0.9238488078117371,False,True,False,GRASP_CLOSE,6.279,4.5
Policy_C_SharedControl,5,61,0,0,0.8804023265838623,False,True,False,GRASP_OPEN,6.288,4.5
Policy_C_SharedControl,5,62,0,1,0.534081220626831,True,False,False,ABSTAIN,6.419,4.5
Policy_C_SharedControl,5,63,0,0,0.7812383770942688,True,False,False,ABSTAIN,6.45,4.5
Policy_C_SharedControl,5,64,0,0,0.9223851561546326,False,True,False,GRASP_OPEN,6.705,4.5
Policy_C_SharedControl,5,65,1,1,0.7719154357910156,True,False,False,ABSTAIN,6.366,4.5
Policy_C_SharedControl,5,66,0,0,0.8001523017883301,True,False,False,ABSTAIN,6.47,4.5
Policy_C_SharedControl,5,67,1,1,0.9262712597846985,False,True,False,GRASP_CLOSE,6.65,4.5
Policy_C_SharedControl,5,68,1,0,0.8532603979110718,False,False,True,GRASP_OPEN,5.639,4.5
Policy_C_SharedControl,5,69,0,0,0.6734662055969238,True,False,False,ABSTAIN,5.676,4.5
Policy_C_SharedControl,5,70,0,0,0.7285829782485962,True,False,False,ABSTAIN,6.555,4.5
Policy_C_SharedControl,5,71,0,0,0.8950852155685425,False,True,False,GRASP_OPEN,6.561,4.5
Policy_C_SharedControl,5,72,0,0,0.5636401772499084,True,False,False,ABSTAIN,5.687,4.5
Policy_C_SharedControl,5,73,1,1,0.8846360445022583,False,True,False,GRASP_CLOSE,5.565,4.5
Policy_C_SharedControl,5,74,1,1,0.9953513145446777,False,True,False,GRASP_CLOSE,5.615,4.5
Policy_C_SharedControl,5,75,0,0,0.9359704256057739,False,True,False,GRASP_OPEN,5.915,4.5
Policy_C_SharedControl,5,76,0,0,0.9317301511764526,False,True,False,GRASP_OPEN,6.487,4.5
Policy_C_SharedControl,5,77,0,0,0.8779959082603455,False,True,False,GRASP_OPEN,6.286,4.5
Policy_C_SharedControl,5,78,1,1,0.9675192832946777,False,True,False,GRASP_CLOSE,6.302,4.5
Policy_C_SharedControl,5,79,0,0,0.6441332697868347,True,False,False,ABSTAIN,6.378,4.5
Policy_C_SharedControl,5,80,0,0,0.6051322817802429,True,False,False,ABSTAIN,6.578,4.5
Policy_C_SharedControl,5,81,1,1,0.7774996161460876,True,False,False,ABSTAIN,6.308,4.5
Policy_C_SharedControl,5,82,1,1,0.8495063185691833,False,True,False,GRASP_CLOSE,6.252,4.5
Policy_C_SharedControl,5,83,1,1,0.5375187993049622,True,False,False,ABSTAIN,6.343,4.5
Policy_C_SharedControl,5,84,0,0,0.9948421120643616,False,True,False,GRASP_OPEN,6.398,4.5
Policy_C_SharedControl,5,85,0,1,0.9771105051040649,False,False,True,GRASP_CLOSE,6.382,4.5
Policy_C_SharedControl,5,86,1,1,0.602580726146698,True,False,False,ABSTAIN,5.632,4.5
Policy_C_SharedControl,5,87,1,1,0.8635702133178711,False,True,False,GRASP_CLOSE,6.283,4.5
Policy_C_SharedControl,5,88,0,0,0.9729782938957214,False,True,False,GRASP_OPEN,5.622,4.5
Policy_C_SharedControl,5,89,0,0,0.6470614075660706,True,False,False,ABSTAIN,5.728,4.5
Policy_C_SharedControl,5,90,1,1,0.8135271072387695,True,False,False,ABSTAIN,5.526,4.5
Policy_C_SharedControl,5,91,0,0,0.6541591286659241,True,False,False,ABSTAIN,6.037,4.5
Policy_C_SharedControl,5,92,0,0,0.9815042614936829,False,True,False,GRASP_OPEN,5.481,4.5
Policy_C_SharedControl,5,93,0,0,0.7873826622962952,True,False,False,ABSTAIN,5.409,4.5
Policy_C_SharedControl,5,94,1,1,0.9148920774459839,False,True,False,GRASP_CLOSE,5.755,4.5
Policy_C_SharedControl,5,95,0,0,0.9463437795639038,False,True,False,GRASP_OPEN,5.733,4.5
Policy_C_SharedControl,5,96,1,1,0.8066361546516418,True,False,False,ABSTAIN,6.415,4.5
Policy_C_SharedControl,5,97,0,0,0.9290769696235657,False,True,False,GRASP_OPEN,6.423,4.5
Policy_C_SharedControl,5,98,0,0,0.6210368275642395,True,False,False,ABSTAIN,6.47,4.5
Policy_C_SharedControl,5,99,1,1,0.6647076606750488,True,False,False,ABSTAIN,6.367,4.5
Policy_C_SharedControl,5,100,0,0,0.8094463348388672,True,False,False,ABSTAIN,5.684,4.5
Policy_C_SharedControl,5,101,1,1,0.9115005731582642,False,True,False,GRASP_CLOSE,6.169,4.5
Policy_C_SharedControl,5,102,0,0,0.5247241258621216,True,False,False,ABSTAIN,5.57,4.5
Policy_C_SharedControl,5,103,1,1,0.5910435318946838,True,False,False,ABSTAIN,5.544,4.5
Policy_C_SharedControl,5,104,0,0,0.9215123653411865,False,True,False,GRASP_OPEN,6.705,4.5
Policy_C_SharedControl,5,105,1,1,0.9348430037498474,False,True,False,GRASP_CLOSE,6.922,4.5
Policy_C_SharedControl,5,106,0,0,0.9527884721755981,False,True,False,GRASP_OPEN,5.805,4.5
Policy_C_SharedControl,5,107,1,1,0.6750056147575378,True,False,False,ABSTAIN,5.578,4.5
Policy_C_SharedControl,5,108,0,0,0.9908979535102844,False,True,False,GRASP_OPEN,5.562,4.5
Policy_C_SharedControl,5,109,1,1,0.8333320617675781,False,True,False,GRASP_CLOSE,5.643,4.5
Policy_C_SharedControl,5,110,0,0,0.8224758505821228,True,False,False,ABSTAIN,5.62,4.5
Policy_C_SharedControl,5,111,1,1,0.9717631936073303,False,True,False,GRASP_CLOSE,6.322,4.5
Policy_C_SharedControl,5,112,1,1,0.8759313821792603,False,True,False,GRASP_CLOSE,5.749,4.5
Policy_C_SharedControl,5,113,0,0,0.6303302049636841,True,False,False,ABSTAIN,5.661,4.5
Policy_C_SharedControl,5,114,0,0,0.9058619737625122,False,True,False,GRASP_OPEN,5.58,4.5
Policy_C_SharedControl,5,115,1,1,0.9764673113822937,False,True,False,GRASP_CLOSE,6.561,4.5
Policy_C_SharedControl,5,116,0,0,0.9681417942047119,False,True,False,GRASP_OPEN,5.698,4.5
Policy_C_SharedControl,5,117,1,1,0.8543559312820435,False,True,False,GRASP_CLOSE,5.689,4.5
Policy_C_SharedControl,5,118,0,0,0.8443026542663574,False,True,False,GRASP_OPEN,5.558,4.5
Policy_C_SharedControl,5,119,1,0,0.9802467823028564,False,False,True,GRASP_OPEN,6.132,4.5
Policy_C_SharedControl,5,120,1,1,0.9823028445243835,False,True,False,GRASP_CLOSE,6.316,4.5
Policy_C_SharedControl,5,121,0,1,0.6794544458389282,True,False,False,ABSTAIN,6.265,4.5
Policy_C_SharedControl,5,122,1,1,0.7670034766197205,True,False,False,ABSTAIN,5.924,4.5
Policy_C_SharedControl,5,123,1,1,0.7574179172515869,True,False,False,ABSTAIN,6.746,4.5
Policy_C_SharedControl,5,124,1,1,0.97484290599823,False,True,False,GRASP_CLOSE,6.324,4.5
Policy_C_SharedControl,5,125,1,1,0.7361302375793457,True,False,False,ABSTAIN,5.516,4.5
Policy_C_SharedControl,5,126,1,1,0.677112340927124,True,False,False,ABSTAIN,5.498,4.5
Policy_C_SharedControl,5,127,0,0,0.8769352436065674,False,True,False,GRASP_OPEN,5.576,4.5
Policy_C_SharedControl,5,128,1,1,0.8379287123680115,False,True,False,GRASP_CLOSE,6.454,4.5
Policy_C_SharedControl,5,129,1,0,0.8320617079734802,False,False,True,GRASP_OPEN,6.28,4.5
Policy_C_SharedControl,5,130,1,1,0.7659258246421814,True,False,False,ABSTAIN,6.386,4.5
Policy_C_SharedControl,5,131,0,0,0.9796247482299805,False,True,False,GRASP_OPEN,5.724,4.5
Policy_C_SharedControl,5,132,1,1,0.8227344751358032,True,False,False,ABSTAIN,6.147,4.5
Policy_C_SharedControl,5,133,0,0,0.7332943677902222,True,False,False,ABSTAIN,5.758,4.5
Policy_C_SharedControl,5,134,1,1,0.9343348741531372,False,True,False,GRASP_CLOSE,5.527,4.5
Policy_C_SharedControl,5,135,1,1,0.5890633463859558,True,False,False,ABSTAIN,5.592,4.5
Policy_C_SharedControl,5,136,0,0,0.9615117311477661,False,True,False,GRASP_OPEN,6.004,4.5
Policy_C_SharedControl,5,137,0,0,0.8333748579025269,False,True,False,GRASP_OPEN,6.346,4.5
Policy_C_SharedControl,5,138,1,1,0.9944936633110046,False,True,False,GRASP_CLOSE,6.403,4.5
Policy_C_SharedControl,5,139,0,0,0.9671090245246887,False,True,False,GRASP_OPEN,5.51,4.5
Policy_C_SharedControl,5,140,0,1,0.7034798860549927,True,False,False,ABSTAIN,5.723,4.5
Policy_C_SharedControl,5,141,1,1,0.957253634929657,False,True,False,GRASP_CLOSE,6.72,4.5
Policy_C_SharedControl,5,142,1,0,0.7048056721687317,True,False,False,ABSTAIN,6.483,4.5
Policy_C_SharedControl,5,143,0,0,0.9459463953971863,False,True,False,GRASP_OPEN,6.37,4.5
Policy_C_SharedControl,5,144,1,1,0.892946183681488,False,True,False,GRASP_CLOSE,6.482,4.5
Policy_C_SharedControl,5,145,0,0,0.9405490159988403,False,True,False,GRASP_OPEN,6.306,4.5
Policy_C_SharedControl,5,146,1,1,0.5759978294372559,True,False,False,ABSTAIN,5.658,4.5
Policy_C_SharedControl,5,147,1,1,0.8282910585403442,True,False,False,ABSTAIN,6.391,4.5
Policy_C_SharedControl,5,148,0,1,0.6983081102371216,True,False,False,ABSTAIN,6.493,4.5
Policy_C_SharedControl,5,149,0,0,0.6692923903465271,True,False,False,ABSTAIN,6.436,4.5
Policy_C_SharedControl,5,150,1,1,0.7348790168762207,True,False,False,ABSTAIN,6.725,4.5
Policy_C_SharedControl,5,151,0,1,0.5279718041419983,True,False,False,ABSTAIN,6.639,4.5
Policy_C_SharedControl,5,152,1,1,0.908154308795929,False,True,False,GRASP_CLOSE,6.425,4.5
Policy_C_SharedControl,5,153,0,0,0.6371890306472778,True,False,False,ABSTAIN,6.311,4.5
Policy_C_SharedControl,5,154,0,0,0.978693962097168,False,True,False,GRASP_OPEN,6.459,4.5
Policy_C_SharedControl,5,155,0,0,0.7572453618049622,True,False,False,ABSTAIN,6.676,4.5
Policy_C_SharedControl,5,156,0,0,0.904151201248169,False,True,False,GRASP_OPEN,6.237,4.5
Policy_C_SharedControl,5,157,0,0,0.9516324996948242,False,True,False,GRASP_OPEN,5.831,4.5
Policy_C_SharedControl,5,158,0,1,0.5837658047676086,True,False,False,ABSTAIN,6.023,4.5
Policy_C_SharedControl,5,159,1,1,0.9256566762924194,False,True,False,GRASP_CLOSE,5.614,4.5
Policy_C_SharedControl,5,160,0,0,0.886702299118042,False,True,False,GRASP_OPEN,5.756,4.5
Policy_A_Direct,6,1,0,0,0.8778159022331238,False,True,False,CLASS_0,153.836,4.5
Policy_A_Direct,6,2,0,0,0.9613246321678162,False,True,False,CLASS_0,1.886,4.5
Policy_A_Direct,6,3,1,1,0.9539926648139954,False,True,False,CLASS_1,1.796,4.5
Policy_A_Direct,6,4,0,1,0.9964523315429688,False,False,True,CLASS_1,1.808,4.5
Policy_A_Direct,6,5,1,0,0.8374425172805786,False,False,True,CLASS_0,1.782,4.5
Policy_A_Direct,6,6,1,1,0.976917028427124,False,True,False,CLASS_1,1.783,4.5
Policy_A_Direct,6,7,1,1,0.7070909738540649,False,True,False,CLASS_1,1.798,4.5
Policy_A_Direct,6,8,0,1,0.9705129265785217,False,False,True,CLASS_1,1.716,4.5
Policy_A_Direct,6,9,0,0,0.7589439749717712,False,True,False,CLASS_0,1.678,4.5
Policy_A_Direct,6,10,1,1,0.9939329028129578,False,True,False,CLASS_1,1.662,4.5
Policy_A_Direct,6,11,1,1,0.9789037704467773,False,True,False,CLASS_1,1.643,4.5
Policy_A_Direct,6,12,1,1,0.9947710633277893,False,True,False,CLASS_1,1.646,4.5
Policy_A_Direct,6,13,0,1,0.8762937188148499,False,False,True,CLASS_1,1.672,4.5
Policy_A_Direct,6,14,0,1,0.8487418293952942,False,False,True,CLASS_1,1.757,4.5
Policy_A_Direct,6,15,0,0,0.642952024936676,False,True,False,CLASS_0,1.797,4.5
Policy_A_Direct,6,16,0,0,0.8080140352249146,False,True,False,CLASS_0,1.756,4.5
Policy_A_Direct,6,17,1,1,0.9092664122581482,False,True,False,CLASS_1,1.774,4.5
Policy_A_Direct,6,18,1,1,0.9479262828826904,False,True,False,CLASS_1,1.752,4.5
Policy_A_Direct,6,19,1,1,0.9889889359474182,False,True,False,CLASS_1,1.763,4.5
Policy_A_Direct,6,20,0,0,0.5229575037956238,False,True,False,CLASS_0,1.746,4.5
Policy_A_Direct,6,21,1,1,0.9874306917190552,False,True,False,CLASS_1,1.711,4.5
Policy_A_Direct,6,22,0,1,0.6712126731872559,False,False,True,CLASS_1,1.642,4.5
Policy_A_Direct,6,23,0,1,0.587471604347229,False,False,True,CLASS_1,1.708,4.5
Policy_A_Direct,6,24,1,1,0.9748929738998413,False,True,False,CLASS_1,1.696,4.5
Policy_A_Direct,6,25,0,1,0.8852839469909668,False,False,True,CLASS_1,1.751,4.5
Policy_A_Direct,6,26,1,1,0.906117856502533,False,True,False,CLASS_1,1.705,4.5
Policy_A_Direct,6,27,1,1,0.9651293754577637,False,True,False,CLASS_1,1.724,4.5
Policy_A_Direct,6,28,0,1,0.9700499773025513,False,False,True,CLASS_1,1.668,4.5
Policy_A_Direct,6,29,1,1,0.9799332618713379,False,True,False,CLASS_1,1.671,4.5
Policy_A_Direct,6,30,1,1,0.985811710357666,False,True,False,CLASS_1,1.666,4.5
Policy_A_Direct,6,31,0,1,0.6995069980621338,False,False,True,CLASS_1,1.68,4.5
Policy_A_Direct,6,32,0,1,0.576565682888031,False,False,True,CLASS_1,1.691,4.5
Policy_A_Direct,6,33,0,0,0.6969388127326965,False,True,False,CLASS_0,1.678,4.5
Policy_A_Direct,6,34,1,0,0.6164734959602356,False,False,True,CLASS_0,1.676,4.5
Policy_A_Direct,6,35,0,1,0.9872719645500183,False,False,True,CLASS_1,1.659,4.5
Policy_A_Direct,6,36,1,1,0.9984802603721619,False,True,False,CLASS_1,1.666,4.5
Policy_A_Direct,6,37,1,1,0.9792487621307373,False,True,False,CLASS_1,1.658,4.5
Policy_A_Direct,6,38,1,1,0.9342822432518005,False,True,False,CLASS_1,1.652,4.5
Policy_A_Direct,6,39,0,1,0.8283261656761169,False,False,True,CLASS_1,1.651,4.5
Policy_A_Direct,6,40,0,0,0.8433341979980469,False,True,False,CLASS_0,1.658,4.5
Policy_A_Direct,6,41,0,1,0.8111923336982727,False,False,True,CLASS_1,1.667,4.5
Policy_A_Direct,6,42,1,1,0.9883543252944946,False,True,False,CLASS_1,1.665,4.5
Policy_A_Direct,6,43,1,1,0.9537357091903687,False,True,False,CLASS_1,1.644,4.5
Policy_A_Direct,6,44,1,1,0.6770201921463013,False,True,False,CLASS_1,1.645,4.5
Policy_A_Direct,6,45,0,1,0.955828845500946,False,False,True,CLASS_1,1.661,4.5
Policy_A_Direct,6,46,0,0,0.9806133508682251,False,True,False,CLASS_0,1.672,4.5
Policy_A_Direct,6,47,1,0,0.9241666197776794,False,False,True,CLASS_0,1.681,4.5
Policy_A_Direct,6,48,0,1,0.9557440876960754,False,False,True,CLASS_1,1.704,4.5
Policy_A_Direct,6,49,1,1,0.9953891038894653,False,True,False,CLASS_1,1.676,4.5
Policy_A_Direct,6,50,0,1,0.5968350172042847,False,False,True,CLASS_1,1.68,4.5
Policy_A_Direct,6,51,0,1,0.8851369023323059,False,False,True,CLASS_1,1.655,4.5
Policy_A_Direct,6,52,0,0,0.5684741735458374,False,True,False,CLASS_0,1.666,4.5
Policy_A_Direct,6,53,1,0,0.5969940423965454,False,False,True,CLASS_0,1.639,4.5
Policy_A_Direct,6,54,1,1,0.9208309650421143,False,True,False,CLASS_1,1.652,4.5
Policy_A_Direct,6,55,0,0,0.9770132899284363,False,True,False,CLASS_0,1.687,4.5
Policy_A_Direct,6,56,1,1,0.8618237376213074,False,True,False,CLASS_1,1.715,4.5
Policy_A_Direct,6,57,1,1,0.9805200695991516,False,True,False,CLASS_1,1.795,4.5
Policy_A_Direct,6,58,0,1,0.5340867042541504,False,False,True,CLASS_1,1.716,4.5
Policy_A_Direct,6,59,0,1,0.9749727249145508,False,False,True,CLASS_1,1.703,4.5
Policy_A_Direct,6,60,1,1,0.937990128993988,False,True,False,CLASS_1,1.767,4.5
Policy_A_Direct,6,61,0,1,0.8006325960159302,False,False,True,CLASS_1,1.748,4.5
Policy_A_Direct,6,62,0,0,0.8457143902778625,False,True,False,CLASS_0,1.658,4.5
Policy_A_Direct,6,63,1,1,0.9322990775108337,False,True,False,CLASS_1,1.769,4.5
Policy_A_Direct,6,64,0,1,0.8604875206947327,False,False,True,CLASS_1,1.802,4.5
Policy_A_Direct,6,65,1,1,0.9352304935455322,False,True,False,CLASS_1,1.745,4.5
Policy_A_Direct,6,66,1,1,0.5176891088485718,False,True,False,CLASS_1,1.767,4.5
Policy_A_Direct,6,67,1,1,0.9797963500022888,False,True,False,CLASS_1,1.761,4.5
Policy_A_Direct,6,68,0,1,0.974130392074585,False,False,True,CLASS_1,1.78,4.5
Policy_A_Direct,6,69,0,1,0.7796792387962341,False,False,True,CLASS_1,1.791,4.5
Policy_A_Direct,6,70,0,1,0.9812780022621155,False,False,True,CLASS_1,1.785,4.5
Policy_A_Direct,6,71,1,1,0.9090332388877869,False,True,False,CLASS_1,1.735,4.5
Policy_A_Direct,6,72,0,1,0.6968062520027161,False,False,True,CLASS_1,1.834,4.5
Policy_A_Direct,6,73,1,0,0.5803413987159729,False,False,True,CLASS_0,1.808,4.5
Policy_A_Direct,6,74,0,0,0.5833508372306824,False,True,False,CLASS_0,1.836,4.5
Policy_A_Direct,6,75,0,0,0.7783401012420654,False,True,False,CLASS_0,1.83,4.5
Policy_A_Direct,6,76,0,1,0.5349776148796082,False,False,True,CLASS_1,1.812,4.5
Policy_A_Direct,6,77,1,1,0.9728310108184814,False,True,False,CLASS_1,1.8,4.5
Policy_A_Direct,6,78,1,1,0.8239437937736511,False,True,False,CLASS_1,1.849,4.5
Policy_A_Direct,6,79,1,1,0.980583906173706,False,True,False,CLASS_1,1.842,4.5
Policy_A_Direct,6,80,1,1,0.9050049781799316,False,True,False,CLASS_1,1.934,4.5
Policy_A_Direct,6,81,1,1,0.9714736342430115,False,True,False,CLASS_1,1.954,4.5
Policy_A_Direct,6,82,1,1,0.9653743505477905,False,True,False,CLASS_1,1.935,4.5
Policy_A_Direct,6,83,0,1,0.9214068651199341,False,False,True,CLASS_1,1.929,4.5
Policy_A_Direct,6,84,0,0,0.525622546672821,False,True,False,CLASS_0,1.901,4.5
Policy_A_Direct,6,85,1,1,0.7677483558654785,False,True,False,CLASS_1,1.934,4.5
Policy_A_Direct,6,86,1,1,0.8804582953453064,False,True,False,CLASS_1,1.895,4.5
Policy_A_Direct,6,87,0,1,0.6583369374275208,False,False,True,CLASS_1,1.913,4.5
Policy_A_Direct,6,88,0,0,0.9826566576957703,False,True,False,CLASS_0,1.977,4.5
Policy_A_Direct,6,89,0,0,0.6568573117256165,False,True,False,CLASS_0,2.019,4.5
Policy_A_Direct,6,90,0,1,0.5241535305976868,False,False,True,CLASS_1,2.02,4.5
Policy_A_Direct,6,91,0,0,0.6448143720626831,False,True,False,CLASS_0,2.09,4.5
Policy_A_Direct,6,92,0,1,0.9853824377059937,False,False,True,CLASS_1,2.039,4.5
Policy_A_Direct,6,93,1,1,0.8604944944381714,False,True,False,CLASS_1,1.984,4.5
Policy_A_Direct,6,94,1,1,0.9259112477302551,False,True,False,CLASS_1,2.087,4.5
Policy_A_Direct,6,95,0,0,0.5946966409683228,False,True,False,CLASS_0,2.102,4.5
Policy_A_Direct,6,96,0,1,0.7681627869606018,False,False,True,CLASS_1,2.127,4.5
Policy_A_Direct,6,97,1,1,0.994857907295227,False,True,False,CLASS_1,2.127,4.5
Policy_A_Direct,6,98,0,0,0.5361882448196411,False,True,False,CLASS_0,2.107,4.5
Policy_A_Direct,6,99,1,0,0.9344040751457214,False,False,True,CLASS_0,2.142,4.5
Policy_A_Direct,6,100,1,0,0.7146845459938049,False,False,True,CLASS_0,2.124,4.5
Policy_A_Direct,6,101,1,1,0.6559073328971863,False,True,False,CLASS_1,2.096,4.5
Policy_A_Direct,6,102,1,1,0.5972698330879211,False,True,False,CLASS_1,2.125,4.5
Policy_A_Direct,6,103,0,1,0.5534043312072754,False,False,True,CLASS_1,2.136,4.5
Policy_A_Direct,6,104,0,0,0.948018491268158,False,True,False,CLASS_0,2.284,4.5
Policy_A_Direct,6,105,0,0,0.7164042592048645,False,True,False,CLASS_0,2.264,4.5
Policy_A_Direct,6,106,1,1,0.9940997362136841,False,True,False,CLASS_1,2.278,4.5
Policy_A_Direct,6,107,1,1,0.9284002780914307,False,True,False,CLASS_1,2.298,4.5
Policy_A_Direct,6,108,0,1,0.8130125999450684,False,False,True,CLASS_1,2.305,4.5
Policy_A_Direct,6,109,0,0,0.966358482837677,False,True,False,CLASS_0,2.526,4.5
Policy_A_Direct,6,110,1,1,0.9133782386779785,False,True,False,CLASS_1,3.584,4.5
Policy_A_Direct,6,111,1,1,0.9896145462989807,False,True,False,CLASS_1,3.127,4.5
Policy_A_Direct,6,112,1,0,0.8026561737060547,False,False,True,CLASS_0,2.931,4.5
Policy_A_Direct,6,113,0,0,0.8044689297676086,False,True,False,CLASS_0,3.027,4.5
Policy_A_Direct,6,114,1,1,0.5744673013687134,False,True,False,CLASS_1,2.843,4.5
Policy_A_Direct,6,115,1,1,0.7792549729347229,False,True,False,CLASS_1,3.252,4.5
Policy_A_Direct,6,116,0,0,0.9760929346084595,False,True,False,CLASS_0,4.622,4.5
Policy_A_Direct,6,117,0,1,0.9102279543876648,False,False,True,CLASS_1,4.692,4.5
Policy_A_Direct,6,118,1,1,0.9896628260612488,False,True,False,CLASS_1,4.56,4.5
Policy_A_Direct,6,119,0,1,0.964103639125824,False,False,True,CLASS_1,3.434,4.5
Policy_A_Direct,6,120,1,1,0.9383058547973633,False,True,False,CLASS_1,3.568,4.5
Policy_A_Direct,6,121,1,1,0.9797922372817993,False,True,False,CLASS_1,3.529,4.5
Policy_A_Direct,6,122,0,1,0.928957998752594,False,False,True,CLASS_1,3.43,4.5
Policy_A_Direct,6,123,0,1,0.9529942274093628,False,False,True,CLASS_1,3.119,4.5
Policy_A_Direct,6,124,1,1,0.8564830422401428,False,True,False,CLASS_1,2.798,4.5
Policy_A_Direct,6,125,0,1,0.7015666365623474,False,False,True,CLASS_1,2.882,4.5
Policy_A_Direct,6,126,0,0,0.6796059608459473,False,True,False,CLASS_0,2.791,4.5
Policy_A_Direct,6,127,1,1,0.8875809907913208,False,True,False,CLASS_1,2.8,4.5
Policy_A_Direct,6,128,1,1,0.9159420132637024,False,True,False,CLASS_1,2.802,4.5
Policy_A_Direct,6,129,1,1,0.9852240085601807,False,True,False,CLASS_1,2.891,4.5
Policy_A_Direct,6,130,0,1,0.9485340118408203,False,False,True,CLASS_1,6.109,4.5
Policy_A_Direct,6,131,1,1,0.8244268894195557,False,True,False,CLASS_1,3.802,4.5
Policy_A_Direct,6,132,1,1,0.9054164290428162,False,True,False,CLASS_1,2.829,4.5
Policy_A_Direct,6,133,1,1,0.9611515998840332,False,True,False,CLASS_1,4.439,4.5
Policy_A_Direct,6,134,0,0,0.9283850789070129,False,True,False,CLASS_0,2.853,4.5
Policy_A_Direct,6,135,1,0,0.5218519568443298,False,False,True,CLASS_0,2.789,4.5
Policy_A_Direct,6,136,1,1,0.9935116171836853,False,True,False,CLASS_1,2.624,4.5
Policy_A_Direct,6,137,0,0,0.9173641204833984,False,True,False,CLASS_0,2.635,4.5
Policy_A_Direct,6,138,0,0,0.5168565511703491,False,True,False,CLASS_0,2.627,4.5
Policy_A_Direct,6,139,0,0,0.5461544990539551,False,True,False,CLASS_0,2.577,4.5
Policy_A_Direct,6,140,0,1,0.9373346567153931,False,False,True,CLASS_1,2.659,4.5
Policy_A_Direct,6,141,0,0,0.7888933420181274,False,True,False,CLASS_0,2.489,4.5
Policy_A_Direct,6,142,1,1,0.9587932825088501,False,True,False,CLASS_1,2.52,4.5
Policy_A_Direct,6,143,1,1,0.8663506507873535,False,True,False,CLASS_1,2.552,4.5
Policy_A_Direct,6,144,0,1,0.7764699459075928,False,False,True,CLASS_1,2.577,4.5
Policy_A_Direct,6,145,1,1,0.9175916314125061,False,True,False,CLASS_1,2.595,4.5
Policy_A_Direct,6,146,1,1,0.9984112977981567,False,True,False,CLASS_1,2.58,4.5
Policy_A_Direct,6,147,1,1,0.987739622592926,False,True,False,CLASS_1,2.575,4.5
Policy_A_Direct,6,148,0,0,0.8436488509178162,False,True,False,CLASS_0,2.834,4.5
Policy_A_Direct,6,149,0,1,0.9063677787780762,False,False,True,CLASS_1,2.795,4.5
Policy_A_Direct,6,150,0,1,0.9258857369422913,False,False,True,CLASS_1,2.641,4.5
Policy_A_Direct,6,151,1,1,0.9921892881393433,False,True,False,CLASS_1,2.665,4.5
Policy_A_Direct,6,152,1,1,0.9778681993484497,False,True,False,CLASS_1,2.63,4.5
Policy_A_Direct,6,153,0,0,0.5941354632377625,False,True,False,CLASS_0,2.631,4.5
Policy_A_Direct,6,154,0,0,0.550329864025116,False,True,False,CLASS_0,2.801,4.5
Policy_A_Direct,6,155,1,1,0.9966464638710022,False,True,False,CLASS_1,2.642,4.5
Policy_A_Direct,6,156,0,0,0.9364713430404663,False,True,False,CLASS_0,2.677,4.5
Policy_A_Direct,6,157,1,1,0.9977627992630005,False,True,False,CLASS_1,2.716,4.5
Policy_A_Direct,6,158,0,1,0.9879112243652344,False,False,True,CLASS_1,2.643,4.5
Policy_A_Direct,6,159,0,1,0.6597840785980225,False,False,True,CLASS_1,2.64,4.5
Policy_A_Direct,6,160,1,1,0.9978324770927429,False,True,False,CLASS_1,2.693,4.5
Policy_B_ConfidenceGated,6,1,0,0,0.8778159022331238,False,True,False,CLASS_0,3.097,4.5
Policy_B_ConfidenceGated,6,2,0,0,0.9613246321678162,False,True,False,CLASS_0,2.71,4.5
Policy_B_ConfidenceGated,6,3,1,1,0.9539926648139954,False,True,False,CLASS_1,2.637,4.5
Policy_B_ConfidenceGated,6,4,0,1,0.9964523315429688,False,False,True,CLASS_1,2.669,4.5
Policy_B_ConfidenceGated,6,5,1,0,0.8374425172805786,False,False,True,CLASS_0,2.666,4.5
Policy_B_ConfidenceGated,6,6,1,1,0.976917028427124,False,True,False,CLASS_1,2.731,4.5
Policy_B_ConfidenceGated,6,7,1,1,0.7070909738540649,True,False,False,ABSTAIN,2.61,4.5
Policy_B_ConfidenceGated,6,8,0,1,0.9705129265785217,False,False,True,CLASS_1,2.658,4.5
Policy_B_ConfidenceGated,6,9,0,0,0.7589439749717712,True,False,False,ABSTAIN,2.63,4.5
Policy_B_ConfidenceGated,6,10,1,1,0.9939329028129578,False,True,False,CLASS_1,2.66,4.5
Policy_B_ConfidenceGated,6,11,1,1,0.9789037704467773,False,True,False,CLASS_1,2.605,4.5
Policy_B_ConfidenceGated,6,12,1,1,0.9947710633277893,False,True,False,CLASS_1,2.726,4.5
Policy_B_ConfidenceGated,6,13,0,1,0.8762937188148499,False,False,True,CLASS_1,2.662,4.5
Policy_B_ConfidenceGated,6,14,0,1,0.8487418293952942,False,False,True,CLASS_1,2.783,4.5
Policy_B_ConfidenceGated,6,15,0,0,0.642952024936676,True,False,False,ABSTAIN,2.802,4.5
Policy_B_ConfidenceGated,6,16,0,0,0.8080140352249146,True,False,False,ABSTAIN,2.876,4.5
Policy_B_ConfidenceGated,6,17,1,1,0.9092664122581482,False,True,False,CLASS_1,2.943,4.5
Policy_B_ConfidenceGated,6,18,1,1,0.9479262828826904,False,True,False,CLASS_1,2.892,4.5
Policy_B_ConfidenceGated,6,19,1,1,0.9889889359474182,False,True,False,CLASS_1,2.862,4.5
Policy_B_ConfidenceGated,6,20,0,0,0.5229575037956238,True,False,False,ABSTAIN,2.934,4.5
Policy_B_ConfidenceGated,6,21,1,1,0.9874306917190552,False,True,False,CLASS_1,2.848,4.5
Policy_B_ConfidenceGated,6,22,0,1,0.6712126731872559,True,False,False,ABSTAIN,2.831,4.5
Policy_B_ConfidenceGated,6,23,0,1,0.587471604347229,True,False,False,ABSTAIN,2.908,4.5
Policy_B_ConfidenceGated,6,24,1,1,0.9748929738998413,False,True,False,CLASS_1,2.942,4.5
Policy_B_ConfidenceGated,6,25,0,1,0.8852839469909668,False,False,True,CLASS_1,2.792,4.5
Policy_B_ConfidenceGated,6,26,1,1,0.906117856502533,False,True,False,CLASS_1,2.932,4.5
Policy_B_ConfidenceGated,6,27,1,1,0.9651293754577637,False,True,False,CLASS_1,2.809,4.5
Policy_B_ConfidenceGated,6,28,0,1,0.9700499773025513,False,False,True,CLASS_1,2.848,4.5
Policy_B_ConfidenceGated,6,29,1,1,0.9799332618713379,False,True,False,CLASS_1,2.972,4.5
Policy_B_ConfidenceGated,6,30,1,1,0.985811710357666,False,True,False,CLASS_1,2.844,4.5
Policy_B_ConfidenceGated,6,31,0,1,0.6995069980621338,True,False,False,ABSTAIN,2.719,4.5
Policy_B_ConfidenceGated,6,32,0,1,0.576565682888031,True,False,False,ABSTAIN,2.861,4.5
Policy_B_ConfidenceGated,6,33,0,0,0.6969388127326965,True,False,False,ABSTAIN,2.781,4.5
Policy_B_ConfidenceGated,6,34,1,0,0.6164734959602356,True,False,False,ABSTAIN,2.836,4.5
Policy_B_ConfidenceGated,6,35,0,1,0.9872719645500183,False,False,True,CLASS_1,2.921,4.5
Policy_B_ConfidenceGated,6,36,1,1,0.9984802603721619,False,True,False,CLASS_1,2.813,4.5
Policy_B_ConfidenceGated,6,37,1,1,0.9792487621307373,False,True,False,CLASS_1,2.889,4.5
Policy_B_ConfidenceGated,6,38,1,1,0.9342822432518005,False,True,False,CLASS_1,2.838,4.5
Policy_B_ConfidenceGated,6,39,0,1,0.8283261656761169,True,False,False,ABSTAIN,2.801,4.5
Policy_B_ConfidenceGated,6,40,0,0,0.8433341979980469,False,True,False,CLASS_0,2.81,4.5
Policy_B_ConfidenceGated,6,41,0,1,0.8111923336982727,True,False,False,ABSTAIN,2.85,4.5
Policy_B_ConfidenceGated,6,42,1,1,0.9883543252944946,False,True,False,CLASS_1,2.807,4.5
Policy_B_ConfidenceGated,6,43,1,1,0.9537357091903687,False,True,False,CLASS_1,2.855,4.5
Policy_B_ConfidenceGated,6,44,1,1,0.6770201921463013,True,False,False,ABSTAIN,2.669,4.5
Policy_B_ConfidenceGated,6,45,0,1,0.955828845500946,False,False,True,CLASS_1,2.648,4.5
Policy_B_ConfidenceGated,6,46,0,0,0.9806133508682251,False,True,False,CLASS_0,2.679,4.5
Policy_B_ConfidenceGated,6,47,1,0,0.9241666197776794,False,False,True,CLASS_0,2.709,4.5
Policy_B_ConfidenceGated,6,48,0,1,0.9557440876960754,False,False,True,CLASS_1,2.676,4.5
Policy_B_ConfidenceGated,6,49,1,1,0.9953891038894653,False,True,False,CLASS_1,2.684,4.5
Policy_B_ConfidenceGated,6,50,0,1,0.5968350172042847,True,False,False,ABSTAIN,2.624,4.5
Policy_B_ConfidenceGated,6,51,0,1,0.8851369023323059,False,False,True,CLASS_1,2.697,4.5
Policy_B_ConfidenceGated,6,52,0,0,0.5684741735458374,True,False,False,ABSTAIN,2.664,4.5
Policy_B_ConfidenceGated,6,53,1,0,0.5969940423965454,True,False,False,ABSTAIN,2.883,4.5
Policy_B_ConfidenceGated,6,54,1,1,0.9208309650421143,False,True,False,CLASS_1,2.728,4.5
Policy_B_ConfidenceGated,6,55,0,0,0.9770132899284363,False,True,False,CLASS_0,2.663,4.5
Policy_B_ConfidenceGated,6,56,1,1,0.8618237376213074,False,True,False,CLASS_1,2.62,4.5
Policy_B_ConfidenceGated,6,57,1,1,0.9805200695991516,False,True,False,CLASS_1,2.74,4.5
Policy_B_ConfidenceGated,6,58,0,1,0.5340867042541504,True,False,False,ABSTAIN,2.7,4.5
Policy_B_ConfidenceGated,6,59,0,1,0.9749727249145508,False,False,True,CLASS_1,2.699,4.5
Policy_B_ConfidenceGated,6,60,1,1,0.937990128993988,False,True,False,CLASS_1,2.734,4.5
Policy_B_ConfidenceGated,6,61,0,1,0.8006325960159302,True,False,False,ABSTAIN,2.612,4.5
Policy_B_ConfidenceGated,6,62,0,0,0.8457143902778625,False,True,False,CLASS_0,2.687,4.5
Policy_B_ConfidenceGated,6,63,1,1,0.9322990775108337,False,True,False,CLASS_1,2.671,4.5
Policy_B_ConfidenceGated,6,64,0,1,0.8604875206947327,False,False,True,CLASS_1,2.781,4.5
Policy_B_ConfidenceGated,6,65,1,1,0.9352304935455322,False,True,False,CLASS_1,2.886,4.5
Policy_B_ConfidenceGated,6,66,1,1,0.5176891088485718,True,False,False,ABSTAIN,2.675,4.5
Policy_B_ConfidenceGated,6,67,1,1,0.9797963500022888,False,True,False,CLASS_1,2.673,4.5
Policy_B_ConfidenceGated,6,68,0,1,0.974130392074585,False,False,True,CLASS_1,2.749,4.5
Policy_B_ConfidenceGated,6,69,0,1,0.7796792387962341,True,False,False,ABSTAIN,2.833,4.5
Policy_B_ConfidenceGated,6,70,0,1,0.9812780022621155,False,False,True,CLASS_1,2.942,4.5
Policy_B_ConfidenceGated,6,71,1,1,0.9090332388877869,False,True,False,CLASS_1,2.917,4.5
Policy_B_ConfidenceGated,6,72,0,1,0.6968062520027161,True,False,False,ABSTAIN,2.876,4.5
Policy_B_ConfidenceGated,6,73,1,0,0.5803413987159729,True,False,False,ABSTAIN,2.829,4.5
Policy_B_ConfidenceGated,6,74,0,0,0.5833508372306824,True,False,False,ABSTAIN,2.702,4.5
Policy_B_ConfidenceGated,6,75,0,0,0.7783401012420654,True,False,False,ABSTAIN,2.561,4.5
Policy_B_ConfidenceGated,6,76,0,1,0.5349776148796082,True,False,False,ABSTAIN,2.697,4.5
Policy_B_ConfidenceGated,6,77,1,1,0.9728310108184814,False,True,False,CLASS_1,2.655,4.5
Policy_B_ConfidenceGated,6,78,1,1,0.8239437937736511,True,False,False,ABSTAIN,2.615,4.5
Policy_B_ConfidenceGated,6,79,1,1,0.980583906173706,False,True,False,CLASS_1,2.63,4.5
Policy_B_ConfidenceGated,6,80,1,1,0.9050049781799316,False,True,False,CLASS_1,2.642,4.5
Policy_B_ConfidenceGated,6,81,1,1,0.9714736342430115,False,True,False,CLASS_1,2.623,4.5
Policy_B_ConfidenceGated,6,82,1,1,0.9653743505477905,False,True,False,CLASS_1,2.704,4.5
Policy_B_ConfidenceGated,6,83,0,1,0.9214068651199341,False,False,True,CLASS_1,2.675,4.5
Policy_B_ConfidenceGated,6,84,0,0,0.525622546672821,True,False,False,ABSTAIN,2.807,4.5
Policy_B_ConfidenceGated,6,85,1,1,0.7677483558654785,True,False,False,ABSTAIN,2.682,4.5
Policy_B_ConfidenceGated,6,86,1,1,0.8804582953453064,False,True,False,CLASS_1,2.665,4.5
Policy_B_ConfidenceGated,6,87,0,1,0.6583369374275208,True,False,False,ABSTAIN,2.615,4.5
Policy_B_ConfidenceGated,6,88,0,0,0.9826566576957703,False,True,False,CLASS_0,2.626,4.5
Policy_B_ConfidenceGated,6,89,0,0,0.6568573117256165,True,False,False,ABSTAIN,2.663,4.5
Policy_B_ConfidenceGated,6,90,0,1,0.5241535305976868,True,False,False,ABSTAIN,2.774,4.5
Policy_B_ConfidenceGated,6,91,0,0,0.6448143720626831,True,False,False,ABSTAIN,2.631,4.5
Policy_B_ConfidenceGated,6,92,0,1,0.9853824377059937,False,False,True,CLASS_1,2.683,4.5
Policy_B_ConfidenceGated,6,93,1,1,0.8604944944381714,False,True,False,CLASS_1,2.691,4.5
Policy_B_ConfidenceGated,6,94,1,1,0.9259112477302551,False,True,False,CLASS_1,2.69,4.5
Policy_B_ConfidenceGated,6,95,0,0,0.5946966409683228,True,False,False,ABSTAIN,2.649,4.5
Policy_B_ConfidenceGated,6,96,0,1,0.7681627869606018,True,False,False,ABSTAIN,2.855,4.5
Policy_B_ConfidenceGated,6,97,1,1,0.994857907295227,False,True,False,CLASS_1,2.661,4.5
Policy_B_ConfidenceGated,6,98,0,0,0.5361882448196411,True,False,False,ABSTAIN,2.731,4.5
Policy_B_ConfidenceGated,6,99,1,0,0.9344040751457214,False,False,True,CLASS_0,2.763,4.5
Policy_B_ConfidenceGated,6,100,1,0,0.7146845459938049,True,False,False,ABSTAIN,2.751,4.5
Policy_B_ConfidenceGated,6,101,1,1,0.6559073328971863,True,False,False,ABSTAIN,2.73,4.5
Policy_B_ConfidenceGated,6,102,1,1,0.5972698330879211,True,False,False,ABSTAIN,2.82,4.5
Policy_B_ConfidenceGated,6,103,0,1,0.5534043312072754,True,False,False,ABSTAIN,2.722,4.5
Policy_B_ConfidenceGated,6,104,0,0,0.948018491268158,False,True,False,CLASS_0,2.779,4.5
Policy_B_ConfidenceGated,6,105,0,0,0.7164042592048645,True,False,False,ABSTAIN,2.954,4.5
Policy_B_ConfidenceGated,6,106,1,1,0.9940997362136841,False,True,False,CLASS_1,2.816,4.5
Policy_B_ConfidenceGated,6,107,1,1,0.9284002780914307,False,True,False,CLASS_1,2.718,4.5
Policy_B_ConfidenceGated,6,108,0,1,0.8130125999450684,True,False,False,ABSTAIN,3.443,4.5
Policy_B_ConfidenceGated,6,109,0,0,0.966358482837677,False,True,False,CLASS_0,3.239,4.5
Policy_B_ConfidenceGated,6,110,1,1,0.9133782386779785,False,True,False,CLASS_1,3.253,4.5
Policy_B_ConfidenceGated,6,111,1,1,0.9896145462989807,False,True,False,CLASS_1,3.837,4.5
Policy_B_ConfidenceGated,6,112,1,0,0.8026561737060547,True,False,False,ABSTAIN,3.184,4.5
Policy_B_ConfidenceGated,6,113,0,0,0.8044689297676086,True,False,False,ABSTAIN,3.316,4.5
Policy_B_ConfidenceGated,6,114,1,1,0.5744673013687134,True,False,False,ABSTAIN,3.125,4.5
Policy_B_ConfidenceGated,6,115,1,1,0.7792549729347229,True,False,False,ABSTAIN,3.51,4.5
Policy_B_ConfidenceGated,6,116,0,0,0.9760929346084595,False,True,False,CLASS_0,3.476,4.5
Policy_B_ConfidenceGated,6,117,0,1,0.9102279543876648,False,False,True,CLASS_1,3.15,4.5
Policy_B_ConfidenceGated,6,118,1,1,0.9896628260612488,False,True,False,CLASS_1,3.174,4.5
Policy_B_ConfidenceGated,6,119,0,1,0.964103639125824,False,False,True,CLASS_1,3.19,4.5
Policy_B_ConfidenceGated,6,120,1,1,0.9383058547973633,False,True,False,CLASS_1,3.701,4.5
Policy_B_ConfidenceGated,6,121,1,1,0.9797922372817993,False,True,False,CLASS_1,3.563,4.5
Policy_B_ConfidenceGated,6,122,0,1,0.928957998752594,False,False,True,CLASS_1,3.404,4.5
Policy_B_ConfidenceGated,6,123,0,1,0.9529942274093628,False,False,True,CLASS_1,3.501,4.5
Policy_B_ConfidenceGated,6,124,1,1,0.8564830422401428,False,True,False,CLASS_1,3.676,4.5
Policy_B_ConfidenceGated,6,125,0,1,0.7015666365623474,True,False,False,ABSTAIN,3.799,4.5
Policy_B_ConfidenceGated,6,126,0,0,0.6796059608459473,True,False,False,ABSTAIN,3.666,4.5
Policy_B_ConfidenceGated,6,127,1,1,0.8875809907913208,False,True,False,CLASS_1,3.869,4.5
Policy_B_ConfidenceGated,6,128,1,1,0.9159420132637024,False,True,False,CLASS_1,3.84,4.5
Policy_B_ConfidenceGated,6,129,1,1,0.9852240085601807,False,True,False,CLASS_1,4.904,4.5
Policy_B_ConfidenceGated,6,130,0,1,0.9485340118408203,False,False,True,CLASS_1,4.719,4.5
Policy_B_ConfidenceGated,6,131,1,1,0.8244268894195557,True,False,False,ABSTAIN,4.434,4.5
Policy_B_ConfidenceGated,6,132,1,1,0.9054164290428162,False,True,False,CLASS_1,4.961,4.5
Policy_B_ConfidenceGated,6,133,1,1,0.9611515998840332,False,True,False,CLASS_1,5.6,4.5
Policy_B_ConfidenceGated,6,134,0,0,0.9283850789070129,False,True,False,CLASS_0,4.964,4.5
Policy_B_ConfidenceGated,6,135,1,0,0.5218519568443298,True,False,False,ABSTAIN,4.994,4.5
Policy_B_ConfidenceGated,6,136,1,1,0.9935116171836853,False,True,False,CLASS_1,5.743,4.5
Policy_B_ConfidenceGated,6,137,0,0,0.9173641204833984,False,True,False,CLASS_0,5.714,4.5
Policy_B_ConfidenceGated,6,138,0,0,0.5168565511703491,True,False,False,ABSTAIN,6.099,4.5
Policy_B_ConfidenceGated,6,139,0,0,0.5461544990539551,True,False,False,ABSTAIN,5.442,4.5
Policy_B_ConfidenceGated,6,140,0,1,0.9373346567153931,False,False,True,CLASS_1,6.387,4.5
Policy_B_ConfidenceGated,6,141,0,0,0.7888933420181274,True,False,False,ABSTAIN,6.617,4.5
Policy_B_ConfidenceGated,6,142,1,1,0.9587932825088501,False,True,False,CLASS_1,5.639,4.5
Policy_B_ConfidenceGated,6,143,1,1,0.8663506507873535,False,True,False,CLASS_1,5.814,4.5
Policy_B_ConfidenceGated,6,144,0,1,0.7764699459075928,True,False,False,ABSTAIN,6.438,4.5
Policy_B_ConfidenceGated,6,145,1,1,0.9175916314125061,False,True,False,CLASS_1,6.386,4.5
Policy_B_ConfidenceGated,6,146,1,1,0.9984112977981567,False,True,False,CLASS_1,6.655,4.5
Policy_B_ConfidenceGated,6,147,1,1,0.987739622592926,False,True,False,CLASS_1,5.553,4.5
Policy_B_ConfidenceGated,6,148,0,0,0.8436488509178162,False,True,False,CLASS_0,5.705,4.5
Policy_B_ConfidenceGated,6,149,0,1,0.9063677787780762,False,False,True,CLASS_1,6.462,4.5
Policy_B_ConfidenceGated,6,150,0,1,0.9258857369422913,False,False,True,CLASS_1,6.359,4.5
Policy_B_ConfidenceGated,6,151,1,1,0.9921892881393433,False,True,False,CLASS_1,5.826,4.5
Policy_B_ConfidenceGated,6,152,1,1,0.9778681993484497,False,True,False,CLASS_1,5.753,4.5
Policy_B_ConfidenceGated,6,153,0,0,0.5941354632377625,True,False,False,ABSTAIN,5.614,4.5
Policy_B_ConfidenceGated,6,154,0,0,0.550329864025116,True,False,False,ABSTAIN,6.404,4.5
Policy_B_ConfidenceGated,6,155,1,1,0.9966464638710022,False,True,False,CLASS_1,5.639,4.5
Policy_B_ConfidenceGated,6,156,0,0,0.9364713430404663,False,True,False,CLASS_0,5.75,4.5
Policy_B_ConfidenceGated,6,157,1,1,0.9977627992630005,False,True,False,CLASS_1,5.903,4.5
Policy_B_ConfidenceGated,6,158,0,1,0.9879112243652344,False,False,True,CLASS_1,5.999,4.5
Policy_B_ConfidenceGated,6,159,0,1,0.6597840785980225,True,False,False,ABSTAIN,5.735,4.5
Policy_B_ConfidenceGated,6,160,1,1,0.9978324770927429,False,True,False,CLASS_1,5.735,4.5
Policy_C_SharedControl,6,1,0,0,0.8778159022331238,False,True,False,SELECT_LEFT,6.234,4.5
Policy_C_SharedControl,6,2,0,0,0.9613246321678162,False,True,False,REACH_FORWARD,6.422,4.5
Policy_C_SharedControl,6,3,1,1,0.9539926648139954,False,True,False,GRASP_CLOSE,5.516,4.5
Policy_C_SharedControl,6,4,0,1,0.9964523315429688,False,False,True,GRASP_CLOSE,5.922,4.5
Policy_C_SharedControl,6,5,1,0,0.8374425172805786,False,False,True,GRASP_OPEN,5.865,4.5
Policy_C_SharedControl,6,6,1,1,0.976917028427124,False,True,False,GRASP_CLOSE,5.832,4.5
Policy_C_SharedControl,6,7,1,1,0.7070909738540649,True,False,False,ABSTAIN,6.154,4.5
Policy_C_SharedControl,6,8,0,1,0.9705129265785217,False,False,True,GRASP_CLOSE,6.964,4.5
Policy_C_SharedControl,6,9,0,0,0.7589439749717712,True,False,False,ABSTAIN,6.953,4.5
Policy_C_SharedControl,6,10,1,1,0.9939329028129578,False,True,False,GRASP_CLOSE,6.016,4.5
Policy_C_SharedControl,6,11,1,1,0.9789037704467773,False,True,False,GRASP_CLOSE,6.092,4.5
Policy_C_SharedControl,6,12,1,1,0.9947710633277893,False,True,False,GRASP_CLOSE,5.871,4.5
Policy_C_SharedControl,6,13,0,1,0.8762937188148499,False,False,True,GRASP_CLOSE,6.104,4.5
Policy_C_SharedControl,6,14,0,1,0.8487418293952942,False,False,True,GRASP_CLOSE,6.974,4.5
Policy_C_SharedControl,6,15,0,0,0.642952024936676,True,False,False,ABSTAIN,39.847,4.5
Policy_C_SharedControl,6,16,0,0,0.8080140352249146,True,False,False,ABSTAIN,6.373,4.5
Policy_C_SharedControl,6,17,1,1,0.9092664122581482,False,True,False,GRASP_CLOSE,4.914,4.5
Policy_C_SharedControl,6,18,1,1,0.9479262828826904,False,True,False,GRASP_CLOSE,5.221,4.5
Policy_C_SharedControl,6,19,1,1,0.9889889359474182,False,True,False,GRASP_CLOSE,6.444,4.5
Policy_C_SharedControl,6,20,0,0,0.5229575037956238,True,False,False,ABSTAIN,5.85,4.5
Policy_C_SharedControl,6,21,1,1,0.9874306917190552,False,True,False,GRASP_CLOSE,6.963,4.5
Policy_C_SharedControl,6,22,0,1,0.6712126731872559,True,False,False,ABSTAIN,6.047,4.5
Policy_C_SharedControl,6,23,0,1,0.587471604347229,True,False,False,ABSTAIN,5.074,4.5
Policy_C_SharedControl,6,24,1,1,0.9748929738998413,False,True,False,GRASP_CLOSE,5.172,4.5
Policy_C_SharedControl,6,25,0,1,0.8852839469909668,False,False,True,GRASP_CLOSE,5.073,4.5
Policy_C_SharedControl,6,26,1,1,0.906117856502533,False,True,False,GRASP_CLOSE,5.66,4.5
Policy_C_SharedControl,6,27,1,1,0.9651293754577637,False,True,False,GRASP_CLOSE,5.421,4.5
Policy_C_SharedControl,6,28,0,1,0.9700499773025513,False,False,True,GRASP_CLOSE,5.706,4.5
Policy_C_SharedControl,6,29,1,1,0.9799332618713379,False,True,False,GRASP_CLOSE,6.789,4.5
Policy_C_SharedControl,6,30,1,1,0.985811710357666,False,True,False,GRASP_CLOSE,7.295,4.5
Policy_C_SharedControl,6,31,0,1,0.6995069980621338,True,False,False,ABSTAIN,5.977,4.5
Policy_C_SharedControl,6,32,0,1,0.576565682888031,True,False,False,ABSTAIN,6.138,4.5
Policy_C_SharedControl,6,33,0,0,0.6969388127326965,True,False,False,ABSTAIN,5.834,4.5
Policy_C_SharedControl,6,34,1,0,0.6164734959602356,True,False,False,ABSTAIN,6.832,4.5
Policy_C_SharedControl,6,35,0,1,0.9872719645500183,False,False,True,GRASP_CLOSE,6.834,4.5
Policy_C_SharedControl,6,36,1,1,0.9984802603721619,False,True,False,GRASP_CLOSE,6.857,4.5
Policy_C_SharedControl,6,37,1,1,0.9792487621307373,False,True,False,GRASP_CLOSE,6.809,4.5
Policy_C_SharedControl,6,38,1,1,0.9342822432518005,False,True,False,GRASP_CLOSE,5.808,4.5
Policy_C_SharedControl,6,39,0,1,0.8283261656761169,True,False,False,ABSTAIN,6.56,4.5
Policy_C_SharedControl,6,40,0,0,0.8433341979980469,False,True,False,GRASP_OPEN,6.862,4.5
Policy_C_SharedControl,6,41,0,1,0.8111923336982727,True,False,False,ABSTAIN,5.754,4.5
Policy_C_SharedControl,6,42,1,1,0.9883543252944946,False,True,False,GRASP_CLOSE,6.057,4.5
Policy_C_SharedControl,6,43,1,1,0.9537357091903687,False,True,False,GRASP_CLOSE,6.105,4.5
Policy_C_SharedControl,6,44,1,1,0.6770201921463013,True,False,False,ABSTAIN,5.724,4.5
Policy_C_SharedControl,6,45,0,1,0.955828845500946,False,False,True,GRASP_CLOSE,5.462,4.5
Policy_C_SharedControl,6,46,0,0,0.9806133508682251,False,True,False,GRASP_OPEN,5.018,4.5
Policy_C_SharedControl,6,47,1,0,0.9241666197776794,False,False,True,GRASP_OPEN,4.997,4.5
Policy_C_SharedControl,6,48,0,1,0.9557440876960754,False,False,True,GRASP_CLOSE,5.83,4.5
Policy_C_SharedControl,6,49,1,1,0.9953891038894653,False,True,False,GRASP_CLOSE,6.319,4.5
Policy_C_SharedControl,6,50,0,1,0.5968350172042847,True,False,False,ABSTAIN,5.899,4.5
Policy_C_SharedControl,6,51,0,1,0.8851369023323059,False,False,True,GRASP_CLOSE,6.138,4.5
Policy_C_SharedControl,6,52,0,0,0.5684741735458374,True,False,False,ABSTAIN,6.102,4.5
Policy_C_SharedControl,6,53,1,0,0.5969940423965454,True,False,False,ABSTAIN,6.622,4.5
Policy_C_SharedControl,6,54,1,1,0.9208309650421143,False,True,False,GRASP_CLOSE,5.893,4.5
Policy_C_SharedControl,6,55,0,0,0.9770132899284363,False,True,False,GRASP_OPEN,8.079,4.5
Policy_C_SharedControl,6,56,1,1,0.8618237376213074,False,True,False,GRASP_CLOSE,7.082,4.5
Policy_C_SharedControl,6,57,1,1,0.9805200695991516,False,True,False,GRASP_CLOSE,6.338,4.5
Policy_C_SharedControl,6,58,0,1,0.5340867042541504,True,False,False,ABSTAIN,6.372,4.5
Policy_C_SharedControl,6,59,0,1,0.9749727249145508,False,False,True,GRASP_CLOSE,6.299,4.5
Policy_C_SharedControl,6,60,1,1,0.937990128993988,False,True,False,GRASP_CLOSE,6.822,4.5
Policy_C_SharedControl,6,61,0,1,0.8006325960159302,True,False,False,ABSTAIN,6.887,4.5
Policy_C_SharedControl,6,62,0,0,0.8457143902778625,False,True,False,GRASP_OPEN,6.245,4.5
Policy_C_SharedControl,6,63,1,1,0.9322990775108337,False,True,False,GRASP_CLOSE,6.856,4.5
Policy_C_SharedControl,6,64,0,1,0.8604875206947327,False,False,True,GRASP_CLOSE,6.073,4.5
Policy_C_SharedControl,6,65,1,1,0.9352304935455322,False,True,False,GRASP_CLOSE,7.906,4.5
Policy_C_SharedControl,6,66,1,1,0.5176891088485718,True,False,False,ABSTAIN,6.557,4.5
Policy_C_SharedControl,6,67,1,1,0.9797963500022888,False,True,False,GRASP_CLOSE,5.778,4.5
Policy_C_SharedControl,6,68,0,1,0.974130392074585,False,False,True,GRASP_CLOSE,5.349,4.5
Policy_C_SharedControl,6,69,0,1,0.7796792387962341,True,False,False,ABSTAIN,5.13,4.5
Policy_C_SharedControl,6,70,0,1,0.9812780022621155,False,False,True,GRASP_CLOSE,5.207,4.5
Policy_C_SharedControl,6,71,1,1,0.9090332388877869,False,True,False,GRASP_CLOSE,5.296,4.5
Policy_C_SharedControl,6,72,0,1,0.6968062520027161,True,False,False,ABSTAIN,5.503,4.5
Policy_C_SharedControl,6,73,1,0,0.5803413987159729,True,False,False,ABSTAIN,5.453,4.5
Policy_C_SharedControl,6,74,0,0,0.5833508372306824,True,False,False,ABSTAIN,6.323,4.5
Policy_C_SharedControl,6,75,0,0,0.7783401012420654,True,False,False,ABSTAIN,7.324,4.5
Policy_C_SharedControl,6,76,0,1,0.5349776148796082,True,False,False,ABSTAIN,6.667,4.5
Policy_C_SharedControl,6,77,1,1,0.9728310108184814,False,True,False,GRASP_CLOSE,6.471,4.5
Policy_C_SharedControl,6,78,1,1,0.8239437937736511,True,False,False,ABSTAIN,6.153,4.5
Policy_C_SharedControl,6,79,1,1,0.980583906173706,False,True,False,GRASP_CLOSE,5.484,4.5
Policy_C_SharedControl,6,80,1,1,0.9050049781799316,False,True,False,GRASP_CLOSE,5.477,4.5
Policy_C_SharedControl,6,81,1,1,0.9714736342430115,False,True,False,GRASP_CLOSE,5.319,4.5
Policy_C_SharedControl,6,82,1,1,0.9653743505477905,False,True,False,GRASP_CLOSE,5.488,4.5
Policy_C_SharedControl,6,83,0,1,0.9214068651199341,False,False,True,GRASP_CLOSE,5.693,4.5
Policy_C_SharedControl,6,84,0,0,0.525622546672821,True,False,False,ABSTAIN,5.547,4.5
Policy_C_SharedControl,6,85,1,1,0.7677483558654785,True,False,False,ABSTAIN,5.561,4.5
Policy_C_SharedControl,6,86,1,1,0.8804582953453064,False,True,False,GRASP_CLOSE,5.313,4.5
Policy_C_SharedControl,6,87,0,1,0.6583369374275208,True,False,False,ABSTAIN,5.154,4.5
Policy_C_SharedControl,6,88,0,0,0.9826566576957703,False,True,False,GRASP_OPEN,4.941,4.5
Policy_C_SharedControl,6,89,0,0,0.6568573117256165,True,False,False,ABSTAIN,5.499,4.5
Policy_C_SharedControl,6,90,0,1,0.5241535305976868,True,False,False,ABSTAIN,5.734,4.5
Policy_C_SharedControl,6,91,0,0,0.6448143720626831,True,False,False,ABSTAIN,5.743,4.5
Policy_C_SharedControl,6,92,0,1,0.9853824377059937,False,False,True,GRASP_CLOSE,6.282,4.5
Policy_C_SharedControl,6,93,1,1,0.8604944944381714,False,True,False,GRASP_CLOSE,6.73,4.5
Policy_C_SharedControl,6,94,1,1,0.9259112477302551,False,True,False,GRASP_CLOSE,7.587,4.5
Policy_C_SharedControl,6,95,0,0,0.5946966409683228,True,False,False,ABSTAIN,6.161,4.5
Policy_C_SharedControl,6,96,0,1,0.7681627869606018,True,False,False,ABSTAIN,7.892,4.5
Policy_C_SharedControl,6,97,1,1,0.994857907295227,False,True,False,GRASP_CLOSE,6.652,4.5
Policy_C_SharedControl,6,98,0,0,0.5361882448196411,True,False,False,ABSTAIN,8.698,4.5
Policy_C_SharedControl,6,99,1,0,0.9344040751457214,False,False,True,GRASP_OPEN,5.781,4.5
Policy_C_SharedControl,6,100,1,0,0.7146845459938049,True,False,False,ABSTAIN,6.008,4.5
Policy_C_SharedControl,6,101,1,1,0.6559073328971863,True,False,False,ABSTAIN,5.818,4.5
Policy_C_SharedControl,6,102,1,1,0.5972698330879211,True,False,False,ABSTAIN,6.52,4.5
Policy_C_SharedControl,6,103,0,1,0.5534043312072754,True,False,False,ABSTAIN,6.521,4.5
Policy_C_SharedControl,6,104,0,0,0.948018491268158,False,True,False,GRASP_OPEN,5.939,4.5
Policy_C_SharedControl,6,105,0,0,0.7164042592048645,True,False,False,ABSTAIN,5.359,4.5
Policy_C_SharedControl,6,106,1,1,0.9940997362136841,False,True,False,GRASP_CLOSE,5.816,4.5
Policy_C_SharedControl,6,107,1,1,0.9284002780914307,False,True,False,GRASP_CLOSE,5.593,4.5
Policy_C_SharedControl,6,108,0,1,0.8130125999450684,True,False,False,ABSTAIN,6.556,4.5
Policy_C_SharedControl,6,109,0,0,0.966358482837677,False,True,False,GRASP_OPEN,6.962,4.5
Policy_C_SharedControl,6,110,1,1,0.9133782386779785,False,True,False,GRASP_CLOSE,6.87,4.5
Policy_C_SharedControl,6,111,1,1,0.9896145462989807,False,True,False,GRASP_CLOSE,5.936,4.5
Policy_C_SharedControl,6,112,1,0,0.8026561737060547,True,False,False,ABSTAIN,5.859,4.5
Policy_C_SharedControl,6,113,0,0,0.8044689297676086,True,False,False,ABSTAIN,6.3,4.5
Policy_C_SharedControl,6,114,1,1,0.5744673013687134,True,False,False,ABSTAIN,6.12,4.5
Policy_C_SharedControl,6,115,1,1,0.7792549729347229,True,False,False,ABSTAIN,6.289,4.5
Policy_C_SharedControl,6,116,0,0,0.9760929346084595,False,True,False,GRASP_OPEN,6.001,4.5
Policy_C_SharedControl,6,117,0,1,0.9102279543876648,False,False,True,GRASP_CLOSE,5.652,4.5
Policy_C_SharedControl,6,118,1,1,0.9896628260612488,False,True,False,GRASP_CLOSE,5.414,4.5
Policy_C_SharedControl,6,119,0,1,0.964103639125824,False,False,True,GRASP_CLOSE,5.4,4.5
Policy_C_SharedControl,6,120,1,1,0.9383058547973633,False,True,False,GRASP_CLOSE,7.116,4.5
Policy_C_SharedControl,6,121,1,1,0.9797922372817993,False,True,False,GRASP_CLOSE,6.666,4.5
Policy_C_SharedControl,6,122,0,1,0.928957998752594,False,False,True,GRASP_CLOSE,6.699,4.5
Policy_C_SharedControl,6,123,0,1,0.9529942274093628,False,False,True,GRASP_CLOSE,8.633,4.5
Policy_C_SharedControl,6,124,1,1,0.8564830422401428,False,True,False,GRASP_CLOSE,6.282,4.5
Policy_C_SharedControl,6,125,0,1,0.7015666365623474,True,False,False,ABSTAIN,6.339,4.5
Policy_C_SharedControl,6,126,0,0,0.6796059608459473,True,False,False,ABSTAIN,6.717,4.5
Policy_C_SharedControl,6,127,1,1,0.8875809907913208,False,True,False,GRASP_CLOSE,6.33,4.5
Policy_C_SharedControl,6,128,1,1,0.9159420132637024,False,True,False,GRASP_CLOSE,6.442,4.5
Policy_C_SharedControl,6,129,1,1,0.9852240085601807,False,True,False,GRASP_CLOSE,6.053,4.5
Policy_C_SharedControl,6,130,0,1,0.9485340118408203,False,False,True,GRASP_CLOSE,5.923,4.5
Policy_C_SharedControl,6,131,1,1,0.8244268894195557,True,False,False,ABSTAIN,6.711,4.5
Policy_C_SharedControl,6,132,1,1,0.9054164290428162,False,True,False,GRASP_CLOSE,5.847,4.5
Policy_C_SharedControl,6,133,1,1,0.9611515998840332,False,True,False,GRASP_CLOSE,6.048,4.5
Policy_C_SharedControl,6,134,0,0,0.9283850789070129,False,True,False,GRASP_OPEN,6.092,4.5
Policy_C_SharedControl,6,135,1,0,0.5218519568443298,True,False,False,ABSTAIN,6.61,4.5
Policy_C_SharedControl,6,136,1,1,0.9935116171836853,False,True,False,GRASP_CLOSE,7.566,4.5
Policy_C_SharedControl,6,137,0,0,0.9173641204833984,False,True,False,GRASP_OPEN,6.486,4.5
Policy_C_SharedControl,6,138,0,0,0.5168565511703491,True,False,False,ABSTAIN,5.752,4.5
Policy_C_SharedControl,6,139,0,0,0.5461544990539551,True,False,False,ABSTAIN,5.803,4.5
Policy_C_SharedControl,6,140,0,1,0.9373346567153931,False,False,True,GRASP_CLOSE,6.005,4.5
Policy_C_SharedControl,6,141,0,0,0.7888933420181274,True,False,False,ABSTAIN,5.985,4.5
Policy_C_SharedControl,6,142,1,1,0.9587932825088501,False,True,False,GRASP_CLOSE,6.34,4.5
Policy_C_SharedControl,6,143,1,1,0.8663506507873535,False,True,False,GRASP_CLOSE,5.801,4.5
Policy_C_SharedControl,6,144,0,1,0.7764699459075928,True,False,False,ABSTAIN,5.312,4.5
Policy_C_SharedControl,6,145,1,1,0.9175916314125061,False,True,False,GRASP_CLOSE,5.589,4.5
Policy_C_SharedControl,6,146,1,1,0.9984112977981567,False,True,False,GRASP_CLOSE,5.968,4.5
Policy_C_SharedControl,6,147,1,1,0.987739622592926,False,True,False,GRASP_CLOSE,6.134,4.5
Policy_C_SharedControl,6,148,0,0,0.8436488509178162,False,True,False,GRASP_OPEN,7.038,4.5
Policy_C_SharedControl,6,149,0,1,0.9063677787780762,False,False,True,GRASP_CLOSE,6.251,4.5
Policy_C_SharedControl,6,150,0,1,0.9258857369422913,False,False,True,GRASP_CLOSE,6.328,4.5
Policy_C_SharedControl,6,151,1,1,0.9921892881393433,False,True,False,GRASP_CLOSE,6.658,4.5
Policy_C_SharedControl,6,152,1,1,0.9778681993484497,False,True,False,GRASP_CLOSE,7.335,4.5
Policy_C_SharedControl,6,153,0,0,0.5941354632377625,True,False,False,ABSTAIN,6.308,4.5
Policy_C_SharedControl,6,154,0,0,0.550329864025116,True,False,False,ABSTAIN,6.049,4.5
Policy_C_SharedControl,6,155,1,1,0.9966464638710022,False,True,False,GRASP_CLOSE,6.055,4.5
Policy_C_SharedControl,6,156,0,0,0.9364713430404663,False,True,False,GRASP_OPEN,5.703,4.5
Policy_C_SharedControl,6,157,1,1,0.9977627992630005,False,True,False,GRASP_CLOSE,6.934,4.5
Policy_C_SharedControl,6,158,0,1,0.9879112243652344,False,False,True,GRASP_CLOSE,5.654,4.5
Policy_C_SharedControl,6,159,0,1,0.6597840785980225,True,False,False,ABSTAIN,5.411,4.5
Policy_C_SharedControl,6,160,1,1,0.9978324770927429,False,True,False,GRASP_CLOSE,5.487,4.5
Policy_A_Direct,7,1,0,0,0.8319357633590698,False,True,False,CLASS_0,152.972,4.5
Policy_A_Direct,7,2,0,0,0.9965157508850098,False,True,False,CLASS_0,1.921,4.5
Policy_A_Direct,7,3,1,0,0.8803868889808655,False,False,True,CLASS_0,1.73,4.5
Policy_A_Direct,7,4,1,1,0.7636216878890991,False,True,False,CLASS_1,1.688,4.5
Policy_A_Direct,7,5,1,1,0.5120375156402588,False,True,False,CLASS_1,1.793,4.5
Policy_A_Direct,7,6,1,0,0.5202869772911072,False,False,True,CLASS_0,1.774,4.5
Policy_A_Direct,7,7,0,0,0.941906213760376,False,True,False,CLASS_0,1.639,4.5
Policy_A_Direct,7,8,1,0,0.9856045842170715,False,False,True,CLASS_0,1.637,4.5
Policy_A_Direct,7,9,0,0,0.9876096248626709,False,True,False,CLASS_0,1.636,4.5
Policy_A_Direct,7,10,0,0,0.9823044538497925,False,True,False,CLASS_0,1.632,4.5
Policy_A_Direct,7,11,1,1,0.7247405648231506,False,True,False,CLASS_1,1.654,4.5
Policy_A_Direct,7,12,1,0,0.5580995678901672,False,False,True,CLASS_0,1.637,4.5
Policy_A_Direct,7,13,1,1,0.8111648559570312,False,True,False,CLASS_1,1.626,4.5
Policy_A_Direct,7,14,0,0,0.9807290434837341,False,True,False,CLASS_0,1.649,4.5
Policy_A_Direct,7,15,1,1,0.5877736806869507,False,True,False,CLASS_1,1.628,4.5
Policy_A_Direct,7,16,1,1,0.9788627624511719,False,True,False,CLASS_1,1.656,4.5
Policy_A_Direct,7,17,1,1,0.8156861662864685,False,True,False,CLASS_1,1.647,4.5
Policy_A_Direct,7,18,0,0,0.9241369962692261,False,True,False,CLASS_0,1.657,4.5
Policy_A_Direct,7,19,1,0,0.979033887386322,False,False,True,CLASS_0,1.644,4.5
Policy_A_Direct,7,20,0,0,0.9523245692253113,False,True,False,CLASS_0,1.647,4.5
Policy_A_Direct,7,21,0,0,0.9995502829551697,False,True,False,CLASS_0,1.761,4.5
Policy_A_Direct,7,22,0,1,0.7302597165107727,False,False,True,CLASS_1,1.649,4.5
Policy_A_Direct,7,23,1,0,0.8082017302513123,False,False,True,CLASS_0,1.644,4.5
Policy_A_Direct,7,24,1,1,0.8868553638458252,False,True,False,CLASS_1,1.618,4.5
Policy_A_Direct,7,25,0,0,0.9968003034591675,False,True,False,CLASS_0,1.657,4.5
Policy_A_Direct,7,26,0,0,0.9707174301147461,False,True,False,CLASS_0,1.691,4.5
Policy_A_Direct,7,27,0,0,0.9911394715309143,False,True,False,CLASS_0,1.646,4.5
Policy_A_Direct,7,28,0,0,0.9727597236633301,False,True,False,CLASS_0,1.656,4.5
Policy_A_Direct,7,29,0,0,0.941729724407196,False,True,False,CLASS_0,1.648,4.5
Policy_A_Direct,7,30,0,0,0.9504532217979431,False,True,False,CLASS_0,1.654,4.5
Policy_A_Direct,7,31,1,1,0.9542816281318665,False,True,False,CLASS_1,1.618,4.5
Policy_A_Direct,7,32,1,1,0.9581437706947327,False,True,False,CLASS_1,1.646,4.5
Policy_A_Direct,7,33,1,1,0.6028421521186829,False,True,False,CLASS_1,1.669,4.5
Policy_A_Direct,7,34,1,0,0.5594555735588074,False,False,True,CLASS_0,1.637,4.5
Policy_A_Direct,7,35,0,0,0.998018741607666,False,True,False,CLASS_0,1.693,4.5
Policy_A_Direct,7,36,0,0,0.9977601766586304,False,True,False,CLASS_0,1.751,4.5
Policy_A_Direct,7,37,0,1,0.7548372745513916,False,False,True,CLASS_1,1.706,4.5
Policy_A_Direct,7,38,1,1,0.7151068449020386,False,True,False,CLASS_1,1.774,4.5
Policy_A_Direct,7,39,1,0,0.9138641953468323,False,False,True,CLASS_0,1.918,4.5
Policy_A_Direct,7,40,0,0,0.9718073606491089,False,True,False,CLASS_0,1.863,4.5
Policy_A_Direct,7,41,0,0,0.9852818846702576,False,True,False,CLASS_0,1.848,4.5
Policy_A_Direct,7,42,1,0,0.8276646733283997,False,False,True,CLASS_0,1.681,4.5
Policy_A_Direct,7,43,1,1,0.6625891327857971,False,True,False,CLASS_1,1.696,4.5
Policy_A_Direct,7,44,1,1,0.5392611622810364,False,True,False,CLASS_1,1.709,4.5
Policy_A_Direct,7,45,0,0,0.8077929019927979,False,True,False,CLASS_0,1.715,4.5
Policy_A_Direct,7,46,0,1,0.7448875308036804,False,False,True,CLASS_1,1.684,4.5
Policy_A_Direct,7,47,1,1,0.6629583239555359,False,True,False,CLASS_1,1.687,4.5
Policy_A_Direct,7,48,0,0,0.9303289651870728,False,True,False,CLASS_0,1.653,4.5
Policy_A_Direct,7,49,1,0,0.5117282271385193,False,False,True,CLASS_0,1.648,4.5
Policy_A_Direct,7,50,1,0,0.8149346709251404,False,False,True,CLASS_0,1.629,4.5
Policy_A_Direct,7,51,1,1,0.994055986404419,False,True,False,CLASS_1,1.643,4.5
Policy_A_Direct,7,52,1,0,0.8523389101028442,False,False,True,CLASS_0,1.649,4.5
Policy_A_Direct,7,53,1,1,0.6525126099586487,False,True,False,CLASS_1,1.757,4.5
Policy_A_Direct,7,54,0,0,0.9192068576812744,False,True,False,CLASS_0,1.789,4.5
Policy_A_Direct,7,55,1,0,0.6881019473075867,False,False,True,CLASS_0,1.856,4.5
Policy_A_Direct,7,56,0,0,0.9746668934822083,False,True,False,CLASS_0,1.731,4.5
Policy_A_Direct,7,57,1,0,0.9206982851028442,False,False,True,CLASS_0,1.817,4.5
Policy_A_Direct,7,58,0,0,0.861020565032959,False,True,False,CLASS_0,1.724,4.5
Policy_A_Direct,7,59,0,0,0.9816151261329651,False,True,False,CLASS_0,1.668,4.5
Policy_A_Direct,7,60,0,0,0.9632093906402588,False,True,False,CLASS_0,1.656,4.5
Policy_A_Direct,7,61,0,1,0.7725324630737305,False,False,True,CLASS_1,1.661,4.5
Policy_A_Direct,7,62,1,1,0.6195135712623596,False,True,False,CLASS_1,1.673,4.5
Policy_A_Direct,7,63,0,0,0.9757848978042603,False,True,False,CLASS_0,1.702,4.5
Policy_A_Direct,7,64,0,0,0.6992583870887756,False,True,False,CLASS_0,1.775,4.5
Policy_A_Direct,7,65,0,0,0.9857387542724609,False,True,False,CLASS_0,1.739,4.5
Policy_A_Direct,7,66,1,0,0.8368305563926697,False,False,True,CLASS_0,1.743,4.5
Policy_A_Direct,7,67,0,0,0.950484573841095,False,True,False,CLASS_0,1.743,4.5
Policy_A_Direct,7,68,1,0,0.7123468518257141,False,False,True,CLASS_0,1.749,4.5
Policy_A_Direct,7,69,0,0,0.9648573994636536,False,True,False,CLASS_0,1.739,4.5
Policy_A_Direct,7,70,1,1,0.5134427547454834,False,True,False,CLASS_1,1.744,4.5
Policy_A_Direct,7,71,1,1,0.7689266800880432,False,True,False,CLASS_1,1.729,4.5
Policy_A_Direct,7,72,1,1,0.5090139508247375,False,True,False,CLASS_1,1.74,4.5
Policy_A_Direct,7,73,0,0,0.9484930038452148,False,True,False,CLASS_0,1.829,4.5
Policy_A_Direct,7,74,1,1,0.7526144981384277,False,True,False,CLASS_1,1.883,4.5
Policy_A_Direct,7,75,0,0,0.6253256797790527,False,True,False,CLASS_0,1.97,4.5
Policy_A_Direct,7,76,0,0,0.9417787790298462,False,True,False,CLASS_0,1.87,4.5
Policy_A_Direct,7,77,1,1,0.9081966876983643,False,True,False,CLASS_1,1.872,4.5
Policy_A_Direct,7,78,0,0,0.9407791495323181,False,True,False,CLASS_0,1.85,4.5
Policy_A_Direct,7,79,0,1,0.7186984419822693,False,False,True,CLASS_1,1.865,4.5
Policy_A_Direct,7,80,1,1,0.5673999786376953,False,True,False,CLASS_1,1.826,4.5
Policy_A_Direct,7,81,1,0,0.5805898904800415,False,False,True,CLASS_0,1.918,4.5
Policy_A_Direct,7,82,0,0,0.9707424640655518,False,True,False,CLASS_0,1.908,4.5
Policy_A_Direct,7,83,1,0,0.8788574934005737,False,False,True,CLASS_0,1.937,4.5
Policy_A_Direct,7,84,1,0,0.5645169019699097,False,False,True,CLASS_0,1.985,4.5
Policy_A_Direct,7,85,1,1,0.7137849926948547,False,True,False,CLASS_1,2.019,4.5
Policy_A_Direct,7,86,0,0,0.9358970522880554,False,True,False,CLASS_0,2.031,4.5
Policy_A_Direct,7,87,0,0,0.9596782326698303,False,True,False,CLASS_0,2.035,4.5
Policy_A_Direct,7,88,0,0,0.9221472144126892,False,True,False,CLASS_0,2.012,4.5
Policy_A_Direct,7,89,1,0,0.9731464385986328,False,False,True,CLASS_0,2.08,4.5
Policy_A_Direct,7,90,0,1,0.8061018586158752,False,False,True,CLASS_1,2.08,4.5
Policy_A_Direct,7,91,0,0,0.8917304277420044,False,True,False,CLASS_0,2.073,4.5
Policy_A_Direct,7,92,1,1,0.527201235294342,False,True,False,CLASS_1,2.038,4.5
Policy_A_Direct,7,93,1,0,0.5249238014221191,False,False,True,CLASS_0,2.037,4.5
Policy_A_Direct,7,94,1,0,0.640274167060852,False,False,True,CLASS_0,2.179,4.5
Policy_A_Direct,7,95,0,0,0.9568952918052673,False,True,False,CLASS_0,2.044,4.5
Policy_A_Direct,7,96,0,0,0.8353680372238159,False,True,False,CLASS_0,2.026,4.5
Policy_A_Direct,7,97,1,1,0.5899252891540527,False,True,False,CLASS_1,2.219,4.5
Policy_A_Direct,7,98,1,0,0.8602957725524902,False,False,True,CLASS_0,2.231,4.5
Policy_A_Direct,7,99,0,0,0.9800872802734375,False,True,False,CLASS_0,2.212,4.5
Policy_A_Direct,7,100,1,1,0.9351837038993835,False,True,False,CLASS_1,2.208,4.5
Policy_A_Direct,7,101,1,1,0.7872096300125122,False,True,False,CLASS_1,2.199,4.5
Policy_A_Direct,7,102,1,0,0.820972204208374,False,False,True,CLASS_0,2.186,4.5
Policy_A_Direct,7,103,1,0,0.8367369771003723,False,False,True,CLASS_0,5.085,4.5
Policy_A_Direct,7,104,0,0,0.8682287931442261,False,True,False,CLASS_0,15.911,4.5
Policy_A_Direct,7,105,0,0,0.5906245708465576,False,True,False,CLASS_0,12.793,4.5
Policy_A_Direct,7,106,0,0,0.9606726765632629,False,True,False,CLASS_0,6.075,4.5
Policy_A_Direct,7,107,0,1,0.7519518136978149,False,False,True,CLASS_1,4.859,4.5
Policy_A_Direct,7,108,0,0,0.9935816526412964,False,True,False,CLASS_0,2.935,4.5
Policy_A_Direct,7,109,0,0,0.7191028594970703,False,True,False,CLASS_0,2.65,4.5
Policy_A_Direct,7,110,0,1,0.7152370810508728,False,False,True,CLASS_1,3.19,4.5
Policy_A_Direct,7,111,1,1,0.9293116331100464,False,True,False,CLASS_1,3.184,4.5
Policy_A_Direct,7,112,1,0,0.83847576379776,False,False,True,CLASS_0,2.924,4.5
Policy_A_Direct,7,113,1,1,0.6173892021179199,False,True,False,CLASS_1,2.953,4.5
Policy_A_Direct,7,114,1,0,0.9183176159858704,False,False,True,CLASS_0,3.053,4.5
Policy_A_Direct,7,115,0,0,0.8064789175987244,False,True,False,CLASS_0,2.988,4.5
Policy_A_Direct,7,116,0,0,0.8556439876556396,False,True,False,CLASS_0,2.92,4.5
Policy_A_Direct,7,117,0,0,0.9000949859619141,False,True,False,CLASS_0,2.91,4.5
Policy_A_Direct,7,118,0,1,0.8157570362091064,False,False,True,CLASS_1,3.032,4.5
Policy_A_Direct,7,119,1,0,0.8398241400718689,False,False,True,CLASS_0,2.991,4.5
Policy_A_Direct,7,120,1,1,0.8071549534797668,False,True,False,CLASS_1,3.358,4.5
Policy_A_Direct,7,121,1,0,0.9516696333885193,False,False,True,CLASS_0,3.145,4.5
Policy_A_Direct,7,122,0,0,0.9956610798835754,False,True,False,CLASS_0,2.988,4.5
Policy_A_Direct,7,123,0,0,0.9635140895843506,False,True,False,CLASS_0,2.922,4.5
Policy_A_Direct,7,124,0,0,0.7486330270767212,False,True,False,CLASS_0,2.988,4.5
Policy_A_Direct,7,125,1,1,0.8315655589103699,False,True,False,CLASS_1,3.012,4.5
Policy_A_Direct,7,126,1,0,0.9860092997550964,False,False,True,CLASS_0,3.092,4.5
Policy_A_Direct,7,127,1,1,0.6459340453147888,False,True,False,CLASS_1,2.549,4.5
Policy_A_Direct,7,128,1,0,0.8094911575317383,False,False,True,CLASS_0,2.329,4.5
Policy_A_Direct,7,129,0,0,0.9620413184165955,False,True,False,CLASS_0,2.428,4.5
Policy_A_Direct,7,130,1,1,0.9278631806373596,False,True,False,CLASS_1,2.377,4.5
Policy_A_Direct,7,131,0,0,0.9386711120605469,False,True,False,CLASS_0,2.311,4.5
Policy_A_Direct,7,132,1,1,0.9580827951431274,False,True,False,CLASS_1,2.33,4.5
Policy_A_Direct,7,133,1,0,0.6432416439056396,False,False,True,CLASS_0,2.315,4.5
Policy_A_Direct,7,134,0,0,0.7492033243179321,False,True,False,CLASS_0,2.577,4.5
Policy_A_Direct,7,135,1,0,0.9261137843132019,False,False,True,CLASS_0,2.577,4.5
Policy_A_Direct,7,136,0,0,0.9875362515449524,False,True,False,CLASS_0,2.569,4.5
Policy_A_Direct,7,137,1,0,0.7582078576087952,False,False,True,CLASS_0,2.972,4.5
Policy_A_Direct,7,138,0,0,0.8610055446624756,False,True,False,CLASS_0,2.678,4.5
Policy_A_Direct,7,139,1,0,0.6508508324623108,False,False,True,CLASS_0,2.636,4.5
Policy_A_Direct,7,140,0,0,0.8992448449134827,False,True,False,CLASS_0,2.646,4.5
Policy_A_Direct,7,141,1,0,0.9224078059196472,False,False,True,CLASS_0,2.595,4.5
Policy_A_Direct,7,142,0,0,0.989391565322876,False,True,False,CLASS_0,2.666,4.5
Policy_A_Direct,7,143,1,0,0.6282089948654175,False,False,True,CLASS_0,2.658,4.5
Policy_A_Direct,7,144,1,1,0.6705735325813293,False,True,False,CLASS_1,2.643,4.5
Policy_A_Direct,7,145,0,0,0.9610097408294678,False,True,False,CLASS_0,2.659,4.5
Policy_A_Direct,7,146,0,0,0.9483034610748291,False,True,False,CLASS_0,2.652,4.5
Policy_A_Direct,7,147,1,0,0.7213583588600159,False,False,True,CLASS_0,2.737,4.5
Policy_A_Direct,7,148,0,0,0.9949066042900085,False,True,False,CLASS_0,3.543,4.5
Policy_A_Direct,7,149,0,0,0.9183734059333801,False,True,False,CLASS_0,3.587,4.5
Policy_A_Direct,7,150,1,1,0.8061883449554443,False,True,False,CLASS_1,3.192,4.5
Policy_A_Direct,7,151,1,1,0.7752200365066528,False,True,False,CLASS_1,3.641,4.5
Policy_A_Direct,7,152,0,0,0.6911396384239197,False,True,False,CLASS_0,2.912,4.5
Policy_A_Direct,7,153,1,0,0.830878496170044,False,False,True,CLASS_0,2.948,4.5
Policy_A_Direct,7,154,0,0,0.9557362794876099,False,True,False,CLASS_0,3.09,4.5
Policy_A_Direct,7,155,0,1,0.9070351719856262,False,False,True,CLASS_1,3.168,4.5
Policy_A_Direct,7,156,1,1,0.8906923532485962,False,True,False,CLASS_1,3.325,4.5
Policy_A_Direct,7,157,0,0,0.729194164276123,False,True,False,CLASS_0,3.098,4.5
Policy_A_Direct,7,158,0,0,0.8485080003738403,False,True,False,CLASS_0,3.672,4.5
Policy_A_Direct,7,159,1,0,0.6372010111808777,False,False,True,CLASS_0,2.634,4.5
Policy_A_Direct,7,160,0,0,0.5702597498893738,False,True,False,CLASS_0,2.362,4.5
Policy_B_ConfidenceGated,7,1,0,0,0.8319357633590698,False,True,False,CLASS_0,3.203,4.5
Policy_B_ConfidenceGated,7,2,0,0,0.9965157508850098,False,True,False,CLASS_0,2.471,4.5
Policy_B_ConfidenceGated,7,3,1,0,0.8803868889808655,False,False,True,CLASS_0,2.541,4.5
Policy_B_ConfidenceGated,7,4,1,1,0.7636216878890991,True,False,False,ABSTAIN,2.348,4.5
Policy_B_ConfidenceGated,7,5,1,1,0.5120375156402588,True,False,False,ABSTAIN,2.323,4.5
Policy_B_ConfidenceGated,7,6,1,0,0.5202869772911072,True,False,False,ABSTAIN,2.458,4.5
Policy_B_ConfidenceGated,7,7,0,0,0.941906213760376,False,True,False,CLASS_0,2.58,4.5
Policy_B_ConfidenceGated,7,8,1,0,0.9856045842170715,False,False,True,CLASS_0,2.623,4.5
Policy_B_ConfidenceGated,7,9,0,0,0.9876096248626709,False,True,False,CLASS_0,3.211,4.5
Policy_B_ConfidenceGated,7,10,0,0,0.9823044538497925,False,True,False,CLASS_0,3.243,4.5
Policy_B_ConfidenceGated,7,11,1,1,0.7247405648231506,True,False,False,ABSTAIN,2.827,4.5
Policy_B_ConfidenceGated,7,12,1,0,0.5580995678901672,True,False,False,ABSTAIN,2.612,4.5
Policy_B_ConfidenceGated,7,13,1,1,0.8111648559570312,True,False,False,ABSTAIN,2.694,4.5
Policy_B_ConfidenceGated,7,14,0,0,0.9807290434837341,False,True,False,CLASS_0,3.446,4.5
Policy_B_ConfidenceGated,7,15,1,1,0.5877736806869507,True,False,False,ABSTAIN,2.356,4.5
Policy_B_ConfidenceGated,7,16,1,1,0.9788627624511719,False,True,False,CLASS_1,2.393,4.5
Policy_B_ConfidenceGated,7,17,1,1,0.8156861662864685,True,False,False,ABSTAIN,2.405,4.5
Policy_B_ConfidenceGated,7,18,0,0,0.9241369962692261,False,True,False,CLASS_0,2.381,4.5
Policy_B_ConfidenceGated,7,19,1,0,0.979033887386322,False,False,True,CLASS_0,2.587,4.5
Policy_B_ConfidenceGated,7,20,0,0,0.9523245692253113,False,True,False,CLASS_0,2.576,4.5
Policy_B_ConfidenceGated,7,21,0,0,0.9995502829551697,False,True,False,CLASS_0,2.575,4.5
Policy_B_ConfidenceGated,7,22,0,1,0.7302597165107727,True,False,False,ABSTAIN,3.158,4.5
Policy_B_ConfidenceGated,7,23,1,0,0.8082017302513123,True,False,False,ABSTAIN,2.829,4.5
Policy_B_ConfidenceGated,7,24,1,1,0.8868553638458252,False,True,False,CLASS_1,2.61,4.5
Policy_B_ConfidenceGated,7,25,0,0,0.9968003034591675,False,True,False,CLASS_0,2.595,4.5
Policy_B_ConfidenceGated,7,26,0,0,0.9707174301147461,False,True,False,CLASS_0,2.754,4.5
Policy_B_ConfidenceGated,7,27,0,0,0.9911394715309143,False,True,False,CLASS_0,3.72,4.5
Policy_B_ConfidenceGated,7,28,0,0,0.9727597236633301,False,True,False,CLASS_0,2.365,4.5
Policy_B_ConfidenceGated,7,29,0,0,0.941729724407196,False,True,False,CLASS_0,2.35,4.5
Policy_B_ConfidenceGated,7,30,0,0,0.9504532217979431,False,True,False,CLASS_0,2.331,4.5
Policy_B_ConfidenceGated,7,31,1,1,0.9542816281318665,False,True,False,CLASS_1,2.341,4.5
Policy_B_ConfidenceGated,7,32,1,1,0.9581437706947327,False,True,False,CLASS_1,2.332,4.5
Policy_B_ConfidenceGated,7,33,1,1,0.6028421521186829,True,False,False,ABSTAIN,2.405,4.5
Policy_B_ConfidenceGated,7,34,1,0,0.5594555735588074,True,False,False,ABSTAIN,2.366,4.5
Policy_B_ConfidenceGated,7,35,0,0,0.998018741607666,False,True,False,CLASS_0,2.388,4.5
Policy_B_ConfidenceGated,7,36,0,0,0.9977601766586304,False,True,False,CLASS_0,2.331,4.5
Policy_B_ConfidenceGated,7,37,0,1,0.7548372745513916,True,False,False,ABSTAIN,2.32,4.5
Policy_B_ConfidenceGated,7,38,1,1,0.7151068449020386,True,False,False,ABSTAIN,2.442,4.5
Policy_B_ConfidenceGated,7,39,1,0,0.9138641953468323,False,False,True,CLASS_0,2.652,4.5
Policy_B_ConfidenceGated,7,40,0,0,0.9718073606491089,False,True,False,CLASS_0,2.701,4.5
Policy_B_ConfidenceGated,7,41,0,0,0.9852818846702576,False,True,False,CLASS_0,2.702,4.5
Policy_B_ConfidenceGated,7,42,1,0,0.8276646733283997,True,False,False,ABSTAIN,2.673,4.5
Policy_B_ConfidenceGated,7,43,1,1,0.6625891327857971,True,False,False,ABSTAIN,2.343,4.5
Policy_B_ConfidenceGated,7,44,1,1,0.5392611622810364,True,False,False,ABSTAIN,2.661,4.5
Policy_B_ConfidenceGated,7,45,0,0,0.8077929019927979,True,False,False,ABSTAIN,2.65,4.5
Policy_B_ConfidenceGated,7,46,0,1,0.7448875308036804,True,False,False,ABSTAIN,2.607,4.5
Policy_B_ConfidenceGated,7,47,1,1,0.6629583239555359,True,False,False,ABSTAIN,2.617,4.5
Policy_B_ConfidenceGated,7,48,0,0,0.9303289651870728,False,True,False,CLASS_0,2.612,4.5
Policy_B_ConfidenceGated,7,49,1,0,0.5117282271385193,True,False,False,ABSTAIN,2.653,4.5
Policy_B_ConfidenceGated,7,50,1,0,0.8149346709251404,True,False,False,ABSTAIN,2.662,4.5
Policy_B_ConfidenceGated,7,51,1,1,0.994055986404419,False,True,False,CLASS_1,3.188,4.5
Policy_B_ConfidenceGated,7,52,1,0,0.8523389101028442,False,False,True,CLASS_0,3.281,4.5
Policy_B_ConfidenceGated,7,53,1,1,0.6525126099586487,True,False,False,ABSTAIN,3.167,4.5
Policy_B_ConfidenceGated,7,54,0,0,0.9192068576812744,False,True,False,CLASS_0,2.901,4.5
Policy_B_ConfidenceGated,7,55,1,0,0.6881019473075867,True,False,False,ABSTAIN,3.268,4.5
Policy_B_ConfidenceGated,7,56,0,0,0.9746668934822083,False,True,False,CLASS_0,3.112,4.5
Policy_B_ConfidenceGated,7,57,1,0,0.9206982851028442,False,False,True,CLASS_0,2.728,4.5
Policy_B_ConfidenceGated,7,58,0,0,0.861020565032959,False,True,False,CLASS_0,2.339,4.5
Policy_B_ConfidenceGated,7,59,0,0,0.9816151261329651,False,True,False,CLASS_0,2.515,4.5
Policy_B_ConfidenceGated,7,60,0,0,0.9632093906402588,False,True,False,CLASS_0,2.335,4.5
Policy_B_ConfidenceGated,7,61,0,1,0.7725324630737305,True,False,False,ABSTAIN,2.425,4.5
Policy_B_ConfidenceGated,7,62,1,1,0.6195135712623596,True,False,False,ABSTAIN,2.472,4.5
Policy_B_ConfidenceGated,7,63,0,0,0.9757848978042603,False,True,False,CLASS_0,2.36,4.5
Policy_B_ConfidenceGated,7,64,0,0,0.6992583870887756,True,False,False,ABSTAIN,2.456,4.5
Policy_B_ConfidenceGated,7,65,0,0,0.9857387542724609,False,True,False,CLASS_0,2.277,4.5
Policy_B_ConfidenceGated,7,66,1,0,0.8368305563926697,False,False,True,CLASS_0,2.45,4.5
Policy_B_ConfidenceGated,7,67,0,0,0.950484573841095,False,True,False,CLASS_0,2.271,4.5
Policy_B_ConfidenceGated,7,68,1,0,0.7123468518257141,True,False,False,ABSTAIN,2.461,4.5
Policy_B_ConfidenceGated,7,69,0,0,0.9648573994636536,False,True,False,CLASS_0,2.341,4.5
Policy_B_ConfidenceGated,7,70,1,1,0.5134427547454834,True,False,False,ABSTAIN,2.472,4.5
Policy_B_ConfidenceGated,7,71,1,1,0.7689266800880432,True,False,False,ABSTAIN,2.328,4.5
Policy_B_ConfidenceGated,7,72,1,1,0.5090139508247375,True,False,False,ABSTAIN,2.538,4.5
Policy_B_ConfidenceGated,7,73,0,0,0.9484930038452148,False,True,False,CLASS_0,3.185,4.5
Policy_B_ConfidenceGated,7,74,1,1,0.7526144981384277,True,False,False,ABSTAIN,3.138,4.5
Policy_B_ConfidenceGated,7,75,0,0,0.6253256797790527,True,False,False,ABSTAIN,2.663,4.5
Policy_B_ConfidenceGated,7,76,0,0,0.9417787790298462,False,True,False,CLASS_0,2.856,4.5
Policy_B_ConfidenceGated,7,77,1,1,0.9081966876983643,False,True,False,CLASS_1,2.866,4.5
Policy_B_ConfidenceGated,7,78,0,0,0.9407791495323181,False,True,False,CLASS_0,2.713,4.5
Policy_B_ConfidenceGated,7,79,0,1,0.7186984419822693,True,False,False,ABSTAIN,3.033,4.5
Policy_B_ConfidenceGated,7,80,1,1,0.5673999786376953,True,False,False,ABSTAIN,6.496,4.5
Policy_B_ConfidenceGated,7,81,1,0,0.5805898904800415,True,False,False,ABSTAIN,2.709,4.5
Policy_B_ConfidenceGated,7,82,0,0,0.9707424640655518,False,True,False,CLASS_0,2.498,4.5
Policy_B_ConfidenceGated,7,83,1,0,0.8788574934005737,False,False,True,CLASS_0,2.595,4.5
Policy_B_ConfidenceGated,7,84,1,0,0.5645169019699097,True,False,False,ABSTAIN,2.574,4.5
Policy_B_ConfidenceGated,7,85,1,1,0.7137849926948547,True,False,False,ABSTAIN,2.507,4.5
Policy_B_ConfidenceGated,7,86,0,0,0.9358970522880554,False,True,False,CLASS_0,2.5,4.5
Policy_B_ConfidenceGated,7,87,0,0,0.9596782326698303,False,True,False,CLASS_0,2.588,4.5
Policy_B_ConfidenceGated,7,88,0,0,0.9221472144126892,False,True,False,CLASS_0,2.502,4.5
Policy_B_ConfidenceGated,7,89,1,0,0.9731464385986328,False,False,True,CLASS_0,2.51,4.5
Policy_B_ConfidenceGated,7,90,0,1,0.8061018586158752,True,False,False,ABSTAIN,2.487,4.5
Policy_B_ConfidenceGated,7,91,0,0,0.8917304277420044,False,True,False,CLASS_0,2.564,4.5
Policy_B_ConfidenceGated,7,92,1,1,0.527201235294342,True,False,False,ABSTAIN,2.719,4.5
Policy_B_ConfidenceGated,7,93,1,0,0.5249238014221191,True,False,False,ABSTAIN,3.488,4.5
Policy_B_ConfidenceGated,7,94,1,0,0.640274167060852,True,False,False,ABSTAIN,3.086,4.5
Policy_B_ConfidenceGated,7,95,0,0,0.9568952918052673,False,True,False,CLASS_0,4.513,4.5
Policy_B_ConfidenceGated,7,96,0,0,0.8353680372238159,False,True,False,CLASS_0,2.554,4.5
Policy_B_ConfidenceGated,7,97,1,1,0.5899252891540527,True,False,False,ABSTAIN,2.49,4.5
Policy_B_ConfidenceGated,7,98,1,0,0.8602957725524902,False,False,True,CLASS_0,2.976,4.5
Policy_B_ConfidenceGated,7,99,0,0,0.9800872802734375,False,True,False,CLASS_0,2.946,4.5
Policy_B_ConfidenceGated,7,100,1,1,0.9351837038993835,False,True,False,CLASS_1,2.765,4.5
Policy_B_ConfidenceGated,7,101,1,1,0.7872096300125122,True,False,False,ABSTAIN,3.575,4.5
Policy_B_ConfidenceGated,7,102,1,0,0.820972204208374,True,False,False,ABSTAIN,3.011,4.5
Policy_B_ConfidenceGated,7,103,1,0,0.8367369771003723,False,False,True,CLASS_0,3.213,4.5
Policy_B_ConfidenceGated,7,104,0,0,0.8682287931442261,False,True,False,CLASS_0,4.3,4.5
Policy_B_ConfidenceGated,7,105,0,0,0.5906245708465576,True,False,False,ABSTAIN,4.482,4.5
Policy_B_ConfidenceGated,7,106,0,0,0.9606726765632629,False,True,False,CLASS_0,3.102,4.5
Policy_B_ConfidenceGated,7,107,0,1,0.7519518136978149,True,False,False,ABSTAIN,3.045,4.5
Policy_B_ConfidenceGated,7,108,0,0,0.9935816526412964,False,True,False,CLASS_0,3.534,4.5
Policy_B_ConfidenceGated,7,109,0,0,0.7191028594970703,True,False,False,ABSTAIN,3.602,4.5
Policy_B_ConfidenceGated,7,110,0,1,0.7152370810508728,True,False,False,ABSTAIN,3.576,4.5
Policy_B_ConfidenceGated,7,111,1,1,0.9293116331100464,False,True,False,CLASS_1,5.435,4.5
Policy_B_ConfidenceGated,7,112,1,0,0.83847576379776,False,False,True,CLASS_0,4.737,4.5
Policy_B_ConfidenceGated,7,113,1,1,0.6173892021179199,True,False,False,ABSTAIN,3.676,4.5
Policy_B_ConfidenceGated,7,114,1,0,0.9183176159858704,False,False,True,CLASS_0,3.595,4.5
Policy_B_ConfidenceGated,7,115,0,0,0.8064789175987244,True,False,False,ABSTAIN,3.931,4.5
Policy_B_ConfidenceGated,7,116,0,0,0.8556439876556396,False,True,False,CLASS_0,5.15,4.5
Policy_B_ConfidenceGated,7,117,0,0,0.9000949859619141,False,True,False,CLASS_0,8.552,4.5
Policy_B_ConfidenceGated,7,118,0,1,0.8157570362091064,True,False,False,ABSTAIN,4.498,4.5
Policy_B_ConfidenceGated,7,119,1,0,0.8398241400718689,False,False,True,CLASS_0,5.348,4.5
Policy_B_ConfidenceGated,7,120,1,1,0.8071549534797668,True,False,False,ABSTAIN,6.345,4.5
Policy_B_ConfidenceGated,7,121,1,0,0.9516696333885193,False,False,True,CLASS_0,6.367,4.5
Policy_B_ConfidenceGated,7,122,0,0,0.9956610798835754,False,True,False,CLASS_0,7.666,4.5
Policy_B_ConfidenceGated,7,123,0,0,0.9635140895843506,False,True,False,CLASS_0,7.544,4.5
Policy_B_ConfidenceGated,7,124,0,0,0.7486330270767212,True,False,False,ABSTAIN,5.041,4.5
Policy_B_ConfidenceGated,7,125,1,1,0.8315655589103699,False,True,False,CLASS_1,5.731,4.5
Policy_B_ConfidenceGated,7,126,1,0,0.9860092997550964,False,False,True,CLASS_0,5.768,4.5
Policy_B_ConfidenceGated,7,127,1,1,0.6459340453147888,True,False,False,ABSTAIN,5.526,4.5
Policy_B_ConfidenceGated,7,128,1,0,0.8094911575317383,True,False,False,ABSTAIN,5.937,4.5
Policy_B_ConfidenceGated,7,129,0,0,0.9620413184165955,False,True,False,CLASS_0,5.962,4.5
Policy_B_ConfidenceGated,7,130,1,1,0.9278631806373596,False,True,False,CLASS_1,5.802,4.5
Policy_B_ConfidenceGated,7,131,0,0,0.9386711120605469,False,True,False,CLASS_0,5.903,4.5
Policy_B_ConfidenceGated,7,132,1,1,0.9580827951431274,False,True,False,CLASS_1,6.128,4.5
Policy_B_ConfidenceGated,7,133,1,0,0.6432416439056396,True,False,False,ABSTAIN,7.934,4.5
Policy_B_ConfidenceGated,7,134,0,0,0.7492033243179321,True,False,False,ABSTAIN,8.283,4.5
Policy_B_ConfidenceGated,7,135,1,0,0.9261137843132019,False,False,True,CLASS_0,6.677,4.5
Policy_B_ConfidenceGated,7,136,0,0,0.9875362515449524,False,True,False,CLASS_0,6.624,4.5
Policy_B_ConfidenceGated,7,137,1,0,0.7582078576087952,True,False,False,ABSTAIN,4.882,4.5
Policy_B_ConfidenceGated,7,138,0,0,0.8610055446624756,False,True,False,CLASS_0,4.505,4.5
Policy_B_ConfidenceGated,7,139,1,0,0.6508508324623108,True,False,False,ABSTAIN,6.744,4.5
Policy_B_ConfidenceGated,7,140,0,0,0.8992448449134827,False,True,False,CLASS_0,5.313,4.5
Policy_B_ConfidenceGated,7,141,1,0,0.9224078059196472,False,False,True,CLASS_0,5.163,4.5
Policy_B_ConfidenceGated,7,142,0,0,0.989391565322876,False,True,False,CLASS_0,5.304,4.5
Policy_B_ConfidenceGated,7,143,1,0,0.6282089948654175,True,False,False,ABSTAIN,5.211,4.5
Policy_B_ConfidenceGated,7,144,1,1,0.6705735325813293,True,False,False,ABSTAIN,5.137,4.5
Policy_B_ConfidenceGated,7,145,0,0,0.9610097408294678,False,True,False,CLASS_0,7.02,4.5
Policy_B_ConfidenceGated,7,146,0,0,0.9483034610748291,False,True,False,CLASS_0,9.946,4.5
Policy_B_ConfidenceGated,7,147,1,0,0.7213583588600159,True,False,False,ABSTAIN,10.092,4.5
Policy_B_ConfidenceGated,7,148,0,0,0.9949066042900085,False,True,False,CLASS_0,31.315,4.5
Policy_B_ConfidenceGated,7,149,0,0,0.9183734059333801,False,True,False,CLASS_0,7.579,4.5
Policy_B_ConfidenceGated,7,150,1,1,0.8061883449554443,True,False,False,ABSTAIN,4.69,4.5
Policy_B_ConfidenceGated,7,151,1,1,0.7752200365066528,True,False,False,ABSTAIN,3.941,4.5
Policy_B_ConfidenceGated,7,152,0,0,0.6911396384239197,True,False,False,ABSTAIN,4.427,4.5
Policy_B_ConfidenceGated,7,153,1,0,0.830878496170044,False,False,True,CLASS_0,7.616,4.5
Policy_B_ConfidenceGated,7,154,0,0,0.9557362794876099,False,True,False,CLASS_0,4.038,4.5
Policy_B_ConfidenceGated,7,155,0,1,0.9070351719856262,False,False,True,CLASS_1,4.466,4.5
Policy_B_ConfidenceGated,7,156,1,1,0.8906923532485962,False,True,False,CLASS_1,3.763,4.5
Policy_B_ConfidenceGated,7,157,0,0,0.729194164276123,True,False,False,ABSTAIN,3.667,4.5
Policy_B_ConfidenceGated,7,158,0,0,0.8485080003738403,False,True,False,CLASS_0,3.89,4.5
Policy_B_ConfidenceGated,7,159,1,0,0.6372010111808777,True,False,False,ABSTAIN,3.934,4.5
Policy_B_ConfidenceGated,7,160,0,0,0.5702597498893738,True,False,False,ABSTAIN,3.922,4.5
Policy_C_SharedControl,7,1,0,0,0.8319357633590698,False,True,False,SELECT_LEFT,4.022,4.5
Policy_C_SharedControl,7,2,0,0,0.9965157508850098,False,True,False,REACH_FORWARD,3.765,4.5
Policy_C_SharedControl,7,3,1,0,0.8803868889808655,False,False,True,GRASP_OPEN,3.903,4.5
Policy_C_SharedControl,7,4,1,1,0.7636216878890991,True,False,False,ABSTAIN,4.385,4.5
Policy_C_SharedControl,7,5,1,1,0.5120375156402588,True,False,False,ABSTAIN,3.718,4.5
Policy_C_SharedControl,7,6,1,0,0.5202869772911072,True,False,False,ABSTAIN,3.731,4.5
Policy_C_SharedControl,7,7,0,0,0.941906213760376,False,True,False,GRASP_OPEN,4.35,4.5
Policy_C_SharedControl,7,8,1,0,0.9856045842170715,False,False,True,GRASP_OPEN,3.727,4.5
Policy_C_SharedControl,7,9,0,0,0.9876096248626709,False,True,False,GRASP_OPEN,4.284,4.5
Policy_C_SharedControl,7,10,0,0,0.9823044538497925,False,True,False,GRASP_OPEN,4.336,4.5
Policy_C_SharedControl,7,11,1,1,0.7247405648231506,True,False,False,ABSTAIN,5.736,4.5
Policy_C_SharedControl,7,12,1,0,0.5580995678901672,True,False,False,ABSTAIN,4.957,4.5
Policy_C_SharedControl,7,13,1,1,0.8111648559570312,True,False,False,ABSTAIN,5.472,4.5
Policy_C_SharedControl,7,14,0,0,0.9807290434837341,False,True,False,GRASP_OPEN,5.108,4.5
Policy_C_SharedControl,7,15,1,1,0.5877736806869507,True,False,False,ABSTAIN,5.087,4.5
Policy_C_SharedControl,7,16,1,1,0.9788627624511719,False,True,False,GRASP_CLOSE,5.293,4.5
Policy_C_SharedControl,7,17,1,1,0.8156861662864685,True,False,False,ABSTAIN,6.0,4.5
Policy_C_SharedControl,7,18,0,0,0.9241369962692261,False,True,False,GRASP_OPEN,5.991,4.5
Policy_C_SharedControl,7,19,1,0,0.979033887386322,False,False,True,GRASP_OPEN,5.642,4.5
Policy_C_SharedControl,7,20,0,0,0.9523245692253113,False,True,False,GRASP_OPEN,5.873,4.5
Policy_C_SharedControl,7,21,0,0,0.9995502829551697,False,True,False,GRASP_OPEN,5.372,4.5
Policy_C_SharedControl,7,22,0,1,0.7302597165107727,True,False,False,ABSTAIN,6.022,4.5
Policy_C_SharedControl,7,23,1,0,0.8082017302513123,True,False,False,ABSTAIN,5.977,4.5
Policy_C_SharedControl,7,24,1,1,0.8868553638458252,False,True,False,GRASP_CLOSE,6.363,4.5
Policy_C_SharedControl,7,25,0,0,0.9968003034591675,False,True,False,GRASP_OPEN,6.271,4.5
Policy_C_SharedControl,7,26,0,0,0.9707174301147461,False,True,False,GRASP_OPEN,5.598,4.5
Policy_C_SharedControl,7,27,0,0,0.9911394715309143,False,True,False,GRASP_OPEN,6.366,4.5
Policy_C_SharedControl,7,28,0,0,0.9727597236633301,False,True,False,GRASP_OPEN,7.823,4.5
Policy_C_SharedControl,7,29,0,0,0.941729724407196,False,True,False,GRASP_OPEN,6.27,4.5
Policy_C_SharedControl,7,30,0,0,0.9504532217979431,False,True,False,GRASP_OPEN,5.684,4.5
Policy_C_SharedControl,7,31,1,1,0.9542816281318665,False,True,False,GRASP_CLOSE,5.519,4.5
Policy_C_SharedControl,7,32,1,1,0.9581437706947327,False,True,False,GRASP_CLOSE,5.88,4.5
Policy_C_SharedControl,7,33,1,1,0.6028421521186829,True,False,False,ABSTAIN,30.834,4.5
Policy_C_SharedControl,7,34,1,0,0.5594555735588074,True,False,False,ABSTAIN,7.21,4.5
Policy_C_SharedControl,7,35,0,0,0.998018741607666,False,True,False,GRASP_OPEN,6.988,4.5
Policy_C_SharedControl,7,36,0,0,0.9977601766586304,False,True,False,GRASP_OPEN,6.966,4.5
Policy_C_SharedControl,7,37,0,1,0.7548372745513916,True,False,False,ABSTAIN,7.77,4.5
Policy_C_SharedControl,7,38,1,1,0.7151068449020386,True,False,False,ABSTAIN,7.424,4.5
Policy_C_SharedControl,7,39,1,0,0.9138641953468323,False,False,True,GRASP_OPEN,7.028,4.5
Policy_C_SharedControl,7,40,0,0,0.9718073606491089,False,True,False,GRASP_OPEN,6.161,4.5
Policy_C_SharedControl,7,41,0,0,0.9852818846702576,False,True,False,GRASP_OPEN,5.926,4.5
Policy_C_SharedControl,7,42,1,0,0.8276646733283997,True,False,False,ABSTAIN,6.215,4.5
Policy_C_SharedControl,7,43,1,1,0.6625891327857971,True,False,False,ABSTAIN,5.795,4.5
Policy_C_SharedControl,7,44,1,1,0.5392611622810364,True,False,False,ABSTAIN,7.153,4.5
Policy_C_SharedControl,7,45,0,0,0.8077929019927979,True,False,False,ABSTAIN,6.462,4.5
Policy_C_SharedControl,7,46,0,1,0.7448875308036804,True,False,False,ABSTAIN,6.482,4.5
Policy_C_SharedControl,7,47,1,1,0.6629583239555359,True,False,False,ABSTAIN,6.905,4.5
Policy_C_SharedControl,7,48,0,0,0.9303289651870728,False,True,False,GRASP_OPEN,6.454,4.5
Policy_C_SharedControl,7,49,1,0,0.5117282271385193,True,False,False,ABSTAIN,6.638,4.5
Policy_C_SharedControl,7,50,1,0,0.8149346709251404,True,False,False,ABSTAIN,5.999,4.5
Policy_C_SharedControl,7,51,1,1,0.994055986404419,False,True,False,GRASP_CLOSE,13.088,4.5
Policy_C_SharedControl,7,52,1,0,0.8523389101028442,False,False,True,GRASP_OPEN,7.908,4.5
Policy_C_SharedControl,7,53,1,1,0.6525126099586487,True,False,False,ABSTAIN,8.944,4.5
Policy_C_SharedControl,7,54,0,0,0.9192068576812744,False,True,False,GRASP_OPEN,8.509,4.5
Policy_C_SharedControl,7,55,1,0,0.6881019473075867,True,False,False,ABSTAIN,6.822,4.5
Policy_C_SharedControl,7,56,0,0,0.9746668934822083,False,True,False,GRASP_OPEN,7.136,4.5
Policy_C_SharedControl,7,57,1,0,0.9206982851028442,False,False,True,GRASP_OPEN,4.661,4.5
Policy_C_SharedControl,7,58,0,0,0.861020565032959,False,True,False,GRASP_OPEN,7.234,4.5
Policy_C_SharedControl,7,59,0,0,0.9816151261329651,False,True,False,GRASP_OPEN,4.577,4.5
Policy_C_SharedControl,7,60,0,0,0.9632093906402588,False,True,False,GRASP_OPEN,4.771,4.5
Policy_C_SharedControl,7,61,0,1,0.7725324630737305,True,False,False,ABSTAIN,8.432,4.5
Policy_C_SharedControl,7,62,1,1,0.6195135712623596,True,False,False,ABSTAIN,5.764,4.5
Policy_C_SharedControl,7,63,0,0,0.9757848978042603,False,True,False,GRASP_OPEN,4.614,4.5
Policy_C_SharedControl,7,64,0,0,0.6992583870887756,True,False,False,ABSTAIN,5.711,4.5
Policy_C_SharedControl,7,65,0,0,0.9857387542724609,False,True,False,GRASP_OPEN,5.569,4.5
Policy_C_SharedControl,7,66,1,0,0.8368305563926697,False,False,True,GRASP_OPEN,5.555,4.5
Policy_C_SharedControl,7,67,0,0,0.950484573841095,False,True,False,GRASP_OPEN,5.984,4.5
Policy_C_SharedControl,7,68,1,0,0.7123468518257141,True,False,False,ABSTAIN,5.955,4.5
Policy_C_SharedControl,7,69,0,0,0.9648573994636536,False,True,False,GRASP_OPEN,6.192,4.5
Policy_C_SharedControl,7,70,1,1,0.5134427547454834,True,False,False,ABSTAIN,5.668,4.5
Policy_C_SharedControl,7,71,1,1,0.7689266800880432,True,False,False,ABSTAIN,5.975,4.5
Policy_C_SharedControl,7,72,1,1,0.5090139508247375,True,False,False,ABSTAIN,6.158,4.5
Policy_C_SharedControl,7,73,0,0,0.9484930038452148,False,True,False,GRASP_OPEN,6.731,4.5
Policy_C_SharedControl,7,74,1,1,0.7526144981384277,True,False,False,ABSTAIN,8.877,4.5
Policy_C_SharedControl,7,75,0,0,0.6253256797790527,True,False,False,ABSTAIN,5.557,4.5
Policy_C_SharedControl,7,76,0,0,0.9417787790298462,False,True,False,GRASP_OPEN,6.195,4.5
Policy_C_SharedControl,7,77,1,1,0.9081966876983643,False,True,False,GRASP_CLOSE,5.524,4.5
Policy_C_SharedControl,7,78,0,0,0.9407791495323181,False,True,False,GRASP_OPEN,5.231,4.5
Policy_C_SharedControl,7,79,0,1,0.7186984419822693,True,False,False,ABSTAIN,6.145,4.5
Policy_C_SharedControl,7,80,1,1,0.5673999786376953,True,False,False,ABSTAIN,5.676,4.5
Policy_C_SharedControl,7,81,1,0,0.5805898904800415,True,False,False,ABSTAIN,5.733,4.5
Policy_C_SharedControl,7,82,0,0,0.9707424640655518,False,True,False,GRASP_OPEN,6.249,4.5
Policy_C_SharedControl,7,83,1,0,0.8788574934005737,False,False,True,GRASP_OPEN,6.343,4.5
Policy_C_SharedControl,7,84,1,0,0.5645169019699097,True,False,False,ABSTAIN,10.217,4.5
Policy_C_SharedControl,7,85,1,1,0.7137849926948547,True,False,False,ABSTAIN,6.084,4.5
Policy_C_SharedControl,7,86,0,0,0.9358970522880554,False,True,False,GRASP_OPEN,6.016,4.5
Policy_C_SharedControl,7,87,0,0,0.9596782326698303,False,True,False,GRASP_OPEN,5.602,4.5
Policy_C_SharedControl,7,88,0,0,0.9221472144126892,False,True,False,GRASP_OPEN,5.632,4.5
Policy_C_SharedControl,7,89,1,0,0.9731464385986328,False,False,True,GRASP_OPEN,6.767,4.5
Policy_C_SharedControl,7,90,0,1,0.8061018586158752,True,False,False,ABSTAIN,6.721,4.5
Policy_C_SharedControl,7,91,0,0,0.8917304277420044,False,True,False,GRASP_OPEN,6.224,4.5
Policy_C_SharedControl,7,92,1,1,0.527201235294342,True,False,False,ABSTAIN,6.723,4.5
Policy_C_SharedControl,7,93,1,0,0.5249238014221191,True,False,False,ABSTAIN,7.289,4.5
Policy_C_SharedControl,7,94,1,0,0.640274167060852,True,False,False,ABSTAIN,6.614,4.5
Policy_C_SharedControl,7,95,0,0,0.9568952918052673,False,True,False,GRASP_OPEN,6.429,4.5
Policy_C_SharedControl,7,96,0,0,0.8353680372238159,False,True,False,GRASP_OPEN,6.483,4.5
Policy_C_SharedControl,7,97,1,1,0.5899252891540527,True,False,False,ABSTAIN,13.522,4.5
Policy_C_SharedControl,7,98,1,0,0.8602957725524902,False,False,True,GRASP_OPEN,6.739,4.5
Policy_C_SharedControl,7,99,0,0,0.9800872802734375,False,True,False,GRASP_OPEN,6.115,4.5
Policy_C_SharedControl,7,100,1,1,0.9351837038993835,False,True,False,GRASP_CLOSE,5.975,4.5
Policy_C_SharedControl,7,101,1,1,0.7872096300125122,True,False,False,ABSTAIN,5.988,4.5
Policy_C_SharedControl,7,102,1,0,0.820972204208374,True,False,False,ABSTAIN,6.088,4.5
Policy_C_SharedControl,7,103,1,0,0.8367369771003723,False,False,True,GRASP_OPEN,5.847,4.5
Policy_C_SharedControl,7,104,0,0,0.8682287931442261,False,True,False,GRASP_OPEN,6.223,4.5
Policy_C_SharedControl,7,105,0,0,0.5906245708465576,True,False,False,ABSTAIN,5.951,4.5
Policy_C_SharedControl,7,106,0,0,0.9606726765632629,False,True,False,GRASP_OPEN,5.963,4.5
Policy_C_SharedControl,7,107,0,1,0.7519518136978149,True,False,False,ABSTAIN,6.446,4.5
Policy_C_SharedControl,7,108,0,0,0.9935816526412964,False,True,False,GRASP_OPEN,5.664,4.5
Policy_C_SharedControl,7,109,0,0,0.7191028594970703,True,False,False,ABSTAIN,5.822,4.5
Policy_C_SharedControl,7,110,0,1,0.7152370810508728,True,False,False,ABSTAIN,8.076,4.5
Policy_C_SharedControl,7,111,1,1,0.9293116331100464,False,True,False,GRASP_CLOSE,6.46,4.5
Policy_C_SharedControl,7,112,1,0,0.83847576379776,False,False,True,GRASP_OPEN,6.106,4.5
Policy_C_SharedControl,7,113,1,1,0.6173892021179199,True,False,False,ABSTAIN,7.782,4.5
Policy_C_SharedControl,7,114,1,0,0.9183176159858704,False,False,True,GRASP_OPEN,7.553,4.5
Policy_C_SharedControl,7,115,0,0,0.8064789175987244,True,False,False,ABSTAIN,6.063,4.5
Policy_C_SharedControl,7,116,0,0,0.8556439876556396,False,True,False,GRASP_OPEN,6.055,4.5
Policy_C_SharedControl,7,117,0,0,0.9000949859619141,False,True,False,GRASP_OPEN,5.958,4.5
Policy_C_SharedControl,7,118,0,1,0.8157570362091064,True,False,False,ABSTAIN,6.365,4.5
Policy_C_SharedControl,7,119,1,0,0.8398241400718689,False,False,True,GRASP_OPEN,6.039,4.5
Policy_C_SharedControl,7,120,1,1,0.8071549534797668,True,False,False,ABSTAIN,6.569,4.5
Policy_C_SharedControl,7,121,1,0,0.9516696333885193,False,False,True,GRASP_OPEN,6.108,4.5
Policy_C_SharedControl,7,122,0,0,0.9956610798835754,False,True,False,GRASP_OPEN,7.22,4.5
Policy_C_SharedControl,7,123,0,0,0.9635140895843506,False,True,False,GRASP_OPEN,14.793,4.5
Policy_C_SharedControl,7,124,0,0,0.7486330270767212,True,False,False,ABSTAIN,8.918,4.5
Policy_C_SharedControl,7,125,1,1,0.8315655589103699,False,True,False,GRASP_CLOSE,7.126,4.5
Policy_C_SharedControl,7,126,1,0,0.9860092997550964,False,False,True,GRASP_OPEN,6.399,4.5
Policy_C_SharedControl,7,127,1,1,0.6459340453147888,True,False,False,ABSTAIN,6.541,4.5
Policy_C_SharedControl,7,128,1,0,0.8094911575317383,True,False,False,ABSTAIN,5.8,4.5
Policy_C_SharedControl,7,129,0,0,0.9620413184165955,False,True,False,GRASP_OPEN,5.428,4.5
Policy_C_SharedControl,7,130,1,1,0.9278631806373596,False,True,False,GRASP_CLOSE,5.177,4.5
Policy_C_SharedControl,7,131,0,0,0.9386711120605469,False,True,False,GRASP_OPEN,5.651,4.5
Policy_C_SharedControl,7,132,1,1,0.9580827951431274,False,True,False,GRASP_CLOSE,5.381,4.5
Policy_C_SharedControl,7,133,1,0,0.6432416439056396,True,False,False,ABSTAIN,5.193,4.5
Policy_C_SharedControl,7,134,0,0,0.7492033243179321,True,False,False,ABSTAIN,5.491,4.5
Policy_C_SharedControl,7,135,1,0,0.9261137843132019,False,False,True,GRASP_OPEN,5.31,4.5
Policy_C_SharedControl,7,136,0,0,0.9875362515449524,False,True,False,GRASP_OPEN,5.124,4.5
Policy_C_SharedControl,7,137,1,0,0.7582078576087952,True,False,False,ABSTAIN,5.159,4.5
Policy_C_SharedControl,7,138,0,0,0.8610055446624756,False,True,False,GRASP_OPEN,5.125,4.5
Policy_C_SharedControl,7,139,1,0,0.6508508324623108,True,False,False,ABSTAIN,5.127,4.5
Policy_C_SharedControl,7,140,0,0,0.8992448449134827,False,True,False,GRASP_OPEN,5.802,4.5
Policy_C_SharedControl,7,141,1,0,0.9224078059196472,False,False,True,GRASP_OPEN,6.9,4.5
Policy_C_SharedControl,7,142,0,0,0.989391565322876,False,True,False,GRASP_OPEN,6.858,4.5
Policy_C_SharedControl,7,143,1,0,0.6282089948654175,True,False,False,ABSTAIN,7.407,4.5
Policy_C_SharedControl,7,144,1,1,0.6705735325813293,True,False,False,ABSTAIN,7.983,4.5
Policy_C_SharedControl,7,145,0,0,0.9610097408294678,False,True,False,GRASP_OPEN,8.522,4.5
Policy_C_SharedControl,7,146,0,0,0.9483034610748291,False,True,False,GRASP_OPEN,7.094,4.5
Policy_C_SharedControl,7,147,1,0,0.7213583588600159,True,False,False,ABSTAIN,6.117,4.5
Policy_C_SharedControl,7,148,0,0,0.9949066042900085,False,True,False,GRASP_OPEN,7.357,4.5
Policy_C_SharedControl,7,149,0,0,0.9183734059333801,False,True,False,GRASP_OPEN,6.755,4.5
Policy_C_SharedControl,7,150,1,1,0.8061883449554443,True,False,False,ABSTAIN,6.267,4.5
Policy_C_SharedControl,7,151,1,1,0.7752200365066528,True,False,False,ABSTAIN,5.81,4.5
Policy_C_SharedControl,7,152,0,0,0.6911396384239197,True,False,False,ABSTAIN,5.473,4.5
Policy_C_SharedControl,7,153,1,0,0.830878496170044,False,False,True,GRASP_OPEN,5.823,4.5
Policy_C_SharedControl,7,154,0,0,0.9557362794876099,False,True,False,GRASP_OPEN,5.352,4.5
Policy_C_SharedControl,7,155,0,1,0.9070351719856262,False,False,True,GRASP_CLOSE,5.706,4.5
Policy_C_SharedControl,7,156,1,1,0.8906923532485962,False,True,False,GRASP_CLOSE,5.652,4.5
Policy_C_SharedControl,7,157,0,0,0.729194164276123,True,False,False,ABSTAIN,5.49,4.5
Policy_C_SharedControl,7,158,0,0,0.8485080003738403,False,True,False,GRASP_OPEN,5.832,4.5
Policy_C_SharedControl,7,159,1,0,0.6372010111808777,True,False,False,ABSTAIN,5.407,4.5
Policy_C_SharedControl,7,160,0,0,0.5702597498893738,True,False,False,ABSTAIN,5.433,4.5
Policy_A_Direct,8,1,0,0,0.7076008915901184,False,True,False,CLASS_0,32.459,4.5
Policy_A_Direct,8,2,1,1,0.9326698780059814,False,True,False,CLASS_1,1.729,4.5
Policy_A_Direct,8,3,1,1,0.9165741205215454,False,True,False,CLASS_1,1.702,4.5
Policy_A_Direct,8,4,1,1,0.9675525426864624,False,True,False,CLASS_1,1.704,4.5
Policy_A_Direct,8,5,1,1,0.9888890981674194,False,True,False,CLASS_1,1.733,4.5
Policy_A_Direct,8,6,1,1,0.9214731454849243,False,True,False,CLASS_1,1.684,4.5
Policy_A_Direct,8,7,1,0,0.9090191721916199,False,False,True,CLASS_0,1.733,4.5
Policy_A_Direct,8,8,0,0,0.9883198738098145,False,True,False,CLASS_0,1.658,4.5
Policy_A_Direct,8,9,1,0,0.8851358890533447,False,False,True,CLASS_0,1.639,4.5
Policy_A_Direct,8,10,1,1,0.9554362297058105,False,True,False,CLASS_1,1.688,4.5
Policy_A_Direct,8,11,0,0,0.7578958868980408,False,True,False,CLASS_0,1.687,4.5
Policy_A_Direct,8,12,0,1,0.6370502710342407,False,False,True,CLASS_1,1.669,4.5
Policy_A_Direct,8,13,0,1,0.6803357601165771,False,False,True,CLASS_1,1.681,4.5
Policy_A_Direct,8,14,1,1,0.9948688745498657,False,True,False,CLASS_1,1.68,4.5
Policy_A_Direct,8,15,1,1,0.6110262274742126,False,True,False,CLASS_1,1.654,4.5
Policy_A_Direct,8,16,1,1,0.9876233339309692,False,True,False,CLASS_1,1.645,4.5
Policy_A_Direct,8,17,0,0,0.9278469085693359,False,True,False,CLASS_0,1.707,4.5
Policy_A_Direct,8,18,0,0,0.8903511166572571,False,True,False,CLASS_0,1.649,4.5
Policy_A_Direct,8,19,0,0,0.7343977093696594,False,True,False,CLASS_0,1.675,4.5
Policy_A_Direct,8,20,0,0,0.828476071357727,False,True,False,CLASS_0,1.686,4.5
Policy_A_Direct,8,21,0,0,0.9749780893325806,False,True,False,CLASS_0,1.697,4.5
Policy_A_Direct,8,22,1,1,0.9928440451622009,False,True,False,CLASS_1,1.682,4.5
Policy_A_Direct,8,23,0,0,0.5219686031341553,False,True,False,CLASS_0,1.674,4.5
Policy_A_Direct,8,24,0,0,0.9139564633369446,False,True,False,CLASS_0,1.666,4.5
Policy_A_Direct,8,25,1,1,0.9743553400039673,False,True,False,CLASS_1,1.675,4.5
Policy_A_Direct,8,26,0,0,0.8265624046325684,False,True,False,CLASS_0,1.69,4.5
Policy_A_Direct,8,27,1,1,0.9947665929794312,False,True,False,CLASS_1,1.765,4.5
Policy_A_Direct,8,28,0,0,0.8750314712524414,False,True,False,CLASS_0,1.662,4.5
Policy_A_Direct,8,29,1,1,0.9140607714653015,False,True,False,CLASS_1,1.679,4.5
Policy_A_Direct,8,30,1,0,0.7007501125335693,False,False,True,CLASS_0,1.71,4.5
Policy_A_Direct,8,31,1,0,0.5643070340156555,False,False,True,CLASS_0,1.667,4.5
Policy_A_Direct,8,32,0,0,0.8413593769073486,False,True,False,CLASS_0,1.667,4.5
Policy_A_Direct,8,33,1,1,0.9140447974205017,False,True,False,CLASS_1,1.671,4.5
Policy_A_Direct,8,34,1,1,0.9565072655677795,False,True,False,CLASS_1,1.683,4.5
Policy_A_Direct,8,35,0,0,0.9603918790817261,False,True,False,CLASS_0,1.698,4.5
Policy_A_Direct,8,36,0,0,0.9293436408042908,False,True,False,CLASS_0,1.659,4.5
Policy_A_Direct,8,37,1,1,0.9988784193992615,False,True,False,CLASS_1,1.639,4.5
Policy_A_Direct,8,38,0,1,0.5151903629302979,False,False,True,CLASS_1,1.674,4.5
Policy_A_Direct,8,39,0,0,0.7189469337463379,False,True,False,CLASS_0,1.71,4.5
Policy_A_Direct,8,40,0,1,0.8181292414665222,False,False,True,CLASS_1,1.708,4.5
Policy_A_Direct,8,41,0,0,0.9394786953926086,False,True,False,CLASS_0,1.696,4.5
Policy_A_Direct,8,42,0,0,0.9621086716651917,False,True,False,CLASS_0,1.649,4.5
Policy_A_Direct,8,43,1,1,0.9340551495552063,False,True,False,CLASS_1,1.704,4.5
Policy_A_Direct,8,44,0,0,0.9425715804100037,False,True,False,CLASS_0,1.711,4.5
Policy_A_Direct,8,45,0,0,0.9758613109588623,False,True,False,CLASS_0,1.672,4.5
Policy_A_Direct,8,46,1,0,0.8686361908912659,False,False,True,CLASS_0,1.653,4.5
Policy_A_Direct,8,47,0,1,0.8888442516326904,False,False,True,CLASS_1,1.702,4.5
Policy_A_Direct,8,48,0,1,0.9095430970191956,False,False,True,CLASS_1,1.679,4.5
Policy_A_Direct,8,49,1,1,0.5147351622581482,False,True,False,CLASS_1,1.684,4.5
Policy_A_Direct,8,50,0,1,0.9760562181472778,False,False,True,CLASS_1,1.708,4.5
Policy_A_Direct,8,51,1,1,0.9952580332756042,False,True,False,CLASS_1,1.673,4.5
Policy_A_Direct,8,52,1,1,0.9977691173553467,False,True,False,CLASS_1,1.678,4.5
Policy_A_Direct,8,53,1,1,0.9484754204750061,False,True,False,CLASS_1,1.686,4.5
Policy_A_Direct,8,54,1,0,0.9354249238967896,False,False,True,CLASS_0,1.696,4.5
Policy_A_Direct,8,55,1,1,0.9933444261550903,False,True,False,CLASS_1,1.678,4.5
Policy_A_Direct,8,56,0,0,0.6876370906829834,False,True,False,CLASS_0,1.698,4.5
Policy_A_Direct,8,57,1,1,0.8896909952163696,False,True,False,CLASS_1,1.655,4.5
Policy_A_Direct,8,58,1,0,0.7040871381759644,False,False,True,CLASS_0,1.656,4.5
Policy_A_Direct,8,59,1,1,0.9774056077003479,False,True,False,CLASS_1,1.686,4.5
Policy_A_Direct,8,60,1,1,0.9491166472434998,False,True,False,CLASS_1,1.775,4.5
Policy_A_Direct,8,61,0,0,0.8956983089447021,False,True,False,CLASS_0,1.802,4.5
Policy_A_Direct,8,62,0,0,0.9634509086608887,False,True,False,CLASS_0,1.77,4.5
Policy_A_Direct,8,63,1,1,0.9690966010093689,False,True,False,CLASS_1,1.775,4.5
Policy_A_Direct,8,64,0,0,0.8790881633758545,False,True,False,CLASS_0,1.765,4.5
Policy_A_Direct,8,65,0,0,0.9824513792991638,False,True,False,CLASS_0,1.765,4.5
Policy_A_Direct,8,66,1,1,0.9268396496772766,False,True,False,CLASS_1,1.771,4.5
Policy_A_Direct,8,67,0,0,0.9703041315078735,False,True,False,CLASS_0,1.74,4.5
Policy_A_Direct,8,68,0,0,0.734932541847229,False,True,False,CLASS_0,1.761,4.5
Policy_A_Direct,8,69,1,1,0.717114269733429,False,True,False,CLASS_1,1.825,4.5
Policy_A_Direct,8,70,1,1,0.7867237329483032,False,True,False,CLASS_1,1.81,4.5
Policy_A_Direct,8,71,1,0,0.927361011505127,False,False,True,CLASS_0,1.799,4.5
Policy_A_Direct,8,72,1,1,0.5673409700393677,False,True,False,CLASS_1,1.8,4.5
Policy_A_Direct,8,73,0,0,0.9310471415519714,False,True,False,CLASS_0,1.824,4.5
Policy_A_Direct,8,74,0,0,0.7880622148513794,False,True,False,CLASS_0,1.824,4.5
Policy_A_Direct,8,75,0,0,0.8051566481590271,False,True,False,CLASS_0,1.82,4.5
Policy_A_Direct,8,76,1,1,0.6499016880989075,False,True,False,CLASS_1,1.81,4.5
Policy_A_Direct,8,77,1,1,0.9781569838523865,False,True,False,CLASS_1,1.836,4.5
Policy_A_Direct,8,78,0,0,0.949162483215332,False,True,False,CLASS_0,1.914,4.5
Policy_A_Direct,8,79,0,0,0.6591432690620422,False,True,False,CLASS_0,1.956,4.5
Policy_A_Direct,8,80,0,0,0.9722217321395874,False,True,False,CLASS_0,1.877,4.5
Policy_A_Direct,8,81,1,0,0.7717970609664917,False,False,True,CLASS_0,1.924,4.5
Policy_A_Direct,8,82,0,0,0.9626138806343079,False,True,False,CLASS_0,1.954,4.5
Policy_A_Direct,8,83,0,0,0.5343371629714966,False,True,False,CLASS_0,1.944,4.5
Policy_A_Direct,8,84,1,1,0.9481024146080017,False,True,False,CLASS_1,1.993,4.5
Policy_A_Direct,8,85,0,0,0.908848226070404,False,True,False,CLASS_0,1.915,4.5
Policy_A_Direct,8,86,1,1,0.8760378956794739,False,True,False,CLASS_1,2.039,4.5
Policy_A_Direct,8,87,0,0,0.813427209854126,False,True,False,CLASS_0,2.027,4.5
Policy_A_Direct,8,88,1,1,0.9486714005470276,False,True,False,CLASS_1,2.015,4.5
Policy_A_Direct,8,89,0,0,0.973726749420166,False,True,False,CLASS_0,1.994,4.5
Policy_A_Direct,8,90,1,1,0.5777601599693298,False,True,False,CLASS_1,2.042,4.5
Policy_A_Direct,8,91,0,0,0.9916327595710754,False,True,False,CLASS_0,2.059,4.5
Policy_A_Direct,8,92,0,1,0.5488595366477966,False,False,True,CLASS_1,2.013,4.5
Policy_A_Direct,8,93,1,0,0.6706749200820923,False,False,True,CLASS_0,2.013,4.5
Policy_A_Direct,8,94,0,0,0.9390640258789062,False,True,False,CLASS_0,2.157,4.5
Policy_A_Direct,8,95,1,1,0.9801589250564575,False,True,False,CLASS_1,2.143,4.5
Policy_A_Direct,8,96,0,0,0.8580875992774963,False,True,False,CLASS_0,2.146,4.5
Policy_A_Direct,8,97,1,1,0.9505817294120789,False,True,False,CLASS_1,2.129,4.5
Policy_A_Direct,8,98,0,0,0.9793062210083008,False,True,False,CLASS_0,2.113,4.5
Policy_A_Direct,8,99,1,1,0.9821277856826782,False,True,False,CLASS_1,2.131,4.5
Policy_A_Direct,8,100,0,0,0.6072844862937927,False,True,False,CLASS_0,2.152,4.5
Policy_A_Direct,8,101,0,1,0.6941041350364685,False,False,True,CLASS_1,2.252,4.5
Policy_A_Direct,8,102,0,0,0.9565139412879944,False,True,False,CLASS_0,2.296,4.5
Policy_A_Direct,8,103,1,0,0.7635886073112488,False,False,True,CLASS_0,2.291,4.5
Policy_A_Direct,8,104,1,1,0.6435539722442627,False,True,False,CLASS_1,2.292,4.5
Policy_A_Direct,8,105,0,0,0.8218851089477539,False,True,False,CLASS_0,2.313,4.5
Policy_A_Direct,8,106,0,0,0.7509893774986267,False,True,False,CLASS_0,2.321,4.5
Policy_A_Direct,8,107,1,1,0.9635047912597656,False,True,False,CLASS_1,2.459,4.5
Policy_A_Direct,8,108,0,0,0.8447930812835693,False,True,False,CLASS_0,4.203,4.5
Policy_A_Direct,8,109,1,1,0.9771326780319214,False,True,False,CLASS_1,3.075,4.5
Policy_A_Direct,8,110,0,0,0.9721220135688782,False,True,False,CLASS_0,3.247,4.5
Policy_A_Direct,8,111,1,1,0.9993675351142883,False,True,False,CLASS_1,2.925,4.5
Policy_A_Direct,8,112,1,1,0.9569511413574219,False,True,False,CLASS_1,2.947,4.5
Policy_A_Direct,8,113,1,1,0.9905408024787903,False,True,False,CLASS_1,4.905,4.5
Policy_A_Direct,8,114,1,1,0.9583772420883179,False,True,False,CLASS_1,4.548,4.5
Policy_A_Direct,8,115,1,1,0.9963613152503967,False,True,False,CLASS_1,4.726,4.5
Policy_A_Direct,8,116,0,0,0.6324234008789062,False,True,False,CLASS_0,5.05,4.5
Policy_A_Direct,8,117,1,1,0.95500248670578,False,True,False,CLASS_1,3.453,4.5
Policy_A_Direct,8,118,1,0,0.5901927351951599,False,False,True,CLASS_0,3.539,4.5
Policy_A_Direct,8,119,0,0,0.9850276708602905,False,True,False,CLASS_0,3.797,4.5
Policy_A_Direct,8,120,0,1,0.5302194356918335,False,False,True,CLASS_1,2.853,4.5
Policy_A_Direct,8,121,1,1,0.7647818922996521,False,True,False,CLASS_1,3.253,4.5
Policy_A_Direct,8,122,0,0,0.9929868578910828,False,True,False,CLASS_0,2.969,4.5
Policy_A_Direct,8,123,1,1,0.8972410559654236,False,True,False,CLASS_1,2.659,4.5
Policy_A_Direct,8,124,1,0,0.696040153503418,False,False,True,CLASS_0,2.862,4.5
Policy_A_Direct,8,125,0,0,0.9502214193344116,False,True,False,CLASS_0,2.677,4.5
Policy_A_Direct,8,126,1,0,0.5153595805168152,False,False,True,CLASS_0,2.752,4.5
Policy_A_Direct,8,127,0,1,0.7183653116226196,False,False,True,CLASS_1,2.824,4.5
Policy_A_Direct,8,128,0,0,0.9995840191841125,False,True,False,CLASS_0,2.687,4.5
Policy_A_Direct,8,129,1,1,0.9752491116523743,False,True,False,CLASS_1,2.691,4.5
Policy_A_Direct,8,130,0,0,0.9631667137145996,False,True,False,CLASS_0,2.79,4.5
Policy_A_Direct,8,131,0,0,0.7732288241386414,False,True,False,CLASS_0,2.721,4.5
Policy_A_Direct,8,132,1,1,0.7762870192527771,False,True,False,CLASS_1,2.687,4.5
Policy_A_Direct,8,133,1,1,0.950878918170929,False,True,False,CLASS_1,2.994,4.5
Policy_A_Direct,8,134,1,1,0.8154508471488953,False,True,False,CLASS_1,2.936,4.5
Policy_A_Direct,8,135,0,0,0.8566688299179077,False,True,False,CLASS_0,2.687,4.5
Policy_A_Direct,8,136,1,1,0.910716712474823,False,True,False,CLASS_1,2.712,4.5
Policy_A_Direct,8,137,1,1,0.9547105431556702,False,True,False,CLASS_1,2.541,4.5
Policy_A_Direct,8,138,0,0,0.9632666707038879,False,True,False,CLASS_0,2.652,4.5
Policy_A_Direct,8,139,0,0,0.9217749238014221,False,True,False,CLASS_0,2.873,4.5
Policy_A_Direct,8,140,0,0,0.8182111382484436,False,True,False,CLASS_0,2.683,4.5
Policy_A_Direct,8,141,0,0,0.9941468238830566,False,True,False,CLASS_0,2.618,4.5
Policy_A_Direct,8,142,0,0,0.8455954790115356,False,True,False,CLASS_0,2.799,4.5
Policy_A_Direct,8,143,1,1,0.8150498270988464,False,True,False,CLASS_1,2.686,4.5
Policy_A_Direct,8,144,0,0,0.9422152042388916,False,True,False,CLASS_0,2.681,4.5
Policy_A_Direct,8,145,1,1,0.9898658394813538,False,True,False,CLASS_1,3.203,4.5
Policy_A_Direct,8,146,0,0,0.8427512049674988,False,True,False,CLASS_0,2.709,4.5
Policy_A_Direct,8,147,1,1,0.9559398293495178,False,True,False,CLASS_1,2.62,4.5
Policy_A_Direct,8,148,0,1,0.6538711786270142,False,False,True,CLASS_1,2.848,4.5
Policy_A_Direct,8,149,1,1,0.9719181656837463,False,True,False,CLASS_1,2.74,4.5
Policy_A_Direct,8,150,0,0,0.814281702041626,False,True,False,CLASS_0,2.686,4.5
Policy_A_Direct,8,151,1,1,0.5884264707565308,False,True,False,CLASS_1,2.918,4.5
Policy_A_Direct,8,152,0,0,0.997266411781311,False,True,False,CLASS_0,2.754,4.5
Policy_A_Direct,8,153,0,0,0.7362043857574463,False,True,False,CLASS_0,2.757,4.5
Policy_A_Direct,8,154,0,0,0.658367395401001,False,True,False,CLASS_0,2.901,4.5
Policy_A_Direct,8,155,1,1,0.9898481965065002,False,True,False,CLASS_1,2.793,4.5
Policy_A_Direct,8,156,1,1,0.9140951037406921,False,True,False,CLASS_1,2.853,4.5
Policy_A_Direct,8,157,1,1,0.9363458156585693,False,True,False,CLASS_1,3.005,4.5
Policy_A_Direct,8,158,0,0,0.9967681169509888,False,True,False,CLASS_0,2.797,4.5
Policy_A_Direct,8,159,1,1,0.9449482560157776,False,True,False,CLASS_1,2.751,4.5
Policy_A_Direct,8,160,1,1,0.9837724566459656,False,True,False,CLASS_1,2.738,4.5
Policy_B_ConfidenceGated,8,1,0,0,0.7076008915901184,True,False,False,ABSTAIN,3.18,4.5
Policy_B_ConfidenceGated,8,2,1,1,0.9326698780059814,False,True,False,CLASS_1,2.628,4.5
Policy_B_ConfidenceGated,8,3,1,1,0.9165741205215454,False,True,False,CLASS_1,2.34,4.5
Policy_B_ConfidenceGated,8,4,1,1,0.9675525426864624,False,True,False,CLASS_1,2.297,4.5
Policy_B_ConfidenceGated,8,5,1,1,0.9888890981674194,False,True,False,CLASS_1,2.297,4.5
Policy_B_ConfidenceGated,8,6,1,1,0.9214731454849243,False,True,False,CLASS_1,2.262,4.5
Policy_B_ConfidenceGated,8,7,1,0,0.9090191721916199,False,False,True,CLASS_0,2.272,4.5
Policy_B_ConfidenceGated,8,8,0,0,0.9883198738098145,False,True,False,CLASS_0,2.297,4.5
Policy_B_ConfidenceGated,8,9,1,0,0.8851358890533447,False,False,True,CLASS_0,2.611,4.5
Policy_B_ConfidenceGated,8,10,1,1,0.9554362297058105,False,True,False,CLASS_1,2.478,4.5
Policy_B_ConfidenceGated,8,11,0,0,0.7578958868980408,True,False,False,ABSTAIN,2.442,4.5
Policy_B_ConfidenceGated,8,12,0,1,0.6370502710342407,True,False,False,ABSTAIN,2.406,4.5
Policy_B_ConfidenceGated,8,13,0,1,0.6803357601165771,True,False,False,ABSTAIN,2.365,4.5
Policy_B_ConfidenceGated,8,14,1,1,0.9948688745498657,False,True,False,CLASS_1,2.349,4.5
Policy_B_ConfidenceGated,8,15,1,1,0.6110262274742126,True,False,False,ABSTAIN,2.656,4.5
Policy_B_ConfidenceGated,8,16,1,1,0.9876233339309692,False,True,False,CLASS_1,2.791,4.5
Policy_B_ConfidenceGated,8,17,0,0,0.9278469085693359,False,True,False,CLASS_0,2.77,4.5
Policy_B_ConfidenceGated,8,18,0,0,0.8903511166572571,False,True,False,CLASS_0,2.62,4.5
Policy_B_ConfidenceGated,8,19,0,0,0.7343977093696594,True,False,False,ABSTAIN,2.745,4.5
Policy_B_ConfidenceGated,8,20,0,0,0.828476071357727,True,False,False,ABSTAIN,2.664,4.5
Policy_B_ConfidenceGated,8,21,0,0,0.9749780893325806,False,True,False,CLASS_0,2.699,4.5
Policy_B_ConfidenceGated,8,22,1,1,0.9928440451622009,False,True,False,CLASS_1,2.717,4.5
Policy_B_ConfidenceGated,8,23,0,0,0.5219686031341553,True,False,False,ABSTAIN,2.785,4.5
Policy_B_ConfidenceGated,8,24,0,0,0.9139564633369446,False,True,False,CLASS_0,2.635,4.5
Policy_B_ConfidenceGated,8,25,1,1,0.9743553400039673,False,True,False,CLASS_1,2.774,4.5
Policy_B_ConfidenceGated,8,26,0,0,0.8265624046325684,True,False,False,ABSTAIN,2.728,4.5
Policy_B_ConfidenceGated,8,27,1,1,0.9947665929794312,False,True,False,CLASS_1,3.082,4.5
Policy_B_ConfidenceGated,8,28,0,0,0.8750314712524414,False,True,False,CLASS_0,2.537,4.5
Policy_B_ConfidenceGated,8,29,1,1,0.9140607714653015,False,True,False,CLASS_1,2.543,4.5
Policy_B_ConfidenceGated,8,30,1,0,0.7007501125335693,True,False,False,ABSTAIN,2.562,4.5
Policy_B_ConfidenceGated,8,31,1,0,0.5643070340156555,True,False,False,ABSTAIN,2.549,4.5
Policy_B_ConfidenceGated,8,32,0,0,0.8413593769073486,False,True,False,CLASS_0,2.542,4.5
Policy_B_ConfidenceGated,8,33,1,1,0.9140447974205017,False,True,False,CLASS_1,2.433,4.5
Policy_B_ConfidenceGated,8,34,1,1,0.9565072655677795,False,True,False,CLASS_1,2.629,4.5
Policy_B_ConfidenceGated,8,35,0,0,0.9603918790817261,False,True,False,CLASS_0,2.503,4.5
Policy_B_ConfidenceGated,8,36,0,0,0.9293436408042908,False,True,False,CLASS_0,2.6,4.5
Policy_B_ConfidenceGated,8,37,1,1,0.9988784193992615,False,True,False,CLASS_1,2.694,4.5
Policy_B_ConfidenceGated,8,38,0,1,0.5151903629302979,True,False,False,ABSTAIN,2.496,4.5
Policy_B_ConfidenceGated,8,39,0,0,0.7189469337463379,True,False,False,ABSTAIN,2.516,4.5
Policy_B_ConfidenceGated,8,40,0,1,0.8181292414665222,True,False,False,ABSTAIN,3.054,4.5
Policy_B_ConfidenceGated,8,41,0,0,0.9394786953926086,False,True,False,CLASS_0,2.775,4.5
Policy_B_ConfidenceGated,8,42,0,0,0.9621086716651917,False,True,False,CLASS_0,2.836,4.5
Policy_B_ConfidenceGated,8,43,1,1,0.9340551495552063,False,True,False,CLASS_1,2.611,4.5
Policy_B_ConfidenceGated,8,44,0,0,0.9425715804100037,False,True,False,CLASS_0,2.667,4.5
Policy_B_ConfidenceGated,8,45,0,0,0.9758613109588623,False,True,False,CLASS_0,2.658,4.5
Policy_B_ConfidenceGated,8,46,1,0,0.8686361908912659,False,False,True,CLASS_0,2.659,4.5
Policy_B_ConfidenceGated,8,47,0,1,0.8888442516326904,False,False,True,CLASS_1,2.917,4.5
Policy_B_ConfidenceGated,8,48,0,1,0.9095430970191956,False,False,True,CLASS_1,2.526,4.5
Policy_B_ConfidenceGated,8,49,1,1,0.5147351622581482,True,False,False,ABSTAIN,2.739,4.5
Policy_B_ConfidenceGated,8,50,0,1,0.9760562181472778,False,False,True,CLASS_1,2.538,4.5
Policy_B_ConfidenceGated,8,51,1,1,0.9952580332756042,False,True,False,CLASS_1,2.459,4.5
Policy_B_ConfidenceGated,8,52,1,1,0.9977691173553467,False,True,False,CLASS_1,2.422,4.5
Policy_B_ConfidenceGated,8,53,1,1,0.9484754204750061,False,True,False,CLASS_1,2.508,4.5
Policy_B_ConfidenceGated,8,54,1,0,0.9354249238967896,False,False,True,CLASS_0,2.403,4.5
Policy_B_ConfidenceGated,8,55,1,1,0.9933444261550903,False,True,False,CLASS_1,2.458,4.5
Policy_B_ConfidenceGated,8,56,0,0,0.6876370906829834,True,False,False,ABSTAIN,2.681,4.5
Policy_B_ConfidenceGated,8,57,1,1,0.8896909952163696,False,True,False,CLASS_1,2.606,4.5
Policy_B_ConfidenceGated,8,58,1,0,0.7040871381759644,True,False,False,ABSTAIN,2.541,4.5
Policy_B_ConfidenceGated,8,59,1,1,0.9774056077003479,False,True,False,CLASS_1,2.594,4.5
Policy_B_ConfidenceGated,8,60,1,1,0.9491166472434998,False,True,False,CLASS_1,2.461,4.5
Policy_B_ConfidenceGated,8,61,0,0,0.8956983089447021,False,True,False,CLASS_0,2.501,4.5
Policy_B_ConfidenceGated,8,62,0,0,0.9634509086608887,False,True,False,CLASS_0,2.693,4.5
Policy_B_ConfidenceGated,8,63,1,1,0.9690966010093689,False,True,False,CLASS_1,2.573,4.5
Policy_B_ConfidenceGated,8,64,0,0,0.8790881633758545,False,True,False,CLASS_0,2.484,4.5
Policy_B_ConfidenceGated,8,65,0,0,0.9824513792991638,False,True,False,CLASS_0,2.523,4.5
Policy_B_ConfidenceGated,8,66,1,1,0.9268396496772766,False,True,False,CLASS_1,2.572,4.5
Policy_B_ConfidenceGated,8,67,0,0,0.9703041315078735,False,True,False,CLASS_0,2.53,4.5
Policy_B_ConfidenceGated,8,68,0,0,0.734932541847229,True,False,False,ABSTAIN,2.519,4.5
Policy_B_ConfidenceGated,8,69,1,1,0.717114269733429,True,False,False,ABSTAIN,2.615,4.5
Policy_B_ConfidenceGated,8,70,1,1,0.7867237329483032,True,False,False,ABSTAIN,2.566,4.5
Policy_B_ConfidenceGated,8,71,1,0,0.927361011505127,False,False,True,CLASS_0,2.506,4.5
Policy_B_ConfidenceGated,8,72,1,1,0.5673409700393677,True,False,False,ABSTAIN,2.821,4.5
Policy_B_ConfidenceGated,8,73,0,0,0.9310471415519714,False,True,False,CLASS_0,2.654,4.5
Policy_B_ConfidenceGated,8,74,0,0,0.7880622148513794,True,False,False,ABSTAIN,2.648,4.5
Policy_B_ConfidenceGated,8,75,0,0,0.8051566481590271,True,False,False,ABSTAIN,2.736,4.5
Policy_B_ConfidenceGated,8,76,1,1,0.6499016880989075,True,False,False,ABSTAIN,2.665,4.5
Policy_B_ConfidenceGated,8,77,1,1,0.9781569838523865,False,True,False,CLASS_1,2.717,4.5
Policy_B_ConfidenceGated,8,78,0,0,0.949162483215332,False,True,False,CLASS_0,2.75,4.5
Policy_B_ConfidenceGated,8,79,0,0,0.6591432690620422,True,False,False,ABSTAIN,2.646,4.5
Policy_B_ConfidenceGated,8,80,0,0,0.9722217321395874,False,True,False,CLASS_0,2.681,4.5
Policy_B_ConfidenceGated,8,81,1,0,0.7717970609664917,True,False,False,ABSTAIN,2.925,4.5
Policy_B_ConfidenceGated,8,82,0,0,0.9626138806343079,False,True,False,CLASS_0,2.737,4.5
Policy_B_ConfidenceGated,8,83,0,0,0.5343371629714966,True,False,False,ABSTAIN,2.788,4.5
Policy_B_ConfidenceGated,8,84,1,1,0.9481024146080017,False,True,False,CLASS_1,2.761,4.5
Policy_B_ConfidenceGated,8,85,0,0,0.908848226070404,False,True,False,CLASS_0,2.695,4.5
Policy_B_ConfidenceGated,8,86,1,1,0.8760378956794739,False,True,False,CLASS_1,2.626,4.5
Policy_B_ConfidenceGated,8,87,0,0,0.813427209854126,True,False,False,ABSTAIN,2.893,4.5
Policy_B_ConfidenceGated,8,88,1,1,0.9486714005470276,False,True,False,CLASS_1,2.645,4.5
Policy_B_ConfidenceGated,8,89,0,0,0.973726749420166,False,True,False,CLASS_0,2.653,4.5
Policy_B_ConfidenceGated,8,90,1,1,0.5777601599693298,True,False,False,ABSTAIN,2.729,4.5
Policy_B_ConfidenceGated,8,91,0,0,0.9916327595710754,False,True,False,CLASS_0,2.701,4.5
Policy_B_ConfidenceGated,8,92,0,1,0.5488595366477966,True,False,False,ABSTAIN,2.631,4.5
Policy_B_ConfidenceGated,8,93,1,0,0.6706749200820923,True,False,False,ABSTAIN,2.824,4.5
Policy_B_ConfidenceGated,8,94,0,0,0.9390640258789062,False,True,False,CLASS_0,2.748,4.5
Policy_B_ConfidenceGated,8,95,1,1,0.9801589250564575,False,True,False,CLASS_1,2.688,4.5
Policy_B_ConfidenceGated,8,96,0,0,0.8580875992774963,False,True,False,CLASS_0,2.681,4.5
Policy_B_ConfidenceGated,8,97,1,1,0.9505817294120789,False,True,False,CLASS_1,2.7,4.5
Policy_B_ConfidenceGated,8,98,0,0,0.9793062210083008,False,True,False,CLASS_0,2.661,4.5
Policy_B_ConfidenceGated,8,99,1,1,0.9821277856826782,False,True,False,CLASS_1,2.91,4.5
Policy_B_ConfidenceGated,8,100,0,0,0.6072844862937927,True,False,False,ABSTAIN,2.867,4.5
Policy_B_ConfidenceGated,8,101,0,1,0.6941041350364685,True,False,False,ABSTAIN,2.772,4.5
Policy_B_ConfidenceGated,8,102,0,0,0.9565139412879944,False,True,False,CLASS_0,2.726,4.5
Policy_B_ConfidenceGated,8,103,1,0,0.7635886073112488,True,False,False,ABSTAIN,2.743,4.5
Policy_B_ConfidenceGated,8,104,1,1,0.6435539722442627,True,False,False,ABSTAIN,2.79,4.5
Policy_B_ConfidenceGated,8,105,0,0,0.8218851089477539,True,False,False,ABSTAIN,3.102,4.5
Policy_B_ConfidenceGated,8,106,0,0,0.7509893774986267,True,False,False,ABSTAIN,2.984,4.5
Policy_B_ConfidenceGated,8,107,1,1,0.9635047912597656,False,True,False,CLASS_1,3.043,4.5
Policy_B_ConfidenceGated,8,108,0,0,0.8447930812835693,False,True,False,CLASS_0,3.176,4.5
Policy_B_ConfidenceGated,8,109,1,1,0.9771326780319214,False,True,False,CLASS_1,2.921,4.5
Policy_B_ConfidenceGated,8,110,0,0,0.9721220135688782,False,True,False,CLASS_0,3.043,4.5
Policy_B_ConfidenceGated,8,111,1,1,0.9993675351142883,False,True,False,CLASS_1,3.164,4.5
Policy_B_ConfidenceGated,8,112,1,1,0.9569511413574219,False,True,False,CLASS_1,3.099,4.5
Policy_B_ConfidenceGated,8,113,1,1,0.9905408024787903,False,True,False,CLASS_1,3.249,4.5
Policy_B_ConfidenceGated,8,114,1,1,0.9583772420883179,False,True,False,CLASS_1,3.069,4.5
Policy_B_ConfidenceGated,8,115,1,1,0.9963613152503967,False,True,False,CLASS_1,3.251,4.5
Policy_B_ConfidenceGated,8,116,0,0,0.6324234008789062,True,False,False,ABSTAIN,3.665,4.5
Policy_B_ConfidenceGated,8,117,1,1,0.95500248670578,False,True,False,CLASS_1,3.435,4.5
Policy_B_ConfidenceGated,8,118,1,0,0.5901927351951599,True,False,False,ABSTAIN,3.431,4.5
Policy_B_ConfidenceGated,8,119,0,0,0.9850276708602905,False,True,False,CLASS_0,3.059,4.5
Policy_B_ConfidenceGated,8,120,0,1,0.5302194356918335,True,False,False,ABSTAIN,3.462,4.5
Policy_B_ConfidenceGated,8,121,1,1,0.7647818922996521,True,False,False,ABSTAIN,4.101,4.5
Policy_B_ConfidenceGated,8,122,0,0,0.9929868578910828,False,True,False,CLASS_0,3.526,4.5
Policy_B_ConfidenceGated,8,123,1,1,0.8972410559654236,False,True,False,CLASS_1,3.694,4.5
Policy_B_ConfidenceGated,8,124,1,0,0.696040153503418,True,False,False,ABSTAIN,3.477,4.5
Policy_B_ConfidenceGated,8,125,0,0,0.9502214193344116,False,True,False,CLASS_0,4.241,4.5
Policy_B_ConfidenceGated,8,126,1,0,0.5153595805168152,True,False,False,ABSTAIN,3.783,4.5
Policy_B_ConfidenceGated,8,127,0,1,0.7183653116226196,True,False,False,ABSTAIN,3.95,4.5
Policy_B_ConfidenceGated,8,128,0,0,0.9995840191841125,False,True,False,CLASS_0,4.177,4.5
Policy_B_ConfidenceGated,8,129,1,1,0.9752491116523743,False,True,False,CLASS_1,5.143,4.5
Policy_B_ConfidenceGated,8,130,0,0,0.9631667137145996,False,True,False,CLASS_0,4.949,4.5
Policy_B_ConfidenceGated,8,131,0,0,0.7732288241386414,True,False,False,ABSTAIN,4.903,4.5
Policy_B_ConfidenceGated,8,132,1,1,0.7762870192527771,True,False,False,ABSTAIN,5.621,4.5
Policy_B_ConfidenceGated,8,133,1,1,0.950878918170929,False,True,False,CLASS_1,5.679,4.5
Policy_B_ConfidenceGated,8,134,1,1,0.8154508471488953,True,False,False,ABSTAIN,5.2,4.5
Policy_B_ConfidenceGated,8,135,0,0,0.8566688299179077,False,True,False,CLASS_0,5.665,4.5
Policy_B_ConfidenceGated,8,136,1,1,0.910716712474823,False,True,False,CLASS_1,5.833,4.5
Policy_B_ConfidenceGated,8,137,1,1,0.9547105431556702,False,True,False,CLASS_1,6.373,4.5
Policy_B_ConfidenceGated,8,138,0,0,0.9632666707038879,False,True,False,CLASS_0,5.741,4.5
Policy_B_ConfidenceGated,8,139,0,0,0.9217749238014221,False,True,False,CLASS_0,5.642,4.5
Policy_B_ConfidenceGated,8,140,0,0,0.8182111382484436,True,False,False,ABSTAIN,5.716,4.5
Policy_B_ConfidenceGated,8,141,0,0,0.9941468238830566,False,True,False,CLASS_0,6.399,4.5
Policy_B_ConfidenceGated,8,142,0,0,0.8455954790115356,False,True,False,CLASS_0,5.798,4.5
Policy_B_ConfidenceGated,8,143,1,1,0.8150498270988464,True,False,False,ABSTAIN,5.751,4.5
Policy_B_ConfidenceGated,8,144,0,0,0.9422152042388916,False,True,False,CLASS_0,6.349,4.5
Policy_B_ConfidenceGated,8,145,1,1,0.9898658394813538,False,True,False,CLASS_1,6.551,4.5
Policy_B_ConfidenceGated,8,146,0,0,0.8427512049674988,False,True,False,CLASS_0,6.465,4.5
Policy_B_ConfidenceGated,8,147,1,1,0.9559398293495178,False,True,False,CLASS_1,5.715,4.5
Policy_B_ConfidenceGated,8,148,0,1,0.6538711786270142,True,False,False,ABSTAIN,5.982,4.5
Policy_B_ConfidenceGated,8,149,1,1,0.9719181656837463,False,True,False,CLASS_1,5.954,4.5
Policy_B_ConfidenceGated,8,150,0,0,0.814281702041626,True,False,False,ABSTAIN,5.635,4.5
Policy_B_ConfidenceGated,8,151,1,1,0.5884264707565308,True,False,False,ABSTAIN,5.653,4.5
Policy_B_ConfidenceGated,8,152,0,0,0.997266411781311,False,True,False,CLASS_0,7.104,4.5
Policy_B_ConfidenceGated,8,153,0,0,0.7362043857574463,True,False,False,ABSTAIN,6.361,4.5
Policy_B_ConfidenceGated,8,154,0,0,0.658367395401001,True,False,False,ABSTAIN,5.329,4.5
Policy_B_ConfidenceGated,8,155,1,1,0.9898481965065002,False,True,False,CLASS_1,5.205,4.5
Policy_B_ConfidenceGated,8,156,1,1,0.9140951037406921,False,True,False,CLASS_1,4.977,4.5
Policy_B_ConfidenceGated,8,157,1,1,0.9363458156585693,False,True,False,CLASS_1,5.164,4.5
Policy_B_ConfidenceGated,8,158,0,0,0.9967681169509888,False,True,False,CLASS_0,5.434,4.5
Policy_B_ConfidenceGated,8,159,1,1,0.9449482560157776,False,True,False,CLASS_1,6.482,4.5
Policy_B_ConfidenceGated,8,160,1,1,0.9837724566459656,False,True,False,CLASS_1,7.971,4.5
Policy_C_SharedControl,8,1,0,0,0.7076008915901184,True,False,False,ABSTAIN,6.38,4.5
Policy_C_SharedControl,8,2,1,1,0.9326698780059814,False,True,False,SELECT_RIGHT,5.429,4.5
Policy_C_SharedControl,8,3,1,1,0.9165741205215454,False,True,False,REACH_FORWARD,6.93,4.5
Policy_C_SharedControl,8,4,1,1,0.9675525426864624,False,True,False,GRASP_CLOSE,6.67,4.5
Policy_C_SharedControl,8,5,1,1,0.9888890981674194,False,True,False,GRASP_CLOSE,7.062,4.5
Policy_C_SharedControl,8,6,1,1,0.9214731454849243,False,True,False,GRASP_CLOSE,6.434,4.5
Policy_C_SharedControl,8,7,1,0,0.9090191721916199,False,False,True,GRASP_OPEN,5.57,4.5
Policy_C_SharedControl,8,8,0,0,0.9883198738098145,False,True,False,GRASP_OPEN,5.936,4.5
Policy_C_SharedControl,8,9,1,0,0.8851358890533447,False,False,True,GRASP_OPEN,5.734,4.5
Policy_C_SharedControl,8,10,1,1,0.9554362297058105,False,True,False,GRASP_CLOSE,5.792,4.5
Policy_C_SharedControl,8,11,0,0,0.7578958868980408,True,False,False,ABSTAIN,5.855,4.5
Policy_C_SharedControl,8,12,0,1,0.6370502710342407,True,False,False,ABSTAIN,5.689,4.5
Policy_C_SharedControl,8,13,0,1,0.6803357601165771,True,False,False,ABSTAIN,5.737,4.5
Policy_C_SharedControl,8,14,1,1,0.9948688745498657,False,True,False,GRASP_CLOSE,5.737,4.5
Policy_C_SharedControl,8,15,1,1,0.6110262274742126,True,False,False,ABSTAIN,5.764,4.5
Policy_C_SharedControl,8,16,1,1,0.9876233339309692,False,True,False,GRASP_CLOSE,6.383,4.5
Policy_C_SharedControl,8,17,0,0,0.9278469085693359,False,True,False,GRASP_OPEN,5.762,4.5
Policy_C_SharedControl,8,18,0,0,0.8903511166572571,False,True,False,GRASP_OPEN,5.849,4.5
Policy_C_SharedControl,8,19,0,0,0.7343977093696594,True,False,False,ABSTAIN,5.63,4.5
Policy_C_SharedControl,8,20,0,0,0.828476071357727,True,False,False,ABSTAIN,5.867,4.5
Policy_C_SharedControl,8,21,0,0,0.9749780893325806,False,True,False,GRASP_OPEN,6.757,4.5
Policy_C_SharedControl,8,22,1,1,0.9928440451622009,False,True,False,GRASP_CLOSE,6.617,4.5
Policy_C_SharedControl,8,23,0,0,0.5219686031341553,True,False,False,ABSTAIN,6.755,4.5
Policy_C_SharedControl,8,24,0,0,0.9139564633369446,False,True,False,GRASP_OPEN,5.695,4.5
Policy_C_SharedControl,8,25,1,1,0.9743553400039673,False,True,False,GRASP_CLOSE,6.14,4.5
Policy_C_SharedControl,8,26,0,0,0.8265624046325684,True,False,False,ABSTAIN,5.938,4.5
Policy_C_SharedControl,8,27,1,1,0.9947665929794312,False,True,False,GRASP_CLOSE,5.884,4.5
Policy_C_SharedControl,8,28,0,0,0.8750314712524414,False,True,False,GRASP_OPEN,5.191,4.5
Policy_C_SharedControl,8,29,1,1,0.9140607714653015,False,True,False,GRASP_CLOSE,5.493,4.5
Policy_C_SharedControl,8,30,1,0,0.7007501125335693,True,False,False,ABSTAIN,5.878,4.5
Policy_C_SharedControl,8,31,1,0,0.5643070340156555,True,False,False,ABSTAIN,5.605,4.5
Policy_C_SharedControl,8,32,0,0,0.8413593769073486,False,True,False,GRASP_OPEN,5.732,4.5
Policy_C_SharedControl,8,33,1,1,0.9140447974205017,False,True,False,GRASP_CLOSE,6.215,4.5
Policy_C_SharedControl,8,34,1,1,0.9565072655677795,False,True,False,GRASP_CLOSE,5.697,4.5
Policy_C_SharedControl,8,35,0,0,0.9603918790817261,False,True,False,GRASP_OPEN,6.127,4.5
Policy_C_SharedControl,8,36,0,0,0.9293436408042908,False,True,False,GRASP_OPEN,6.565,4.5
Policy_C_SharedControl,8,37,1,1,0.9988784193992615,False,True,False,GRASP_CLOSE,6.835,4.5
Policy_C_SharedControl,8,38,0,1,0.5151903629302979,True,False,False,ABSTAIN,5.721,4.5
Policy_C_SharedControl,8,39,0,0,0.7189469337463379,True,False,False,ABSTAIN,5.619,4.5
Policy_C_SharedControl,8,40,0,1,0.8181292414665222,True,False,False,ABSTAIN,29.167,4.5
Policy_C_SharedControl,8,41,0,0,0.9394786953926086,False,True,False,GRASP_OPEN,7.628,4.5
Policy_C_SharedControl,8,42,0,0,0.9621086716651917,False,True,False,GRASP_OPEN,6.425,4.5
Policy_C_SharedControl,8,43,1,1,0.9340551495552063,False,True,False,GRASP_CLOSE,7.148,4.5
Policy_C_SharedControl,8,44,0,0,0.9425715804100037,False,True,False,GRASP_OPEN,6.499,4.5
Policy_C_SharedControl,8,45,0,0,0.9758613109588623,False,True,False,GRASP_OPEN,6.849,4.5
Policy_C_SharedControl,8,46,1,0,0.8686361908912659,False,False,True,GRASP_OPEN,6.778,4.5
Policy_C_SharedControl,8,47,0,1,0.8888442516326904,False,False,True,GRASP_CLOSE,6.547,4.5
Policy_C_SharedControl,8,48,0,1,0.9095430970191956,False,False,True,GRASP_CLOSE,6.546,4.5
Policy_C_SharedControl,8,49,1,1,0.5147351622581482,True,False,False,ABSTAIN,5.615,4.5
Policy_C_SharedControl,8,50,0,1,0.9760562181472778,False,False,True,GRASP_CLOSE,5.835,4.5
Policy_C_SharedControl,8,51,1,1,0.9952580332756042,False,True,False,GRASP_CLOSE,5.495,4.5
Policy_C_SharedControl,8,52,1,1,0.9977691173553467,False,True,False,GRASP_CLOSE,5.197,4.5
Policy_C_SharedControl,8,53,1,1,0.9484754204750061,False,True,False,GRASP_CLOSE,5.275,4.5
Policy_C_SharedControl,8,54,1,0,0.9354249238967896,False,False,True,GRASP_OPEN,5.115,4.5
Policy_C_SharedControl,8,55,1,1,0.9933444261550903,False,True,False,GRASP_CLOSE,5.531,4.5
Policy_C_SharedControl,8,56,0,0,0.6876370906829834,True,False,False,ABSTAIN,5.146,4.5
Policy_C_SharedControl,8,57,1,1,0.8896909952163696,False,True,False,GRASP_CLOSE,6.05,4.5
Policy_C_SharedControl,8,58,1,0,0.7040871381759644,True,False,False,ABSTAIN,5.678,4.5
Policy_C_SharedControl,8,59,1,1,0.9774056077003479,False,True,False,GRASP_CLOSE,5.614,4.5
Policy_C_SharedControl,8,60,1,1,0.9491166472434998,False,True,False,GRASP_CLOSE,6.559,4.5
Policy_C_SharedControl,8,61,0,0,0.8956983089447021,False,True,False,GRASP_OPEN,5.623,4.5
Policy_C_SharedControl,8,62,0,0,0.9634509086608887,False,True,False,GRASP_OPEN,5.795,4.5
Policy_C_SharedControl,8,63,1,1,0.9690966010093689,False,True,False,GRASP_CLOSE,5.236,4.5
Policy_C_SharedControl,8,64,0,0,0.8790881633758545,False,True,False,GRASP_OPEN,6.599,4.5
Policy_C_SharedControl,8,65,0,0,0.9824513792991638,False,True,False,GRASP_OPEN,6.595,4.5
Policy_C_SharedControl,8,66,1,1,0.9268396496772766,False,True,False,GRASP_CLOSE,6.558,4.5
Policy_C_SharedControl,8,67,0,0,0.9703041315078735,False,True,False,GRASP_OPEN,6.194,4.5
Policy_C_SharedControl,8,68,0,0,0.734932541847229,True,False,False,ABSTAIN,5.802,4.5
Policy_C_SharedControl,8,69,1,1,0.717114269733429,True,False,False,ABSTAIN,6.106,4.5
Policy_C_SharedControl,8,70,1,1,0.7867237329483032,True,False,False,ABSTAIN,6.287,4.5
Policy_C_SharedControl,8,71,1,0,0.927361011505127,False,False,True,GRASP_OPEN,5.735,4.5
Policy_C_SharedControl,8,72,1,1,0.5673409700393677,True,False,False,ABSTAIN,5.656,4.5
Policy_C_SharedControl,8,73,0,0,0.9310471415519714,False,True,False,GRASP_OPEN,5.952,4.5
Policy_C_SharedControl,8,74,0,0,0.7880622148513794,True,False,False,ABSTAIN,5.846,4.5
Policy_C_SharedControl,8,75,0,0,0.8051566481590271,True,False,False,ABSTAIN,6.641,4.5
Policy_C_SharedControl,8,76,1,1,0.6499016880989075,True,False,False,ABSTAIN,5.963,4.5
Policy_C_SharedControl,8,77,1,1,0.9781569838523865,False,True,False,GRASP_CLOSE,5.815,4.5
Policy_C_SharedControl,8,78,0,0,0.949162483215332,False,True,False,GRASP_OPEN,5.681,4.5
Policy_C_SharedControl,8,79,0,0,0.6591432690620422,True,False,False,ABSTAIN,6.572,4.5
Policy_C_SharedControl,8,80,0,0,0.9722217321395874,False,True,False,GRASP_OPEN,6.863,4.5
Policy_C_SharedControl,8,81,1,0,0.7717970609664917,True,False,False,ABSTAIN,5.883,4.5
Policy_C_SharedControl,8,82,0,0,0.9626138806343079,False,True,False,GRASP_OPEN,5.633,4.5
Policy_C_SharedControl,8,83,0,0,0.5343371629714966,True,False,False,ABSTAIN,5.982,4.5
Policy_C_SharedControl,8,84,1,1,0.9481024146080017,False,True,False,GRASP_CLOSE,6.73,4.5
Policy_C_SharedControl,8,85,0,0,0.908848226070404,False,True,False,GRASP_OPEN,6.562,4.5
Policy_C_SharedControl,8,86,1,1,0.8760378956794739,False,True,False,GRASP_CLOSE,5.873,4.5
Policy_C_SharedControl,8,87,0,0,0.813427209854126,True,False,False,ABSTAIN,5.878,4.5
Policy_C_SharedControl,8,88,1,1,0.9486714005470276,False,True,False,GRASP_CLOSE,6.124,4.5
Policy_C_SharedControl,8,89,0,0,0.973726749420166,False,True,False,GRASP_OPEN,7.999,4.5
Policy_C_SharedControl,8,90,1,1,0.5777601599693298,True,False,False,ABSTAIN,5.431,4.5
Policy_C_SharedControl,8,91,0,0,0.9916327595710754,False,True,False,GRASP_OPEN,11.329,4.5
Policy_C_SharedControl,8,92,0,1,0.5488595366477966,True,False,False,ABSTAIN,6.691,4.5
Policy_C_SharedControl,8,93,1,0,0.6706749200820923,True,False,False,ABSTAIN,5.598,4.5
Policy_C_SharedControl,8,94,0,0,0.9390640258789062,False,True,False,GRASP_OPEN,5.567,4.5
Policy_C_SharedControl,8,95,1,1,0.9801589250564575,False,True,False,GRASP_CLOSE,5.596,4.5
Policy_C_SharedControl,8,96,0,0,0.8580875992774963,False,True,False,GRASP_OPEN,5.423,4.5
Policy_C_SharedControl,8,97,1,1,0.9505817294120789,False,True,False,GRASP_CLOSE,5.571,4.5
Policy_C_SharedControl,8,98,0,0,0.9793062210083008,False,True,False,GRASP_OPEN,5.731,4.5
Policy_C_SharedControl,8,99,1,1,0.9821277856826782,False,True,False,GRASP_CLOSE,5.546,4.5
Policy_C_SharedControl,8,100,0,0,0.6072844862937927,True,False,False,ABSTAIN,5.413,4.5
Policy_C_SharedControl,8,101,0,1,0.6941041350364685,True,False,False,ABSTAIN,5.377,4.5
Policy_C_SharedControl,8,102,0,0,0.9565139412879944,False,True,False,GRASP_OPEN,5.89,4.5
Policy_C_SharedControl,8,103,1,0,0.7635886073112488,True,False,False,ABSTAIN,5.485,4.5
Policy_C_SharedControl,8,104,1,1,0.6435539722442627,True,False,False,ABSTAIN,5.271,4.5
Policy_C_SharedControl,8,105,0,0,0.8218851089477539,True,False,False,ABSTAIN,5.019,4.5
Policy_C_SharedControl,8,106,0,0,0.7509893774986267,True,False,False,ABSTAIN,5.242,4.5
Policy_C_SharedControl,8,107,1,1,0.9635047912597656,False,True,False,GRASP_CLOSE,5.169,4.5
Policy_C_SharedControl,8,108,0,0,0.8447930812835693,False,True,False,GRASP_OPEN,5.154,4.5
Policy_C_SharedControl,8,109,1,1,0.9771326780319214,False,True,False,GRASP_CLOSE,6.652,4.5
Policy_C_SharedControl,8,110,0,0,0.9721220135688782,False,True,False,GRASP_OPEN,10.229,4.5
Policy_C_SharedControl,8,111,1,1,0.9993675351142883,False,True,False,GRASP_CLOSE,6.344,4.5
Policy_C_SharedControl,8,112,1,1,0.9569511413574219,False,True,False,GRASP_CLOSE,5.852,4.5
Policy_C_SharedControl,8,113,1,1,0.9905408024787903,False,True,False,GRASP_CLOSE,5.689,4.5
Policy_C_SharedControl,8,114,1,1,0.9583772420883179,False,True,False,GRASP_CLOSE,5.726,4.5
Policy_C_SharedControl,8,115,1,1,0.9963613152503967,False,True,False,GRASP_CLOSE,5.474,4.5
Policy_C_SharedControl,8,116,0,0,0.6324234008789062,True,False,False,ABSTAIN,5.625,4.5
Policy_C_SharedControl,8,117,1,1,0.95500248670578,False,True,False,GRASP_CLOSE,6.046,4.5
Policy_C_SharedControl,8,118,1,0,0.5901927351951599,True,False,False,ABSTAIN,5.948,4.5
Policy_C_SharedControl,8,119,0,0,0.9850276708602905,False,True,False,GRASP_OPEN,5.975,4.5
Policy_C_SharedControl,8,120,0,1,0.5302194356918335,True,False,False,ABSTAIN,6.016,4.5
Policy_C_SharedControl,8,121,1,1,0.7647818922996521,True,False,False,ABSTAIN,5.756,4.5
Policy_C_SharedControl,8,122,0,0,0.9929868578910828,False,True,False,GRASP_OPEN,6.733,4.5
Policy_C_SharedControl,8,123,1,1,0.8972410559654236,False,True,False,GRASP_CLOSE,7.329,4.5
Policy_C_SharedControl,8,124,1,0,0.696040153503418,True,False,False,ABSTAIN,5.179,4.5
Policy_C_SharedControl,8,125,0,0,0.9502214193344116,False,True,False,GRASP_OPEN,5.314,4.5
Policy_C_SharedControl,8,126,1,0,0.5153595805168152,True,False,False,ABSTAIN,5.14,4.5
Policy_C_SharedControl,8,127,0,1,0.7183653116226196,True,False,False,ABSTAIN,5.111,4.5
Policy_C_SharedControl,8,128,0,0,0.9995840191841125,False,True,False,GRASP_OPEN,6.575,4.5
Policy_C_SharedControl,8,129,1,1,0.9752491116523743,False,True,False,GRASP_CLOSE,6.671,4.5
Policy_C_SharedControl,8,130,0,0,0.9631667137145996,False,True,False,GRASP_OPEN,6.572,4.5
Policy_C_SharedControl,8,131,0,0,0.7732288241386414,True,False,False,ABSTAIN,6.423,4.5
Policy_C_SharedControl,8,132,1,1,0.7762870192527771,True,False,False,ABSTAIN,6.388,4.5
Policy_C_SharedControl,8,133,1,1,0.950878918170929,False,True,False,GRASP_CLOSE,6.88,4.5
Policy_C_SharedControl,8,134,1,1,0.8154508471488953,True,False,False,ABSTAIN,6.396,4.5
Policy_C_SharedControl,8,135,0,0,0.8566688299179077,False,True,False,GRASP_OPEN,6.591,4.5
Policy_C_SharedControl,8,136,1,1,0.910716712474823,False,True,False,GRASP_CLOSE,6.591,4.5
Policy_C_SharedControl,8,137,1,1,0.9547105431556702,False,True,False,GRASP_CLOSE,6.434,4.5
Policy_C_SharedControl,8,138,0,0,0.9632666707038879,False,True,False,GRASP_OPEN,5.895,4.5
Policy_C_SharedControl,8,139,0,0,0.9217749238014221,False,True,False,GRASP_OPEN,5.587,4.5
Policy_C_SharedControl,8,140,0,0,0.8182111382484436,True,False,False,ABSTAIN,5.84,4.5
Policy_C_SharedControl,8,141,0,0,0.9941468238830566,False,True,False,GRASP_OPEN,6.58,4.5
Policy_C_SharedControl,8,142,0,0,0.8455954790115356,False,True,False,GRASP_OPEN,6.267,4.5
Policy_C_SharedControl,8,143,1,1,0.8150498270988464,True,False,False,ABSTAIN,6.754,4.5
Policy_C_SharedControl,8,144,0,0,0.9422152042388916,False,True,False,GRASP_OPEN,6.628,4.5
Policy_C_SharedControl,8,145,1,1,0.9898658394813538,False,True,False,GRASP_CLOSE,6.482,4.5
Policy_C_SharedControl,8,146,0,0,0.8427512049674988,False,True,False,GRASP_OPEN,7.086,4.5
Policy_C_SharedControl,8,147,1,1,0.9559398293495178,False,True,False,GRASP_CLOSE,6.731,4.5
Policy_C_SharedControl,8,148,0,1,0.6538711786270142,True,False,False,ABSTAIN,6.588,4.5
Policy_C_SharedControl,8,149,1,1,0.9719181656837463,False,True,False,GRASP_CLOSE,6.458,4.5
Policy_C_SharedControl,8,150,0,0,0.814281702041626,True,False,False,ABSTAIN,6.624,4.5
Policy_C_SharedControl,8,151,1,1,0.5884264707565308,True,False,False,ABSTAIN,6.718,4.5
Policy_C_SharedControl,8,152,0,0,0.997266411781311,False,True,False,GRASP_OPEN,5.999,4.5
Policy_C_SharedControl,8,153,0,0,0.7362043857574463,True,False,False,ABSTAIN,6.405,4.5
Policy_C_SharedControl,8,154,0,0,0.658367395401001,True,False,False,ABSTAIN,6.556,4.5
Policy_C_SharedControl,8,155,1,1,0.9898481965065002,False,True,False,GRASP_CLOSE,6.472,4.5
Policy_C_SharedControl,8,156,1,1,0.9140951037406921,False,True,False,GRASP_CLOSE,6.946,4.5
Policy_C_SharedControl,8,157,1,1,0.9363458156585693,False,True,False,GRASP_CLOSE,6.523,4.5
Policy_C_SharedControl,8,158,0,0,0.9967681169509888,False,True,False,GRASP_OPEN,5.626,4.5
Policy_C_SharedControl,8,159,1,1,0.9449482560157776,False,True,False,GRASP_CLOSE,6.629,4.5
Policy_C_SharedControl,8,160,1,1,0.9837724566459656,False,True,False,GRASP_CLOSE,5.683,4.5
Policy_A_Direct,9,1,1,1,0.9881367683410645,False,True,False,CLASS_1,153.886,4.5
Policy_A_Direct,9,2,0,1,0.9377851486206055,False,False,True,CLASS_1,1.883,4.5
Policy_A_Direct,9,3,0,1,0.6941365599632263,False,False,True,CLASS_1,1.768,4.5
Policy_A_Direct,9,4,1,1,0.967278003692627,False,True,False,CLASS_1,1.76,4.5
Policy_A_Direct,9,5,0,0,0.7086763978004456,False,True,False,CLASS_0,1.742,4.5
Policy_A_Direct,9,6,0,1,0.9533615112304688,False,False,True,CLASS_1,1.738,4.5
Policy_A_Direct,9,7,0,0,0.6249896883964539,False,True,False,CLASS_0,1.714,4.5
Policy_A_Direct,9,8,1,1,0.9855690598487854,False,True,False,CLASS_1,1.733,4.5
Policy_A_Direct,9,9,0,0,0.7344536185264587,False,True,False,CLASS_0,1.697,4.5
Policy_A_Direct,9,10,0,1,0.5385709404945374,False,False,True,CLASS_1,1.693,4.5
Policy_A_Direct,9,11,1,1,0.8064214587211609,False,True,False,CLASS_1,1.709,4.5
Policy_A_Direct,9,12,1,1,0.7484149932861328,False,True,False,CLASS_1,1.684,4.5
Policy_A_Direct,9,13,1,1,0.8018635511398315,False,True,False,CLASS_1,1.681,4.5
Policy_A_Direct,9,14,0,0,0.8833139538764954,False,True,False,CLASS_0,1.7,4.5
Policy_A_Direct,9,15,1,1,0.9299205541610718,False,True,False,CLASS_1,1.687,4.5
Policy_A_Direct,9,16,1,1,0.9548635482788086,False,True,False,CLASS_1,1.672,4.5
Policy_A_Direct,9,17,1,1,0.9888372421264648,False,True,False,CLASS_1,1.69,4.5
Policy_A_Direct,9,18,0,1,0.9378353357315063,False,False,True,CLASS_1,1.691,4.5
Policy_A_Direct,9,19,1,1,0.8689149022102356,False,True,False,CLASS_1,1.789,4.5
Policy_A_Direct,9,20,0,1,0.6295760869979858,False,False,True,CLASS_1,1.714,4.5
Policy_A_Direct,9,21,1,0,0.6511691212654114,False,False,True,CLASS_0,1.694,4.5
Policy_A_Direct,9,22,0,0,0.7812606692314148,False,True,False,CLASS_0,1.682,4.5
Policy_A_Direct,9,23,1,1,0.9593135714530945,False,True,False,CLASS_1,1.659,4.5
Policy_A_Direct,9,24,1,1,0.9557769894599915,False,True,False,CLASS_1,1.707,4.5
Policy_A_Direct,9,25,1,0,0.5782425999641418,False,False,True,CLASS_0,1.751,4.5
Policy_A_Direct,9,26,0,0,0.9464581608772278,False,True,False,CLASS_0,1.79,4.5
Policy_A_Direct,9,27,0,0,0.6043503880500793,False,True,False,CLASS_0,1.794,4.5
Policy_A_Direct,9,28,0,1,0.7036556601524353,False,False,True,CLASS_1,1.736,4.5
Policy_A_Direct,9,29,0,1,0.5338387489318848,False,False,True,CLASS_1,1.707,4.5
Policy_A_Direct,9,30,0,1,0.6005273461341858,False,False,True,CLASS_1,1.654,4.5
Policy_A_Direct,9,31,1,1,0.9728724360466003,False,True,False,CLASS_1,1.688,4.5
Policy_A_Direct,9,32,1,1,0.9702317118644714,False,True,False,CLASS_1,1.736,4.5
Policy_A_Direct,9,33,1,1,0.9081999659538269,False,True,False,CLASS_1,1.661,4.5
Policy_A_Direct,9,34,0,1,0.6239219903945923,False,False,True,CLASS_1,1.683,4.5
Policy_A_Direct,9,35,0,0,0.9087014198303223,False,True,False,CLASS_0,1.688,4.5
Policy_A_Direct,9,36,1,1,0.9858433604240417,False,True,False,CLASS_1,1.684,4.5
Policy_A_Direct,9,37,1,1,0.9834611415863037,False,True,False,CLASS_1,1.715,4.5
Policy_A_Direct,9,38,0,1,0.7764264941215515,False,False,True,CLASS_1,1.731,4.5
Policy_A_Direct,9,39,0,0,0.7288803458213806,False,True,False,CLASS_0,1.738,4.5
Policy_A_Direct,9,40,1,1,0.6724131107330322,False,True,False,CLASS_1,1.637,4.5
Policy_A_Direct,9,41,1,1,0.9356510043144226,False,True,False,CLASS_1,1.688,4.5
Policy_A_Direct,9,42,1,1,0.8592261672019958,False,True,False,CLASS_1,1.716,4.5
Policy_A_Direct,9,43,1,1,0.9060842990875244,False,True,False,CLASS_1,1.719,4.5
Policy_A_Direct,9,44,0,1,0.9606397747993469,False,False,True,CLASS_1,1.699,4.5
Policy_A_Direct,9,45,1,1,0.8420398235321045,False,True,False,CLASS_1,1.682,4.5
Policy_A_Direct,9,46,0,0,0.6292521357536316,False,True,False,CLASS_0,1.719,4.5
Policy_A_Direct,9,47,0,1,0.7421017289161682,False,False,True,CLASS_1,1.691,4.5
Policy_A_Direct,9,48,1,1,0.9873272776603699,False,True,False,CLASS_1,1.712,4.5
Policy_A_Direct,9,49,1,1,0.9048797488212585,False,True,False,CLASS_1,1.761,4.5
Policy_A_Direct,9,50,0,1,0.8630120158195496,False,False,True,CLASS_1,1.671,4.5
Policy_A_Direct,9,51,0,0,0.5838841199874878,False,True,False,CLASS_0,1.663,4.5
Policy_A_Direct,9,52,0,1,0.8591252565383911,False,False,True,CLASS_1,1.666,4.5
Policy_A_Direct,9,53,0,0,0.9076165556907654,False,True,False,CLASS_0,1.677,4.5
Policy_A_Direct,9,54,0,1,0.5743942856788635,False,False,True,CLASS_1,1.676,4.5
Policy_A_Direct,9,55,0,0,0.5364788174629211,False,True,False,CLASS_0,1.679,4.5
Policy_A_Direct,9,56,0,1,0.7870989441871643,False,False,True,CLASS_1,1.664,4.5
Policy_A_Direct,9,57,1,1,0.9464164972305298,False,True,False,CLASS_1,1.68,4.5
Policy_A_Direct,9,58,1,1,0.988698422908783,False,True,False,CLASS_1,1.769,4.5
Policy_A_Direct,9,59,1,1,0.8502680063247681,False,True,False,CLASS_1,1.698,4.5
Policy_A_Direct,9,60,1,1,0.996507465839386,False,True,False,CLASS_1,1.764,4.5
Policy_A_Direct,9,61,1,1,0.7610759735107422,False,True,False,CLASS_1,1.794,4.5
Policy_A_Direct,9,62,0,1,0.847085177898407,False,False,True,CLASS_1,1.742,4.5
Policy_A_Direct,9,63,0,0,0.5025131106376648,False,True,False,CLASS_0,1.776,4.5
Policy_A_Direct,9,64,1,1,0.9738967418670654,False,True,False,CLASS_1,1.784,4.5
Policy_A_Direct,9,65,0,0,0.6087245345115662,False,True,False,CLASS_0,1.73,4.5
Policy_A_Direct,9,66,0,0,0.8127461075782776,False,True,False,CLASS_0,1.777,4.5
Policy_A_Direct,9,67,1,1,0.9838706254959106,False,True,False,CLASS_1,1.767,4.5
Policy_A_Direct,9,68,0,0,0.7862567901611328,False,True,False,CLASS_0,1.795,4.5
Policy_A_Direct,9,69,0,0,0.9293164610862732,False,True,False,CLASS_0,1.835,4.5
Policy_A_Direct,9,70,0,0,0.7513970732688904,False,True,False,CLASS_0,1.854,4.5
Policy_A_Direct,9,71,0,0,0.7750348448753357,False,True,False,CLASS_0,1.829,4.5
Policy_A_Direct,9,72,1,1,0.9113484621047974,False,True,False,CLASS_1,1.863,4.5
Policy_A_Direct,9,73,1,1,0.9859166741371155,False,True,False,CLASS_1,1.828,4.5
Policy_A_Direct,9,74,1,1,0.9907734394073486,False,True,False,CLASS_1,1.858,4.5
Policy_A_Direct,9,75,1,1,0.9866909980773926,False,True,False,CLASS_1,1.861,4.5
Policy_A_Direct,9,76,1,1,0.9880891442298889,False,True,False,CLASS_1,1.96,4.5
Policy_A_Direct,9,77,0,0,0.9522749185562134,False,True,False,CLASS_0,1.924,4.5
Policy_A_Direct,9,78,1,1,0.9655433893203735,False,True,False,CLASS_1,1.934,4.5
Policy_A_Direct,9,79,1,1,0.9906421303749084,False,True,False,CLASS_1,1.961,4.5
Policy_A_Direct,9,80,0,0,0.9608016014099121,False,True,False,CLASS_0,1.922,4.5
Policy_A_Direct,9,81,0,1,0.9696817398071289,False,False,True,CLASS_1,1.954,4.5
Policy_A_Direct,9,82,0,1,0.8139932751655579,False,False,True,CLASS_1,1.92,4.5
Policy_A_Direct,9,83,0,0,0.9188118577003479,False,True,False,CLASS_0,1.949,4.5
Policy_A_Direct,9,84,0,0,0.811604380607605,False,True,False,CLASS_0,2.03,4.5
Policy_A_Direct,9,85,0,0,0.7157654166221619,False,True,False,CLASS_0,2.058,4.5
Policy_A_Direct,9,86,0,0,0.815090000629425,False,True,False,CLASS_0,2.019,4.5
Policy_A_Direct,9,87,1,1,0.955707848072052,False,True,False,CLASS_1,2.018,4.5
Policy_A_Direct,9,88,0,0,0.9889991879463196,False,True,False,CLASS_0,2.055,4.5
Policy_A_Direct,9,89,1,1,0.9930798411369324,False,True,False,CLASS_1,2.053,4.5
Policy_A_Direct,9,90,0,0,0.8204991817474365,False,True,False,CLASS_0,1.995,4.5
Policy_A_Direct,9,91,1,1,0.923984944820404,False,True,False,CLASS_1,2.038,4.5
Policy_A_Direct,9,92,1,1,0.9839802980422974,False,True,False,CLASS_1,2.158,4.5
Policy_A_Direct,9,93,0,1,0.9579248428344727,False,False,True,CLASS_1,2.149,4.5
Policy_A_Direct,9,94,0,0,0.5090544819831848,False,True,False,CLASS_0,2.135,4.5
Policy_A_Direct,9,95,1,1,0.9462628364562988,False,True,False,CLASS_1,2.126,4.5
Policy_A_Direct,9,96,1,1,0.9589862823486328,False,True,False,CLASS_1,2.129,4.5
Policy_A_Direct,9,97,1,1,0.7791280150413513,False,True,False,CLASS_1,2.15,4.5
Policy_A_Direct,9,98,1,1,0.989986002445221,False,True,False,CLASS_1,2.093,4.5
Policy_A_Direct,9,99,0,1,0.8850383162498474,False,False,True,CLASS_1,2.235,4.5
Policy_A_Direct,9,100,0,0,0.8134217858314514,False,True,False,CLASS_0,2.311,4.5
Policy_A_Direct,9,101,0,1,0.5600269436836243,False,False,True,CLASS_1,2.307,4.5
Policy_A_Direct,9,102,0,0,0.9827728271484375,False,True,False,CLASS_0,2.281,4.5
Policy_A_Direct,9,103,1,1,0.9885507225990295,False,True,False,CLASS_1,2.338,4.5
Policy_A_Direct,9,104,0,1,0.9749423861503601,False,False,True,CLASS_1,2.325,4.5
Policy_A_Direct,9,105,0,1,0.5581586956977844,False,False,True,CLASS_1,2.487,4.5
Policy_A_Direct,9,106,1,1,0.9939271807670593,False,True,False,CLASS_1,4.041,4.5
Policy_A_Direct,9,107,1,1,0.827488124370575,False,True,False,CLASS_1,3.283,4.5
Policy_A_Direct,9,108,0,0,0.9035969376564026,False,True,False,CLASS_0,3.315,4.5
Policy_A_Direct,9,109,0,1,0.886810839176178,False,False,True,CLASS_1,2.905,4.5
Policy_A_Direct,9,110,1,1,0.9312602281570435,False,True,False,CLASS_1,2.969,4.5
Policy_A_Direct,9,111,1,0,0.6213180422782898,False,False,True,CLASS_0,3.492,4.5
Policy_A_Direct,9,112,1,1,0.5081568956375122,False,True,False,CLASS_1,3.023,4.5
Policy_A_Direct,9,113,1,1,0.8996497988700867,False,True,False,CLASS_1,3.095,4.5
Policy_A_Direct,9,114,1,1,0.9646632075309753,False,True,False,CLASS_1,2.743,4.5
Policy_A_Direct,9,115,1,1,0.9679598212242126,False,True,False,CLASS_1,2.551,4.5
Policy_A_Direct,9,116,1,1,0.9106206297874451,False,True,False,CLASS_1,2.808,4.5
Policy_A_Direct,9,117,0,0,0.9375000596046448,False,True,False,CLASS_0,2.904,4.5
Policy_A_Direct,9,118,1,1,0.9519590735435486,False,True,False,CLASS_1,3.236,4.5
Policy_A_Direct,9,119,1,1,0.9762150645256042,False,True,False,CLASS_1,3.049,4.5
Policy_A_Direct,9,120,0,0,0.9418653845787048,False,True,False,CLASS_0,2.731,4.5
Policy_A_Direct,9,121,1,1,0.9985034465789795,False,True,False,CLASS_1,2.694,4.5
Policy_A_Direct,9,122,0,0,0.744425356388092,False,True,False,CLASS_0,2.756,4.5
Policy_A_Direct,9,123,1,1,0.9924503564834595,False,True,False,CLASS_1,2.64,4.5
Policy_A_Direct,9,124,1,1,0.7976834177970886,False,True,False,CLASS_1,2.652,4.5
Policy_A_Direct,9,125,0,0,0.7073579430580139,False,True,False,CLASS_0,2.652,4.5
Policy_A_Direct,9,126,1,1,0.9893989562988281,False,True,False,CLASS_1,2.726,4.5
Policy_A_Direct,9,127,0,0,0.9897512197494507,False,True,False,CLASS_0,2.619,4.5
Policy_A_Direct,9,128,1,1,0.6625502705574036,False,True,False,CLASS_1,2.778,4.5
Policy_A_Direct,9,129,1,1,0.9450638890266418,False,True,False,CLASS_1,2.675,4.5
Policy_A_Direct,9,130,1,1,0.7099641561508179,False,True,False,CLASS_1,2.586,4.5
Policy_A_Direct,9,131,0,1,0.8883184790611267,False,False,True,CLASS_1,2.74,4.5
Policy_A_Direct,9,132,1,1,0.8465541005134583,False,True,False,CLASS_1,2.871,4.5
Policy_A_Direct,9,133,0,0,0.7425033450126648,False,True,False,CLASS_0,2.821,4.5
Policy_A_Direct,9,134,0,1,0.6175804138183594,False,False,True,CLASS_1,2.956,4.5
Policy_A_Direct,9,135,0,0,0.6157388687133789,False,True,False,CLASS_0,2.845,4.5
Policy_A_Direct,9,136,1,1,0.9931066632270813,False,True,False,CLASS_1,2.827,4.5
Policy_A_Direct,9,137,0,0,0.8942484259605408,False,True,False,CLASS_0,2.766,4.5
Policy_A_Direct,9,138,0,0,0.8066681027412415,False,True,False,CLASS_0,2.891,4.5
Policy_A_Direct,9,139,0,0,0.790871262550354,False,True,False,CLASS_0,2.926,4.5
Policy_A_Direct,9,140,0,1,0.7040022611618042,False,False,True,CLASS_1,2.903,4.5
Policy_A_Direct,9,141,1,1,0.9876202940940857,False,True,False,CLASS_1,2.933,4.5
Policy_A_Direct,9,142,1,1,0.8529413938522339,False,True,False,CLASS_1,2.832,4.5
Policy_A_Direct,9,143,1,1,0.8943374752998352,False,True,False,CLASS_1,2.879,4.5
Policy_A_Direct,9,144,0,1,0.9486092925071716,False,False,True,CLASS_1,2.81,4.5
Policy_A_Direct,9,145,0,0,0.9827473759651184,False,True,False,CLASS_0,2.924,4.5
Policy_A_Direct,9,146,0,0,0.6544286012649536,False,True,False,CLASS_0,2.837,4.5
Policy_A_Direct,9,147,1,1,0.9905940294265747,False,True,False,CLASS_1,2.854,4.5
Policy_A_Direct,9,148,0,1,0.805205225944519,False,False,True,CLASS_1,2.835,4.5
Policy_A_Direct,9,149,1,1,0.9686337113380432,False,True,False,CLASS_1,2.867,4.5
Policy_A_Direct,9,150,1,1,0.9391576647758484,False,True,False,CLASS_1,2.803,4.5
Policy_A_Direct,9,151,1,1,0.96145099401474,False,True,False,CLASS_1,3.002,4.5
Policy_A_Direct,9,152,1,1,0.6919048428535461,False,True,False,CLASS_1,4.278,4.5
Policy_A_Direct,9,153,0,1,0.77931809425354,False,False,True,CLASS_1,2.883,4.5
Policy_A_Direct,9,154,1,1,0.508286714553833,False,True,False,CLASS_1,2.862,4.5
Policy_A_Direct,9,155,0,0,0.9902895092964172,False,True,False,CLASS_0,2.826,4.5
Policy_A_Direct,9,156,0,0,0.8374020457267761,False,True,False,CLASS_0,2.839,4.5
Policy_A_Direct,9,157,1,1,0.9934167861938477,False,True,False,CLASS_1,2.901,4.5
Policy_A_Direct,9,158,1,1,0.9156294465065002,False,True,False,CLASS_1,2.795,4.5
Policy_A_Direct,9,159,0,0,0.9342018961906433,False,True,False,CLASS_0,3.125,4.5
Policy_A_Direct,9,160,0,0,0.746900737285614,False,True,False,CLASS_0,2.877,4.5
Policy_B_ConfidenceGated,9,1,1,1,0.9881367683410645,False,True,False,CLASS_1,3.645,4.5
Policy_B_ConfidenceGated,9,2,0,1,0.9377851486206055,False,False,True,CLASS_1,2.754,4.5
Policy_B_ConfidenceGated,9,3,0,1,0.6941365599632263,True,False,False,ABSTAIN,2.679,4.5
Policy_B_ConfidenceGated,9,4,1,1,0.967278003692627,False,True,False,CLASS_1,2.671,4.5
Policy_B_ConfidenceGated,9,5,0,0,0.7086763978004456,True,False,False,ABSTAIN,2.709,4.5
Policy_B_ConfidenceGated,9,6,0,1,0.9533615112304688,False,False,True,CLASS_1,2.688,4.5
Policy_B_ConfidenceGated,9,7,0,0,0.6249896883964539,True,False,False,ABSTAIN,2.69,4.5
Policy_B_ConfidenceGated,9,8,1,1,0.9855690598487854,False,True,False,CLASS_1,2.705,4.5
Policy_B_ConfidenceGated,9,9,0,0,0.7344536185264587,True,False,False,ABSTAIN,2.669,4.5
Policy_B_ConfidenceGated,9,10,0,1,0.5385709404945374,True,False,False,ABSTAIN,2.688,4.5
Policy_B_ConfidenceGated,9,11,1,1,0.8064214587211609,True,False,False,ABSTAIN,3.806,4.5
Policy_B_ConfidenceGated,9,12,1,1,0.7484149932861328,True,False,False,ABSTAIN,2.966,4.5
Policy_B_ConfidenceGated,9,13,1,1,0.8018635511398315,True,False,False,ABSTAIN,2.589,4.5
Policy_B_ConfidenceGated,9,14,0,0,0.8833139538764954,False,True,False,CLASS_0,2.558,4.5
Policy_B_ConfidenceGated,9,15,1,1,0.9299205541610718,False,True,False,CLASS_1,2.808,4.5
Policy_B_ConfidenceGated,9,16,1,1,0.9548635482788086,False,True,False,CLASS_1,2.686,4.5
Policy_B_ConfidenceGated,9,17,1,1,0.9888372421264648,False,True,False,CLASS_1,2.769,4.5
Policy_B_ConfidenceGated,9,18,0,1,0.9378353357315063,False,False,True,CLASS_1,2.658,4.5
Policy_B_ConfidenceGated,9,19,1,1,0.8689149022102356,False,True,False,CLASS_1,2.656,4.5
Policy_B_ConfidenceGated,9,20,0,1,0.6295760869979858,True,False,False,ABSTAIN,2.609,4.5
Policy_B_ConfidenceGated,9,21,1,0,0.6511691212654114,True,False,False,ABSTAIN,2.685,4.5
Policy_B_ConfidenceGated,9,22,0,0,0.7812606692314148,True,False,False,ABSTAIN,2.657,4.5
Policy_B_ConfidenceGated,9,23,1,1,0.9593135714530945,False,True,False,CLASS_1,2.668,4.5
Policy_B_ConfidenceGated,9,24,1,1,0.9557769894599915,False,True,False,CLASS_1,2.692,4.5
Policy_B_ConfidenceGated,9,25,1,0,0.5782425999641418,True,False,False,ABSTAIN,2.84,4.5
Policy_B_ConfidenceGated,9,26,0,0,0.9464581608772278,False,True,False,CLASS_0,2.729,4.5
Policy_B_ConfidenceGated,9,27,0,0,0.6043503880500793,True,False,False,ABSTAIN,2.658,4.5
Policy_B_ConfidenceGated,9,28,0,1,0.7036556601524353,True,False,False,ABSTAIN,2.673,4.5
Policy_B_ConfidenceGated,9,29,0,1,0.5338387489318848,True,False,False,ABSTAIN,2.711,4.5
Policy_B_ConfidenceGated,9,30,0,1,0.6005273461341858,True,False,False,ABSTAIN,2.751,4.5
Policy_B_ConfidenceGated,9,31,1,1,0.9728724360466003,False,True,False,CLASS_1,2.931,4.5
Policy_B_ConfidenceGated,9,32,1,1,0.9702317118644714,False,True,False,CLASS_1,2.711,4.5
Policy_B_ConfidenceGated,9,33,1,1,0.9081999659538269,False,True,False,CLASS_1,2.787,4.5
Policy_B_ConfidenceGated,9,34,0,1,0.6239219903945923,True,False,False,ABSTAIN,2.86,4.5
Policy_B_ConfidenceGated,9,35,0,0,0.9087014198303223,False,True,False,CLASS_0,2.841,4.5
Policy_B_ConfidenceGated,9,36,1,1,0.9858433604240417,False,True,False,CLASS_1,2.817,4.5
Policy_B_ConfidenceGated,9,37,1,1,0.9834611415863037,False,True,False,CLASS_1,2.818,4.5
Policy_B_ConfidenceGated,9,38,0,1,0.7764264941215515,True,False,False,ABSTAIN,2.848,4.5
Policy_B_ConfidenceGated,9,39,0,0,0.7288803458213806,True,False,False,ABSTAIN,2.762,4.5
Policy_B_ConfidenceGated,9,40,1,1,0.6724131107330322,True,False,False,ABSTAIN,2.739,4.5
Policy_B_ConfidenceGated,9,41,1,1,0.9356510043144226,False,True,False,CLASS_1,2.866,4.5
Policy_B_ConfidenceGated,9,42,1,1,0.8592261672019958,False,True,False,CLASS_1,2.817,4.5
Policy_B_ConfidenceGated,9,43,1,1,0.9060842990875244,False,True,False,CLASS_1,2.81,4.5
Policy_B_ConfidenceGated,9,44,0,1,0.9606397747993469,False,False,True,CLASS_1,2.786,4.5
Policy_B_ConfidenceGated,9,45,1,1,0.8420398235321045,False,True,False,CLASS_1,2.722,4.5
Policy_B_ConfidenceGated,9,46,0,0,0.6292521357536316,True,False,False,ABSTAIN,2.861,4.5
Policy_B_ConfidenceGated,9,47,0,1,0.7421017289161682,True,False,False,ABSTAIN,2.783,4.5
Policy_B_ConfidenceGated,9,48,1,1,0.9873272776603699,False,True,False,CLASS_1,2.641,4.5
Policy_B_ConfidenceGated,9,49,1,1,0.9048797488212585,False,True,False,CLASS_1,2.575,4.5
Policy_B_ConfidenceGated,9,50,0,1,0.8630120158195496,False,False,True,CLASS_1,2.678,4.5
Policy_B_ConfidenceGated,9,51,0,0,0.5838841199874878,True,False,False,ABSTAIN,2.805,4.5
Policy_B_ConfidenceGated,9,52,0,1,0.8591252565383911,False,False,True,CLASS_1,2.801,4.5
Policy_B_ConfidenceGated,9,53,0,0,0.9076165556907654,False,True,False,CLASS_0,2.959,4.5
Policy_B_ConfidenceGated,9,54,0,1,0.5743942856788635,True,False,False,ABSTAIN,2.866,4.5
Policy_B_ConfidenceGated,9,55,0,0,0.5364788174629211,True,False,False,ABSTAIN,2.774,4.5
Policy_B_ConfidenceGated,9,56,0,1,0.7870989441871643,True,False,False,ABSTAIN,2.973,4.5
Policy_B_ConfidenceGated,9,57,1,1,0.9464164972305298,False,True,False,CLASS_1,2.876,4.5
Policy_B_ConfidenceGated,9,58,1,1,0.988698422908783,False,True,False,CLASS_1,6.356,4.5
Policy_B_ConfidenceGated,9,59,1,1,0.8502680063247681,False,True,False,CLASS_1,8.852,4.5
Policy_B_ConfidenceGated,9,60,1,1,0.996507465839386,False,True,False,CLASS_1,4.298,4.5
Policy_B_ConfidenceGated,9,61,1,1,0.7610759735107422,True,False,False,ABSTAIN,4.073,4.5
Policy_B_ConfidenceGated,9,62,0,1,0.847085177898407,False,False,True,CLASS_1,3.579,4.5
Policy_B_ConfidenceGated,9,63,0,0,0.5025131106376648,True,False,False,ABSTAIN,3.147,4.5
Policy_B_ConfidenceGated,9,64,1,1,0.9738967418670654,False,True,False,CLASS_1,2.395,4.5
Policy_B_ConfidenceGated,9,65,0,0,0.6087245345115662,True,False,False,ABSTAIN,2.446,4.5
Policy_B_ConfidenceGated,9,66,0,0,0.8127461075782776,True,False,False,ABSTAIN,2.387,4.5
Policy_B_ConfidenceGated,9,67,1,1,0.9838706254959106,False,True,False,CLASS_1,2.416,4.5
Policy_B_ConfidenceGated,9,68,0,0,0.7862567901611328,True,False,False,ABSTAIN,2.482,4.5
Policy_B_ConfidenceGated,9,69,0,0,0.9293164610862732,False,True,False,CLASS_0,2.467,4.5
Policy_B_ConfidenceGated,9,70,0,0,0.7513970732688904,True,False,False,ABSTAIN,2.343,4.5
Policy_B_ConfidenceGated,9,71,0,0,0.7750348448753357,True,False,False,ABSTAIN,5.874,4.5
Policy_B_ConfidenceGated,9,72,1,1,0.9113484621047974,False,True,False,CLASS_1,2.592,4.5
Policy_B_ConfidenceGated,9,73,1,1,0.9859166741371155,False,True,False,CLASS_1,2.595,4.5
Policy_B_ConfidenceGated,9,74,1,1,0.9907734394073486,False,True,False,CLASS_1,2.715,4.5
Policy_B_ConfidenceGated,9,75,1,1,0.9866909980773926,False,True,False,CLASS_1,2.785,4.5
Policy_B_ConfidenceGated,9,76,1,1,0.9880891442298889,False,True,False,CLASS_1,2.826,4.5
Policy_B_ConfidenceGated,9,77,0,0,0.9522749185562134,False,True,False,CLASS_0,2.681,4.5
Policy_B_ConfidenceGated,9,78,1,1,0.9655433893203735,False,True,False,CLASS_1,2.746,4.5
Policy_B_ConfidenceGated,9,79,1,1,0.9906421303749084,False,True,False,CLASS_1,3.187,4.5
Policy_B_ConfidenceGated,9,80,0,0,0.9608016014099121,False,True,False,CLASS_0,2.73,4.5
Policy_B_ConfidenceGated,9,81,0,1,0.9696817398071289,False,False,True,CLASS_1,2.529,4.5
Policy_B_ConfidenceGated,9,82,0,1,0.8139932751655579,True,False,False,ABSTAIN,2.469,4.5
Policy_B_ConfidenceGated,9,83,0,0,0.9188118577003479,False,True,False,CLASS_0,2.6,4.5
Policy_B_ConfidenceGated,9,84,0,0,0.811604380607605,True,False,False,ABSTAIN,2.684,4.5
Policy_B_ConfidenceGated,9,85,0,0,0.7157654166221619,True,False,False,ABSTAIN,2.563,4.5
Policy_B_ConfidenceGated,9,86,0,0,0.815090000629425,True,False,False,ABSTAIN,2.632,4.5
Policy_B_ConfidenceGated,9,87,1,1,0.955707848072052,False,True,False,CLASS_1,2.595,4.5
Policy_B_ConfidenceGated,9,88,0,0,0.9889991879463196,False,True,False,CLASS_0,2.601,4.5
Policy_B_ConfidenceGated,9,89,1,1,0.9930798411369324,False,True,False,CLASS_1,2.695,4.5
Policy_B_ConfidenceGated,9,90,0,0,0.8204991817474365,True,False,False,ABSTAIN,2.678,4.5
Policy_B_ConfidenceGated,9,91,1,1,0.923984944820404,False,True,False,CLASS_1,2.617,4.5
Policy_B_ConfidenceGated,9,92,1,1,0.9839802980422974,False,True,False,CLASS_1,2.582,4.5
Policy_B_ConfidenceGated,9,93,0,1,0.9579248428344727,False,False,True,CLASS_1,2.719,4.5
Policy_B_ConfidenceGated,9,94,0,0,0.5090544819831848,True,False,False,ABSTAIN,2.685,4.5
Policy_B_ConfidenceGated,9,95,1,1,0.9462628364562988,False,True,False,CLASS_1,2.718,4.5
Policy_B_ConfidenceGated,9,96,1,1,0.9589862823486328,False,True,False,CLASS_1,2.818,4.5
Policy_B_ConfidenceGated,9,97,1,1,0.7791280150413513,True,False,False,ABSTAIN,2.973,4.5
Policy_B_ConfidenceGated,9,98,1,1,0.989986002445221,False,True,False,CLASS_1,4.606,4.5
Policy_B_ConfidenceGated,9,99,0,1,0.8850383162498474,False,False,True,CLASS_1,3.207,4.5
Policy_B_ConfidenceGated,9,100,0,0,0.8134217858314514,True,False,False,ABSTAIN,3.07,4.5
Policy_B_ConfidenceGated,9,101,0,1,0.5600269436836243,True,False,False,ABSTAIN,3.2,4.5
Policy_B_ConfidenceGated,9,102,0,0,0.9827728271484375,False,True,False,CLASS_0,3.099,4.5
Policy_B_ConfidenceGated,9,103,1,1,0.9885507225990295,False,True,False,CLASS_1,3.501,4.5
Policy_B_ConfidenceGated,9,104,0,1,0.9749423861503601,False,False,True,CLASS_1,3.504,4.5
Policy_B_ConfidenceGated,9,105,0,1,0.5581586956977844,True,False,False,ABSTAIN,3.386,4.5
Policy_B_ConfidenceGated,9,106,1,1,0.9939271807670593,False,True,False,CLASS_1,3.726,4.5
Policy_B_ConfidenceGated,9,107,1,1,0.827488124370575,True,False,False,ABSTAIN,3.307,4.5
Policy_B_ConfidenceGated,9,108,0,0,0.9035969376564026,False,True,False,CLASS_0,6.906,4.5
Policy_B_ConfidenceGated,9,109,0,1,0.886810839176178,False,False,True,CLASS_1,4.054,4.5
Policy_B_ConfidenceGated,9,110,1,1,0.9312602281570435,False,True,False,CLASS_1,3.549,4.5
Policy_B_ConfidenceGated,9,111,1,0,0.6213180422782898,True,False,False,ABSTAIN,3.499,4.5
Policy_B_ConfidenceGated,9,112,1,1,0.5081568956375122,True,False,False,ABSTAIN,4.107,4.5
Policy_B_ConfidenceGated,9,113,1,1,0.8996497988700867,False,True,False,CLASS_1,3.859,4.5
Policy_B_ConfidenceGated,9,114,1,1,0.9646632075309753,False,True,False,CLASS_1,3.808,4.5
Policy_B_ConfidenceGated,9,115,1,1,0.9679598212242126,False,True,False,CLASS_1,4.098,4.5
Policy_B_ConfidenceGated,9,116,1,1,0.9106206297874451,False,True,False,CLASS_1,4.457,4.5
Policy_B_ConfidenceGated,9,117,0,0,0.9375000596046448,False,True,False,CLASS_0,4.435,4.5
Policy_B_ConfidenceGated,9,118,1,1,0.9519590735435486,False,True,False,CLASS_1,4.367,4.5
Policy_B_ConfidenceGated,9,119,1,1,0.9762150645256042,False,True,False,CLASS_1,4.524,4.5
Policy_B_ConfidenceGated,9,120,0,0,0.9418653845787048,False,True,False,CLASS_0,5.058,4.5
Policy_B_ConfidenceGated,9,121,1,1,0.9985034465789795,False,True,False,CLASS_1,5.334,4.5
Policy_B_ConfidenceGated,9,122,0,0,0.744425356388092,True,False,False,ABSTAIN,5.192,4.5
Policy_B_ConfidenceGated,9,123,1,1,0.9924503564834595,False,True,False,CLASS_1,5.837,4.5
Policy_B_ConfidenceGated,9,124,1,1,0.7976834177970886,True,False,False,ABSTAIN,5.774,4.5
Policy_B_ConfidenceGated,9,125,0,0,0.7073579430580139,True,False,False,ABSTAIN,5.662,4.5
Policy_B_ConfidenceGated,9,126,1,1,0.9893989562988281,False,True,False,CLASS_1,5.546,4.5
Policy_B_ConfidenceGated,9,127,0,0,0.9897512197494507,False,True,False,CLASS_0,6.387,4.5
Policy_B_ConfidenceGated,9,128,1,1,0.6625502705574036,True,False,False,ABSTAIN,6.789,4.5
Policy_B_ConfidenceGated,9,129,1,1,0.9450638890266418,False,True,False,CLASS_1,5.627,4.5
Policy_B_ConfidenceGated,9,130,1,1,0.7099641561508179,True,False,False,ABSTAIN,5.885,4.5
Policy_B_ConfidenceGated,9,131,0,1,0.8883184790611267,False,False,True,CLASS_1,5.573,4.5
Policy_B_ConfidenceGated,9,132,1,1,0.8465541005134583,False,True,False,CLASS_1,5.795,4.5
Policy_B_ConfidenceGated,9,133,0,0,0.7425033450126648,True,False,False,ABSTAIN,6.629,4.5
Policy_B_ConfidenceGated,9,134,0,1,0.6175804138183594,True,False,False,ABSTAIN,6.304,4.5
Policy_B_ConfidenceGated,9,135,0,0,0.6157388687133789,True,False,False,ABSTAIN,5.733,4.5
Policy_B_ConfidenceGated,9,136,1,1,0.9931066632270813,False,True,False,CLASS_1,5.678,4.5
Policy_B_ConfidenceGated,9,137,0,0,0.8942484259605408,False,True,False,CLASS_0,5.553,4.5
Policy_B_ConfidenceGated,9,138,0,0,0.8066681027412415,True,False,False,ABSTAIN,6.286,4.5
Policy_B_ConfidenceGated,9,139,0,0,0.790871262550354,True,False,False,ABSTAIN,6.148,4.5
Policy_B_ConfidenceGated,9,140,0,1,0.7040022611618042,True,False,False,ABSTAIN,5.811,4.5
Policy_B_ConfidenceGated,9,141,1,1,0.9876202940940857,False,True,False,CLASS_1,5.621,4.5
Policy_B_ConfidenceGated,9,142,1,1,0.8529413938522339,False,True,False,CLASS_1,6.514,4.5
Policy_B_ConfidenceGated,9,143,1,1,0.8943374752998352,False,True,False,CLASS_1,5.7,4.5
Policy_B_ConfidenceGated,9,144,0,1,0.9486092925071716,False,False,True,CLASS_1,5.939,4.5
Policy_B_ConfidenceGated,9,145,0,0,0.9827473759651184,False,True,False,CLASS_0,5.594,4.5
Policy_B_ConfidenceGated,9,146,0,0,0.6544286012649536,True,False,False,ABSTAIN,5.823,4.5
Policy_B_ConfidenceGated,9,147,1,1,0.9905940294265747,False,True,False,CLASS_1,6.286,4.5
Policy_B_ConfidenceGated,9,148,0,1,0.805205225944519,True,False,False,ABSTAIN,10.362,4.5
Policy_B_ConfidenceGated,9,149,1,1,0.9686337113380432,False,True,False,CLASS_1,5.576,4.5
Policy_B_ConfidenceGated,9,150,1,1,0.9391576647758484,False,True,False,CLASS_1,4.946,4.5
Policy_B_ConfidenceGated,9,151,1,1,0.96145099401474,False,True,False,CLASS_1,5.565,4.5
Policy_B_ConfidenceGated,9,152,1,1,0.6919048428535461,True,False,False,ABSTAIN,6.019,4.5
Policy_B_ConfidenceGated,9,153,0,1,0.77931809425354,True,False,False,ABSTAIN,5.75,4.5
Policy_B_ConfidenceGated,9,154,1,1,0.508286714553833,True,False,False,ABSTAIN,8.522,4.5
Policy_B_ConfidenceGated,9,155,0,0,0.9902895092964172,False,True,False,CLASS_0,7.507,4.5
Policy_B_ConfidenceGated,9,156,0,0,0.8374020457267761,False,True,False,CLASS_0,5.34,4.5
Policy_B_ConfidenceGated,9,157,1,1,0.9934167861938477,False,True,False,CLASS_1,5.3,4.5
Policy_B_ConfidenceGated,9,158,1,1,0.9156294465065002,False,True,False,CLASS_1,5.747,4.5
Policy_B_ConfidenceGated,9,159,0,0,0.9342018961906433,False,True,False,CLASS_0,5.748,4.5
Policy_B_ConfidenceGated,9,160,0,0,0.746900737285614,True,False,False,ABSTAIN,5.37,4.5
Policy_C_SharedControl,9,1,1,1,0.9881367683410645,False,True,False,SELECT_RIGHT,5.506,4.5
Policy_C_SharedControl,9,2,0,1,0.9377851486206055,False,False,True,REACH_FORWARD,5.286,4.5
Policy_C_SharedControl,9,3,0,1,0.6941365599632263,True,False,False,ABSTAIN,5.397,4.5
Policy_C_SharedControl,9,4,1,1,0.967278003692627,False,True,False,GRASP_CLOSE,5.385,4.5
Policy_C_SharedControl,9,5,0,0,0.7086763978004456,True,False,False,ABSTAIN,5.306,4.5
Policy_C_SharedControl,9,6,0,1,0.9533615112304688,False,False,True,GRASP_CLOSE,5.329,4.5
Policy_C_SharedControl,9,7,0,0,0.6249896883964539,True,False,False,ABSTAIN,5.269,4.5
Policy_C_SharedControl,9,8,1,1,0.9855690598487854,False,True,False,GRASP_CLOSE,5.946,4.5
Policy_C_SharedControl,9,9,0,0,0.7344536185264587,True,False,False,ABSTAIN,6.076,4.5
Policy_C_SharedControl,9,10,0,1,0.5385709404945374,True,False,False,ABSTAIN,6.267,4.5
Policy_C_SharedControl,9,11,1,1,0.8064214587211609,True,False,False,ABSTAIN,6.211,4.5
Policy_C_SharedControl,9,12,1,1,0.7484149932861328,True,False,False,ABSTAIN,5.367,4.5
Policy_C_SharedControl,9,13,1,1,0.8018635511398315,True,False,False,ABSTAIN,5.99,4.5
Policy_C_SharedControl,9,14,0,0,0.8833139538764954,False,True,False,GRASP_OPEN,6.29,4.5
Policy_C_SharedControl,9,15,1,1,0.9299205541610718,False,True,False,GRASP_CLOSE,6.355,4.5
Policy_C_SharedControl,9,16,1,1,0.9548635482788086,False,True,False,GRASP_CLOSE,5.572,4.5
Policy_C_SharedControl,9,17,1,1,0.9888372421264648,False,True,False,GRASP_CLOSE,5.59,4.5
Policy_C_SharedControl,9,18,0,1,0.9378353357315063,False,False,True,GRASP_CLOSE,5.498,4.5
Policy_C_SharedControl,9,19,1,1,0.8689149022102356,False,True,False,GRASP_CLOSE,6.312,4.5
Policy_C_SharedControl,9,20,0,1,0.6295760869979858,True,False,False,ABSTAIN,6.592,4.5
Policy_C_SharedControl,9,21,1,0,0.6511691212654114,True,False,False,ABSTAIN,6.546,4.5
Policy_C_SharedControl,9,22,0,0,0.7812606692314148,True,False,False,ABSTAIN,6.268,4.5
Policy_C_SharedControl,9,23,1,1,0.9593135714530945,False,True,False,GRASP_CLOSE,6.559,4.5
Policy_C_SharedControl,9,24,1,1,0.9557769894599915,False,True,False,GRASP_CLOSE,6.198,4.5
Policy_C_SharedControl,9,25,1,0,0.5782425999641418,True,False,False,ABSTAIN,5.869,4.5
Policy_C_SharedControl,9,26,0,0,0.9464581608772278,False,True,False,GRASP_OPEN,5.57,4.5
Policy_C_SharedControl,9,27,0,0,0.6043503880500793,True,False,False,ABSTAIN,5.622,4.5
Policy_C_SharedControl,9,28,0,1,0.7036556601524353,True,False,False,ABSTAIN,6.382,4.5
Policy_C_SharedControl,9,29,0,1,0.5338387489318848,True,False,False,ABSTAIN,5.555,4.5
Policy_C_SharedControl,9,30,0,1,0.6005273461341858,True,False,False,ABSTAIN,5.835,4.5
Policy_C_SharedControl,9,31,1,1,0.9728724360466003,False,True,False,GRASP_CLOSE,9.334,4.5
Policy_C_SharedControl,9,32,1,1,0.9702317118644714,False,True,False,GRASP_CLOSE,6.01,4.5
Policy_C_SharedControl,9,33,1,1,0.9081999659538269,False,True,False,GRASP_CLOSE,6.409,4.5
Policy_C_SharedControl,9,34,0,1,0.6239219903945923,True,False,False,ABSTAIN,27.433,4.5
Policy_C_SharedControl,9,35,0,0,0.9087014198303223,False,True,False,GRASP_OPEN,8.451,4.5
Policy_C_SharedControl,9,36,1,1,0.9858433604240417,False,True,False,GRASP_CLOSE,6.725,4.5
Policy_C_SharedControl,9,37,1,1,0.9834611415863037,False,True,False,GRASP_CLOSE,7.129,4.5
Policy_C_SharedControl,9,38,0,1,0.7764264941215515,True,False,False,ABSTAIN,5.822,4.5
Policy_C_SharedControl,9,39,0,0,0.7288803458213806,True,False,False,ABSTAIN,5.649,4.5
Policy_C_SharedControl,9,40,1,1,0.6724131107330322,True,False,False,ABSTAIN,5.811,4.5
Policy_C_SharedControl,9,41,1,1,0.9356510043144226,False,True,False,GRASP_CLOSE,6.05,4.5
Policy_C_SharedControl,9,42,1,1,0.8592261672019958,False,True,False,GRASP_CLOSE,6.299,4.5
Policy_C_SharedControl,9,43,1,1,0.9060842990875244,False,True,False,GRASP_CLOSE,6.289,4.5
Policy_C_SharedControl,9,44,0,1,0.9606397747993469,False,False,True,GRASP_CLOSE,4.765,4.5
Policy_C_SharedControl,9,45,1,1,0.8420398235321045,False,True,False,GRASP_CLOSE,4.927,4.5
Policy_C_SharedControl,9,46,0,0,0.6292521357536316,True,False,False,ABSTAIN,5.465,4.5
Policy_C_SharedControl,9,47,0,1,0.7421017289161682,True,False,False,ABSTAIN,5.364,4.5
Policy_C_SharedControl,9,48,1,1,0.9873272776603699,False,True,False,GRASP_CLOSE,5.396,4.5
Policy_C_SharedControl,9,49,1,1,0.9048797488212585,False,True,False,GRASP_CLOSE,5.885,4.5
Policy_C_SharedControl,9,50,0,1,0.8630120158195496,False,False,True,GRASP_CLOSE,5.671,4.5
Policy_C_SharedControl,9,51,0,0,0.5838841199874878,True,False,False,ABSTAIN,5.814,4.5
Policy_C_SharedControl,9,52,0,1,0.8591252565383911,False,False,True,GRASP_CLOSE,6.358,4.5
Policy_C_SharedControl,9,53,0,0,0.9076165556907654,False,True,False,GRASP_OPEN,6.342,4.5
Policy_C_SharedControl,9,54,0,1,0.5743942856788635,True,False,False,ABSTAIN,6.391,4.5
Policy_C_SharedControl,9,55,0,0,0.5364788174629211,True,False,False,ABSTAIN,6.206,4.5
Policy_C_SharedControl,9,56,0,1,0.7870989441871643,True,False,False,ABSTAIN,6.753,4.5
Policy_C_SharedControl,9,57,1,1,0.9464164972305298,False,True,False,GRASP_CLOSE,6.491,4.5
Policy_C_SharedControl,9,58,1,1,0.988698422908783,False,True,False,GRASP_CLOSE,5.656,4.5
Policy_C_SharedControl,9,59,1,1,0.8502680063247681,False,True,False,GRASP_CLOSE,6.476,4.5
Policy_C_SharedControl,9,60,1,1,0.996507465839386,False,True,False,GRASP_CLOSE,6.911,4.5
Policy_C_SharedControl,9,61,1,1,0.7610759735107422,True,False,False,ABSTAIN,5.809,4.5
Policy_C_SharedControl,9,62,0,1,0.847085177898407,False,False,True,GRASP_CLOSE,5.766,4.5
Policy_C_SharedControl,9,63,0,0,0.5025131106376648,True,False,False,ABSTAIN,5.765,4.5
Policy_C_SharedControl,9,64,1,1,0.9738967418670654,False,True,False,GRASP_CLOSE,7.632,4.5
Policy_C_SharedControl,9,65,0,0,0.6087245345115662,True,False,False,ABSTAIN,6.709,4.5
Policy_C_SharedControl,9,66,0,0,0.8127461075782776,True,False,False,ABSTAIN,5.923,4.5
Policy_C_SharedControl,9,67,1,1,0.9838706254959106,False,True,False,GRASP_CLOSE,6.206,4.5
Policy_C_SharedControl,9,68,0,0,0.7862567901611328,True,False,False,ABSTAIN,5.875,4.5
Policy_C_SharedControl,9,69,0,0,0.9293164610862732,False,True,False,GRASP_OPEN,5.492,4.5
Policy_C_SharedControl,9,70,0,0,0.7513970732688904,True,False,False,ABSTAIN,5.717,4.5
Policy_C_SharedControl,9,71,0,0,0.7750348448753357,True,False,False,ABSTAIN,5.664,4.5
Policy_C_SharedControl,9,72,1,1,0.9113484621047974,False,True,False,GRASP_CLOSE,5.511,4.5
Policy_C_SharedControl,9,73,1,1,0.9859166741371155,False,True,False,GRASP_CLOSE,6.049,4.5
Policy_C_SharedControl,9,74,1,1,0.9907734394073486,False,True,False,GRASP_CLOSE,5.535,4.5
Policy_C_SharedControl,9,75,1,1,0.9866909980773926,False,True,False,GRASP_CLOSE,5.664,4.5
Policy_C_SharedControl,9,76,1,1,0.9880891442298889,False,True,False,GRASP_CLOSE,5.745,4.5
Policy_C_SharedControl,9,77,0,0,0.9522749185562134,False,True,False,GRASP_OPEN,5.892,4.5
Policy_C_SharedControl,9,78,1,1,0.9655433893203735,False,True,False,GRASP_CLOSE,6.363,4.5
Policy_C_SharedControl,9,79,1,1,0.9906421303749084,False,True,False,GRASP_CLOSE,6.569,4.5
Policy_C_SharedControl,9,80,0,0,0.9608016014099121,False,True,False,GRASP_OPEN,5.578,4.5
Policy_C_SharedControl,9,81,0,1,0.9696817398071289,False,False,True,GRASP_CLOSE,6.338,4.5
Policy_C_SharedControl,9,82,0,1,0.8139932751655579,True,False,False,ABSTAIN,6.454,4.5
Policy_C_SharedControl,9,83,0,0,0.9188118577003479,False,True,False,GRASP_OPEN,6.521,4.5
Policy_C_SharedControl,9,84,0,0,0.811604380607605,True,False,False,ABSTAIN,5.797,4.5
Policy_C_SharedControl,9,85,0,0,0.7157654166221619,True,False,False,ABSTAIN,6.306,4.5
Policy_C_SharedControl,9,86,0,0,0.815090000629425,True,False,False,ABSTAIN,6.334,4.5
Policy_C_SharedControl,9,87,1,1,0.955707848072052,False,True,False,GRASP_CLOSE,6.405,4.5
Policy_C_SharedControl,9,88,0,0,0.9889991879463196,False,True,False,GRASP_OPEN,6.617,4.5
Policy_C_SharedControl,9,89,1,1,0.9930798411369324,False,True,False,GRASP_CLOSE,6.374,4.5
Policy_C_SharedControl,9,90,0,0,0.8204991817474365,True,False,False,ABSTAIN,5.724,4.5
Policy_C_SharedControl,9,91,1,1,0.923984944820404,False,True,False,GRASP_CLOSE,6.329,4.5
Policy_C_SharedControl,9,92,1,1,0.9839802980422974,False,True,False,GRASP_CLOSE,6.878,4.5
Policy_C_SharedControl,9,93,0,1,0.9579248428344727,False,False,True,GRASP_CLOSE,6.64,4.5
Policy_C_SharedControl,9,94,0,0,0.5090544819831848,True,False,False,ABSTAIN,6.428,4.5
Policy_C_SharedControl,9,95,1,1,0.9462628364562988,False,True,False,GRASP_CLOSE,7.014,4.5
Policy_C_SharedControl,9,96,1,1,0.9589862823486328,False,True,False,GRASP_CLOSE,8.968,4.5
Policy_C_SharedControl,9,97,1,1,0.7791280150413513,True,False,False,ABSTAIN,6.08,4.5
Policy_C_SharedControl,9,98,1,1,0.989986002445221,False,True,False,GRASP_CLOSE,5.566,4.5
Policy_C_SharedControl,9,99,0,1,0.8850383162498474,False,False,True,GRASP_CLOSE,5.589,4.5
Policy_C_SharedControl,9,100,0,0,0.8134217858314514,True,False,False,ABSTAIN,5.481,4.5
Policy_C_SharedControl,9,101,0,1,0.5600269436836243,True,False,False,ABSTAIN,5.527,4.5
Policy_C_SharedControl,9,102,0,0,0.9827728271484375,False,True,False,GRASP_OPEN,6.247,4.5
Policy_C_SharedControl,9,103,1,1,0.9885507225990295,False,True,False,GRASP_CLOSE,5.593,4.5
Policy_C_SharedControl,9,104,0,1,0.9749423861503601,False,False,True,GRASP_CLOSE,6.184,4.5
Policy_C_SharedControl,9,105,0,1,0.5581586956977844,True,False,False,ABSTAIN,5.818,4.5
Policy_C_SharedControl,9,106,1,1,0.9939271807670593,False,True,False,GRASP_CLOSE,5.597,4.5
Policy_C_SharedControl,9,107,1,1,0.827488124370575,True,False,False,ABSTAIN,5.484,4.5
Policy_C_SharedControl,9,108,0,0,0.9035969376564026,False,True,False,GRASP_OPEN,5.832,4.5
Policy_C_SharedControl,9,109,0,1,0.886810839176178,False,False,True,GRASP_CLOSE,6.253,4.5
Policy_C_SharedControl,9,110,1,1,0.9312602281570435,False,True,False,GRASP_CLOSE,6.245,4.5
Policy_C_SharedControl,9,111,1,0,0.6213180422782898,True,False,False,ABSTAIN,5.598,4.5
Policy_C_SharedControl,9,112,1,1,0.5081568956375122,True,False,False,ABSTAIN,5.677,4.5
Policy_C_SharedControl,9,113,1,1,0.8996497988700867,False,True,False,GRASP_CLOSE,5.664,4.5
Policy_C_SharedControl,9,114,1,1,0.9646632075309753,False,True,False,GRASP_CLOSE,5.972,4.5
Policy_C_SharedControl,9,115,1,1,0.9679598212242126,False,True,False,GRASP_CLOSE,6.41,4.5
Policy_C_SharedControl,9,116,1,1,0.9106206297874451,False,True,False,GRASP_CLOSE,6.537,4.5
Policy_C_SharedControl,9,117,0,0,0.9375000596046448,False,True,False,GRASP_OPEN,5.672,4.5
Policy_C_SharedControl,9,118,1,1,0.9519590735435486,False,True,False,GRASP_CLOSE,5.543,4.5
Policy_C_SharedControl,9,119,1,1,0.9762150645256042,False,True,False,GRASP_CLOSE,5.678,4.5
Policy_C_SharedControl,9,120,0,0,0.9418653845787048,False,True,False,GRASP_OPEN,6.269,4.5
Policy_C_SharedControl,9,121,1,1,0.9985034465789795,False,True,False,GRASP_CLOSE,5.527,4.5
Policy_C_SharedControl,9,122,0,0,0.744425356388092,True,False,False,ABSTAIN,5.66,4.5
Policy_C_SharedControl,9,123,1,1,0.9924503564834595,False,True,False,GRASP_CLOSE,5.552,4.5
Policy_C_SharedControl,9,124,1,1,0.7976834177970886,True,False,False,ABSTAIN,6.192,4.5
Policy_C_SharedControl,9,125,0,0,0.7073579430580139,True,False,False,ABSTAIN,6.797,4.5
Policy_C_SharedControl,9,126,1,1,0.9893989562988281,False,True,False,GRASP_CLOSE,6.414,4.5
Policy_C_SharedControl,9,127,0,0,0.9897512197494507,False,True,False,GRASP_OPEN,6.537,4.5
Policy_C_SharedControl,9,128,1,1,0.6625502705574036,True,False,False,ABSTAIN,6.53,4.5
Policy_C_SharedControl,9,129,1,1,0.9450638890266418,False,True,False,GRASP_CLOSE,7.342,4.5
Policy_C_SharedControl,9,130,1,1,0.7099641561508179,True,False,False,ABSTAIN,7.221,4.5
Policy_C_SharedControl,9,131,0,1,0.8883184790611267,False,False,True,GRASP_CLOSE,6.544,4.5
Policy_C_SharedControl,9,132,1,1,0.8465541005134583,False,True,False,GRASP_CLOSE,6.479,4.5
Policy_C_SharedControl,9,133,0,0,0.7425033450126648,True,False,False,ABSTAIN,6.402,4.5
Policy_C_SharedControl,9,134,0,1,0.6175804138183594,True,False,False,ABSTAIN,6.253,4.5
Policy_C_SharedControl,9,135,0,0,0.6157388687133789,True,False,False,ABSTAIN,6.486,4.5
Policy_C_SharedControl,9,136,1,1,0.9931066632270813,False,True,False,GRASP_CLOSE,6.466,4.5
Policy_C_SharedControl,9,137,0,0,0.8942484259605408,False,True,False,GRASP_OPEN,6.492,4.5
Policy_C_SharedControl,9,138,0,0,0.8066681027412415,True,False,False,ABSTAIN,6.361,4.5
Policy_C_SharedControl,9,139,0,0,0.790871262550354,True,False,False,ABSTAIN,6.236,4.5
Policy_C_SharedControl,9,140,0,1,0.7040022611618042,True,False,False,ABSTAIN,5.745,4.5
Policy_C_SharedControl,9,141,1,1,0.9876202940940857,False,True,False,GRASP_CLOSE,6.007,4.5
Policy_C_SharedControl,9,142,1,1,0.8529413938522339,False,True,False,GRASP_CLOSE,5.539,4.5
Policy_C_SharedControl,9,143,1,1,0.8943374752998352,False,True,False,GRASP_CLOSE,5.946,4.5
Policy_C_SharedControl,9,144,0,1,0.9486092925071716,False,False,True,GRASP_CLOSE,5.668,4.5
Policy_C_SharedControl,9,145,0,0,0.9827473759651184,False,True,False,GRASP_OPEN,6.041,4.5
Policy_C_SharedControl,9,146,0,0,0.6544286012649536,True,False,False,ABSTAIN,6.873,4.5
Policy_C_SharedControl,9,147,1,1,0.9905940294265747,False,True,False,GRASP_CLOSE,6.461,4.5
Policy_C_SharedControl,9,148,0,1,0.805205225944519,True,False,False,ABSTAIN,5.797,4.5
Policy_C_SharedControl,9,149,1,1,0.9686337113380432,False,True,False,GRASP_CLOSE,5.559,4.5
Policy_C_SharedControl,9,150,1,1,0.9391576647758484,False,True,False,GRASP_CLOSE,5.714,4.5
Policy_C_SharedControl,9,151,1,1,0.96145099401474,False,True,False,GRASP_CLOSE,6.448,4.5
Policy_C_SharedControl,9,152,1,1,0.6919048428535461,True,False,False,ABSTAIN,5.736,4.5
Policy_C_SharedControl,9,153,0,1,0.77931809425354,True,False,False,ABSTAIN,5.879,4.5
Policy_C_SharedControl,9,154,1,1,0.508286714553833,True,False,False,ABSTAIN,6.108,4.5
Policy_C_SharedControl,9,155,0,0,0.9902895092964172,False,True,False,GRASP_OPEN,6.578,4.5
Policy_C_SharedControl,9,156,0,0,0.8374020457267761,False,True,False,GRASP_OPEN,6.321,4.5
Policy_C_SharedControl,9,157,1,1,0.9934167861938477,False,True,False,GRASP_CLOSE,5.678,4.5
Policy_C_SharedControl,9,158,1,1,0.9156294465065002,False,True,False,GRASP_CLOSE,5.493,4.5
Policy_C_SharedControl,9,159,0,0,0.9342018961906433,False,True,False,GRASP_OPEN,5.742,4.5
Policy_C_SharedControl,9,160,0,0,0.746900737285614,True,False,False,ABSTAIN,6.063,4.5
